{"textures":{"0":"modelengine:entity/pumpkin3"},"elements":[{"from":[6.7951255,3.6222963,8.017328],"to":[7.9379826,8.193725,8.074471],"rotation":{"angle":-22.5,"axis":"z","origin":[7.423697,5.9080105,8.074471]},"faces":{"east":{"uv":[12.529411,14.588235,12.588235,15.058824],"rotation":0,"texture":"#0","tintindex":0},"south":{"uv":[13.058824,14.058824,13.176471,14.529411],"rotation":0,"texture":"#0","tintindex":0},"north":{"uv":[6.0,14.058824,6.117647,14.529411],"rotation":0,"texture":"#0","tintindex":0},"west":{"uv":[13.176471,14.588235,13.235294,15.058824],"rotation":0,"texture":"#0","tintindex":0},"up":{"uv":[11.117647,12.705882,11.0,12.6470585],"rotation":0,"texture":"#0","tintindex":0},"down":{"uv":[13.411765,5.8235292,13.294118,5.882353],"rotation":0,"texture":"#0","tintindex":0}}}],"display":{"head":{"translation":[0.0,-6.4,0.0],"scale":[4.0,4.0,4.0]}}}