{"textures":{"0":"modelengine:entity/pumpkin3"},"elements":[{"from":[6.6857142,5.028571,7.142857],"to":[7.8285713,10.171429,7.2],"rotation":{"angle":22.5,"axis":"x","origin":[8.0,8.457143,8.0]},"faces":{"east":{"uv":[14.529411,0.0,14.588235,0.5294118],"rotation":0,"texture":"#0","tintindex":0},"south":{"uv":[5.8235292,14.058824,5.9411764,14.588235],"rotation":0,"texture":"#0","tintindex":0},"north":{"uv":[3.3529413,11.882353,3.4705882,12.411765],"rotation":0,"texture":"#0","tintindex":0},"west":{"uv":[0.7647059,14.529411,0.8235294,15.058824],"rotation":0,"texture":"#0","tintindex":0},"up":{"uv":[1.0588236,11.882353,0.9411765,11.823529],"rotation":0,"texture":"#0","tintindex":0},"down":{"uv":[12.6470585,10.6470585,12.529411,10.705882],"rotation":0,"texture":"#0","tintindex":0}}}],"display":{"head":{"translation":[0.0,-6.4,0.0],"scale":[4.0,4.0,4.0]}}}