{"textures":{"0":"modelengine:entity/pumpkin3"},"elements":[{"from":[6.0015254,1.5548377,7.9428573],"to":[11.144382,8.411981,8.0],"rotation":{"angle":-22.5,"axis":"x","origin":[8.0,8.457143,8.0]},"faces":{"east":{"uv":[12.882353,14.3529415,12.941176,15.058824],"rotation":0,"texture":"#0","tintindex":0},"south":{"uv":[11.764706,8.823529,12.294118,9.529411],"rotation":0,"texture":"#0","tintindex":0},"north":{"uv":[3.5294118,11.764706,4.0588236,12.470589],"rotation":0,"texture":"#0","tintindex":0},"west":{"uv":[13.411765,14.3529415,13.470589,15.058824],"rotation":0,"texture":"#0","tintindex":0},"up":{"uv":[15.0,2.4705882,14.470589,2.4117646],"rotation":0,"texture":"#0","tintindex":0},"down":{"uv":[15.0,2.5294118,14.470589,2.5882354],"rotation":0,"texture":"#0","tintindex":0}}}],"display":{"head":{"translation":[0.0,-6.4,0.0],"scale":[4.0,4.0,4.0]}}}