{"textures":{"0":"modelengine:entity/pumpkin3"},"elements":[{"from":[4.4047356,1.5547452,7.9428573],"to":[11.833307,8.411888,8.0],"rotation":{"angle":-22.5,"axis":"x","origin":[8.0,8.457143,8.0]},"faces":{"east":{"uv":[13.529411,14.3529415,13.588235,15.058824],"rotation":0,"texture":"#0","tintindex":0},"south":{"uv":[10.941176,8.823529,11.705882,9.529411],"rotation":0,"texture":"#0","tintindex":0},"north":{"uv":[6.2352943,10.705882,7.0,11.411765],"rotation":0,"texture":"#0","tintindex":0},"west":{"uv":[14.3529415,13.764706,14.411765,14.470589],"rotation":0,"texture":"#0","tintindex":0},"up":{"uv":[14.823529,12.823529,14.058824,12.764706],"rotation":0,"texture":"#0","tintindex":0},"down":{"uv":[15.0,2.2941177,14.235294,2.3529413],"rotation":0,"texture":"#0","tintindex":0}}}],"display":{"head":{"translation":[0.0,-6.4,0.0],"scale":[4.0,4.0,4.0]}}}