{"textures":{"0":"modelengine:entity/pumpkin3"},"elements":[{"from":[5.9940214,2.7416677,8.0],"to":[11.136879,8.455954,8.057143],"rotation":{"angle":22.5,"axis":"x","origin":[8.0,8.457143,8.0]},"faces":{"east":{"uv":[5.0,14.411765,5.0588236,15.0],"rotation":0,"texture":"#0","tintindex":0},"south":{"uv":[8.588235,12.117647,9.117647,12.705882],"rotation":0,"texture":"#0","tintindex":0},"north":{"uv":[12.117647,7.5882354,12.6470585,8.176471],"rotation":0,"texture":"#0","tintindex":0},"west":{"uv":[5.117647,14.411765,5.1764708,15.0],"rotation":0,"texture":"#0","tintindex":0},"up":{"uv":[15.0,1.7058823,14.470589,1.6470588],"rotation":0,"texture":"#0","tintindex":0},"down":{"uv":[15.0,1.7647059,14.470589,1.8235294],"rotation":0,"texture":"#0","tintindex":0}}}],"display":{"head":{"translation":[0.0,-6.4,0.0],"scale":[4.0,4.0,4.0]}}}