{"textures":{"0":"modelengine:entity/pumpkin3"},"elements":[{"from":[2.7201824,11.39172,9.647495],"to":[2.7773256,18.248863,14.218924],"rotation":{"angle":-22.5,"axis":"z","origin":[2.748754,14.8202915,11.933209]},"faces":{"east":{"uv":[12.117647,2.2941177,12.588235,3.0],"rotation":0,"texture":"#0","tintindex":0},"south":{"uv":[12.764706,14.3529415,12.823529,15.058824],"rotation":0,"texture":"#0","tintindex":0},"north":{"uv":[11.294118,14.3529415,11.3529415,15.058824],"rotation":0,"texture":"#0","tintindex":0},"west":{"uv":[12.117647,3.0588236,12.588235,3.764706],"rotation":0,"texture":"#0","tintindex":0},"up":{"uv":[12.3529415,15.058824,12.294118,14.588235],"rotation":0,"texture":"#0","tintindex":0},"down":{"uv":[12.470589,14.588235,12.411765,15.058824],"rotation":0,"texture":"#0","tintindex":0}}},{"from":[2.9227705,17.13478,10.790352],"to":[5.208485,19.420494,13.076067],"rotation":{"angle":-22.5,"axis":"z","origin":[2.3513422,16.649067,11.933209]},"faces":{"east":{"uv":[14.176471,7.7647057,14.411765,8.0],"rotation":0,"texture":"#0","tintindex":0},"south":{"uv":[8.0,14.176471,8.235294,14.411765],"rotation":0,"texture":"#0","tintindex":0},"north":{"uv":[14.176471,6.882353,14.411765,7.117647],"rotation":0,"texture":"#0","tintindex":0},"west":{"uv":[8.294118,14.176471,8.529411,14.411765],"rotation":0,"texture":"#0","tintindex":0},"up":{"uv":[9.529411,14.411765,9.294118,14.176471],"rotation":0,"texture":"#0","tintindex":0},"down":{"uv":[14.411765,11.588235,14.176471,11.823529],"rotation":0,"texture":"#0","tintindex":0}}},{"from":[4.166444,15.130232,9.647495],"to":[9.309301,16.27309,14.218924],"rotation":{"angle":-22.5,"axis":"z","origin":[7.937873,15.70166,11.933209]},"faces":{"east":{"uv":[14.058824,13.588235,14.529411,13.705882],"rotation":0,"texture":"#0","tintindex":0},"south":{"uv":[14.058824,1.1764706,14.588235,1.2941177],"rotation":0,"texture":"#0","tintindex":0},"north":{"uv":[0.7647059,14.058824,1.2941177,14.176471],"rotation":0,"texture":"#0","tintindex":0},"west":{"uv":[13.764706,14.058824,14.235294,14.176471],"rotation":0,"texture":"#0","tintindex":0},"up":{"uv":[13.176471,0.47058824,12.6470585,0.0],"rotation":0,"texture":"#0","tintindex":0},"down":{"uv":[13.176471,0.5294118,12.6470585,1.0],"rotation":0,"texture":"#0","tintindex":0}}},{"from":[8.338539,15.090685,9.076066],"to":[15.767111,16.804972,14.790352],"rotation":{"angle":0.0,"axis":"y","origin":[12.052826,15.090685,11.933209]},"faces":{"east":{"uv":[13.529411,6.9411764,14.117647,7.117647],"rotation":0,"texture":"#0","tintindex":0},"south":{"uv":[7.882353,13.411765,8.6470585,13.588235],"rotation":0,"texture":"#0","tintindex":0},"north":{"uv":[13.3529415,9.529411,14.117647,9.705882],"rotation":0,"texture":"#0","tintindex":0},"west":{"uv":[13.529411,7.8235292,14.117647,8.0],"rotation":0,"texture":"#0","tintindex":0},"up":{"uv":[11.705882,10.176471,10.941176,9.588235],"rotation":0,"texture":"#0","tintindex":0},"down":{"uv":[3.4705882,11.235294,2.7058823,11.823529],"rotation":0,"texture":"#0","tintindex":0}}},{"from":[14.465933,16.50621,10.790352],"to":[16.751648,18.791924,13.076067],"rotation":{"angle":22.5,"axis":"z","origin":[17.323074,16.649067,11.933209]},"faces":{"east":{"uv":[14.117647,1.882353,14.3529415,2.1176472],"rotation":0,"texture":"#0","tintindex":0},"south":{"uv":[2.0,14.117647,2.235294,14.3529415],"rotation":0,"texture":"#0","tintindex":0},"north":{"uv":[14.058824,13.764706,14.294118,14.0],"rotation":0,"texture":"#0","tintindex":0},"west":{"uv":[2.6470587,14.117647,2.8823528,14.3529415],"rotation":0,"texture":"#0","tintindex":0},"up":{"uv":[4.0588236,14.3529415,3.8235295,14.117647],"rotation":0,"texture":"#0","tintindex":0},"down":{"uv":[7.2941175,14.117647,7.0588236,14.3529415],"rotation":0,"texture":"#0","tintindex":0}}},{"from":[15.568718,10.476638,9.076066],"to":[15.625861,17.333782,14.790352],"rotation":{"angle":22.5,"axis":"z","origin":[15.959094,17.30445,11.933209]},"faces":{"east":{"uv":[6.0588236,11.470589,6.647059,12.176471],"rotation":0,"texture":"#0","tintindex":0},"south":{"uv":[11.176471,14.3529415,11.235294,15.058824],"rotation":0,"texture":"#0","tintindex":0},"north":{"uv":[11.058824,14.3529415,11.117647,15.058824],"rotation":0,"texture":"#0","tintindex":0},"west":{"uv":[11.588235,11.411765,12.176471,12.117647],"rotation":0,"texture":"#0","tintindex":0},"up":{"uv":[5.2941175,15.0,5.2352943,14.411765],"rotation":0,"texture":"#0","tintindex":0},"down":{"uv":[5.4117646,14.411765,5.352941,15.0],"rotation":0,"texture":"#0","tintindex":0}}},{"from":[15.207094,5.1647406,9.076066],"to":[15.264237,10.307598,14.790352],"rotation":{"angle":22.5,"axis":"z","origin":[15.235666,7.73617,11.933209]},"faces":{"east":{"uv":[11.176471,12.176471,11.764706,12.705882],"rotation":0,"texture":"#0","tintindex":0},"south":{"uv":[6.7058825,14.588235,6.7647057,15.117647],"rotation":0,"texture":"#0","tintindex":0},"north":{"uv":[6.117647,14.588235,6.1764708,15.117647],"rotation":0,"texture":"#0","tintindex":0},"west":{"uv":[11.823529,12.176471,12.411765,12.705882],"rotation":0,"texture":"#0","tintindex":0},"up":{"uv":[7.529412,15.058824,7.470588,14.470589],"rotation":0,"texture":"#0","tintindex":0},"down":{"uv":[7.647059,14.470589,7.5882354,15.058824],"rotation":0,"texture":"#0","tintindex":0}}},{"from":[4.41018,5.1647406,9.076066],"to":[4.4673223,10.307598,14.790352],"rotation":{"angle":-22.5,"axis":"z","origin":[4.438751,7.73617,11.933209]},"faces":{"east":{"uv":[12.470589,11.823529,13.058824,12.3529415],"rotation":0,"texture":"#0","tintindex":0},"south":{"uv":[11.823529,14.588235,11.882353,15.117647],"rotation":0,"texture":"#0","tintindex":0},"north":{"uv":[11.705882,14.588235,11.764706,15.117647],"rotation":0,"texture":"#0","tintindex":0},"west":{"uv":[12.470589,12.411765,13.058824,12.941176],"rotation":0,"texture":"#0","tintindex":0},"up":{"uv":[8.529411,15.058824,8.470589,14.470589],"rotation":0,"texture":"#0","tintindex":0},"down":{"uv":[14.529411,8.588235,14.470589,9.176471],"rotation":0,"texture":"#0","tintindex":0}}},{"from":[5.3028193,10.22715,9.076066],"to":[5.3599615,15.3700075,14.790352],"rotation":{"angle":-22.5,"axis":"z","origin":[5.3313904,12.798578,11.933209]},"faces":{"east":{"uv":[0.0,12.294118,0.5882353,12.823529],"rotation":0,"texture":"#0","tintindex":0},"south":{"uv":[9.6470585,14.588235,9.705882,15.117647],"rotation":0,"texture":"#0","tintindex":0},"north":{"uv":[9.529411,14.588235,9.588235,15.117647],"rotation":0,"texture":"#0","tintindex":0},"west":{"uv":[12.3529415,8.823529,12.941176,9.3529415],"rotation":0,"texture":"#0","tintindex":0},"up":{"uv":[8.294118,15.058824,8.235294,14.470589],"rotation":0,"texture":"#0","tintindex":0},"down":{"uv":[8.411765,14.470589,8.3529415,15.058824],"rotation":0,"texture":"#0","tintindex":0}}},{"from":[14.314455,10.22715,9.076066],"to":[14.371598,15.3700075,14.790352],"rotation":{"angle":22.5,"axis":"z","origin":[14.343027,12.798578,11.933209]},"faces":{"east":{"uv":[6.0,12.235294,6.5882354,12.764706],"rotation":0,"texture":"#0","tintindex":0},"south":{"uv":[14.588235,8.588235,14.6470585,9.117647],"rotation":0,"texture":"#0","tintindex":0},"north":{"uv":[6.8235292,14.588235,6.882353,15.117647],"rotation":0,"texture":"#0","tintindex":0},"west":{"uv":[12.235294,11.235294,12.823529,11.764706],"rotation":0,"texture":"#0","tintindex":0},"up":{"uv":[8.058824,15.058824,8.0,14.470589],"rotation":0,"texture":"#0","tintindex":0},"down":{"uv":[8.176471,14.470589,8.117647,15.058824],"rotation":0,"texture":"#0","tintindex":0}}},{"from":[4.408637,5.076802,9.057392],"to":[15.2657795,15.933945,9.114535],"rotation":{"angle":0.0,"axis":"y","origin":[9.837209,10.505373,8.800249]},"faces":{"east":{"uv":[11.470589,14.0,11.529411,15.117647],"rotation":0,"texture":"#0","tintindex":0},"south":{"uv":[0.0,10.6470585,1.117647,11.764706],"rotation":0,"texture":"#0","tintindex":0},"north":{"uv":[10.588235,10.235294,11.705882,11.3529415],"rotation":0,"texture":"#0","tintindex":0},"west":{"uv":[11.588235,14.0,11.6470585,15.117647],"rotation":0,