{"textures":{"0":"modelengine:entity/pumpkin3"},"elements":[{"from":[3.8381958,1.6293316,7.9428573],"to":[11.2667675,8.486475,8.0],"rotation":{"angle":22.5,"axis":"x","origin":[8.0,8.457143,8.0]},"faces":{"east":{"uv":[10.823529,14.3529415,10.882353,15.058824],"rotation":0,"texture":"#0","tintindex":0},"south":{"uv":[5.4117646,10.705882,6.1764708,11.411765],"rotation":0,"texture":"#0","tintindex":0},"north":{"uv":[4.5882354,10.705882,5.352941,11.411765],"rotation":0,"texture":"#0","tintindex":0},"west":{"uv":[10.941176,14.3529415,11.0,15.058824],"rotation":0,"texture":"#0","tintindex":0},"up":{"uv":[14.764706,1.0,14.0,0.9411765],"rotation":0,"texture":"#0","tintindex":0},"down":{"uv":[14.823529,2.9411764,14.058824,3.0],"rotation":0,"texture":"#0","tintindex":0}}}],"display":{"head":{"translation":[0.0,-6.4,0.0],"scale":[4.0,4.0,4.0]}}}