{"textures":{"0":"modelengine:entity/pumpkin3"},"elements":[{"from":[6.787045,-1.3716412,6.0153975],"to":[13.644188,3.7712154,9.443969],"rotation":{"angle":0.0,"axis":"y","origin":[10.215616,3.4283586,8.301112]},"faces":{"east":{"uv":[13.0,13.0,13.3529415,13.529411],"rotation":0,"texture":"#0","tintindex":0},"south":{"uv":[11.764706,10.176471,12.470589,10.705882],"rotation":0,"texture":"#0","tintindex":0},"north":{"uv":[11.764706,9.588235,12.470589,10.117647],"rotation":0,"texture":"#0","tintindex":0},"west":{"uv":[13.117647,2.4705882,13.470589,3.0],"rotation":0,"texture":"#0","tintindex":0},"up":{"uv":[13.3529415,1.4117647,12.6470585,1.0588236],"rotation":0,"texture":"#0","tintindex":0},"down":{"uv":[13.3529415,1.4705882,12.6470585,1.8235294],"rotation":0,"texture":"#0","tintindex":0}}},{"from":[7.358474,-6.395939,7.598523],"to":[13.07276,-2.3959389,7.655666],"rotation":{"angle":-22.5,"axis":"x","origin":[10.215616,-4.395939,6.3985233]},"faces":{"east":{"uv":[14.705882,6.647059,14.764706,7.0588236],"rotation":0,"texture":"#0","tintindex":0},"south":{"uv":[2.0,12.705882,2.5882354,13.117647],"rotation":0,"texture":"#0","tintindex":0},"north":{"uv":[10.3529415,12.6470585,10.941176,13.058824],"rotation":0,"texture":"#0","tintindex":0},"west":{"uv":[14.705882,8.411765,14.764706,8.823529],"rotation":0,"texture":"#0","tintindex":0},"up":{"uv":[15.0,8.235294,14.411765,8.176471],"rotation":0,"texture":"#0","tintindex":0},"down":{"uv":[15.0,12.117647,14.411765,12.176471],"rotation":0,"texture":"#0","tintindex":0}}}],"display":{"head":{"translation":[0.0,-6.4,0.0],"scale":[4.0,4.0,4.0]}}}