{"textures":{"0":"modelengine:entity/pumpkin3"},"elements":[{"from":[3.8958168,8.288699,7.172968],"to":[13.038674,12.288699,11.744397],"rotation":{"angle":0.0,"axis":"y","origin":[8.467245,10.288699,9.458683]},"faces":{"east":{"uv":[12.941176,3.764706,13.411765,4.1764708],"rotation":0,"texture":"#0","tintindex":0},"south":{"uv":[9.588235,11.6470585,10.529411,12.058824],"rotation":0,"texture":"#0","tintindex":0},"north":{"uv":[8.588235,11.6470585,9.529411,12.058824],"rotation":0,"texture":"#0","tintindex":0},"west":{"uv":[3.9411764,12.941176,4.4117646,13.3529415],"rotation":0,"texture":"#0","tintindex":0},"up":{"uv":[4.470588,11.705882,3.5294118,11.235294],"rotation":0,"texture":"#0","tintindex":0},"down":{"uv":[11.529411,11.411765,10.588235,11.882353],"rotation":0,"texture":"#0","tintindex":0}}},{"from":[8.467245,8.194866,6.8347197],"to":[13.610103,9.337723,7.977577],"rotation":{"angle":22.5,"axis":"z","origin":[11.038674,8.7662945,7.4061484]},"faces":{"east":{"uv":[14.882353,13.0,15.0,13.117647],"rotation":0,"texture":"#0","tintindex":0},"south":{"uv":[14.058824,5.2941175,14.588235,5.4117646],"rotation":0,"texture":"#0","tintindex":0},"north":{"uv":[14.058824,1.3529412,14.588235,1.4705882],"rotation":0,"texture":"#0","tintindex":0},"west":{"uv":[14.882353,13.176471,15.0,13.294118],"rotation":0,"texture":"#0","tintindex":0},"up":{"uv":[14.588235,5.5882354,14.058824,5.470588],"rotation":0,"texture":"#0","tintindex":0},"down":{"uv":[14.588235,6.352941,14.058824,6.470588],"rotation":0,"texture":"#0","tintindex":0}}},{"from":[3.324388,8.194866,6.8347197],"to":[8.467245,9.337723,7.977577],"rotation":{"angle":-22.5,"axis":"z","origin":[5.895817,8.7662945,7.4061484]},"faces":{"east":{"uv":[14.882353,13.529411,15.0,13.6470585],"rotation":0,"texture":"#0","tintindex":0},"south":{"uv":[14.058824,6.529412,14.588235,6.647059],"rotation":0,"texture":"#0","tintindex":0},"north":{"uv":[6.470588,14.058824,7.0,14.176471],"rotation":0,"texture":"#0","tintindex":0},"west":{"uv":[14.882353,13.705882,15.0,13.823529],"rotation":0,"texture":"#0","tintindex":0},"up":{"uv":[14.588235,6.8235292,14.058824,6.7058825],"rotation":0,"texture":"#0","tintindex":0},"down":{"uv":[14.588235,8.411765,14.058824,8.529411],"rotation":0,"texture":"#0","tintindex":0}}},{"from":[5.038674,8.48058,6.2632914],"to":[6.181531,9.623437,7.4061484],"rotation":{"angle":-22.5,"axis":"z","origin":[5.895817,8.7662945,7.4061484]},"faces":{"east":{"uv":[14.941176,0.0,15.058824,0.11764706],"rotation":0,"texture":"#0","tintindex":0},"south":{"uv":[14.941176,0.1764706,15.058824,0.29411766],"rotation":0,"texture":"#0","tintindex":0},"north":{"uv":[14.882353,14.411765,15.0,14.529411],"rotation":0,"texture":"#0","tintindex":0},"west":{"uv":[14.941176,1.1764706,15.058824,1.2941177],"rotation":0,"texture":"#0","tintindex":0},"up":{"uv":[15.058824,1.4705882,14.941176,1.3529412],"rotation":0,"texture":"#0","tintindex":0},"down":{"uv":[2.764706,14.941176,2.6470587,15.058824],"rotation":0,"texture":"#0","tintindex":0}}},{"from":[12.301956,9.025835,7.977577],"to":[13.444813,10.168693,11.406149],"rotation":{"angle":22.5,"axis":"z","origin":[13.044813,9.597264,8.5490055]},"faces":{"east":{"uv":[14.411765,1.882353,14.764706,2.0],"rotation":0,"texture":"#0","tintindex":0},"south":{"uv":[14.882353,14.235294,15.0,14.3529415],"rotation":0,"texture":"#0","tintindex":0},"north":{"uv":[14.882353,14.058824,15.0,14.176471],"rotation":0,"texture":"#0","tintindex":0},"west":{"uv":[4.2352943,14.411765,4.5882354,14.529411],"rotation":0,"texture":"#0","tintindex":0},"up":{"uv":[0.5294118,14.764706,0.4117647,14.411765],"rotation":0,"texture":"#0","tintindex":0},"down":{"uv":[2.0588236,14.411765,1.9411764,14.764706],"rotation":0,"texture":"#0","tintindex":0}}},{"from":[3.4896784,9.025835,7.977577],"to":[4.6325355,10.168693,11.406149],"rotation":{"angle":-22.5,"axis":"z","origin":[3.889678,9.597264,8.5490055]},"faces":{"east":{"uv":[11.764706,11.235294,12.117647,11.3529415],"rotation":0,"texture":"#0","tintindex":0},"south":{"uv":[14.882353,13.882353,15.0,14.0],"rotation":0,"texture":"#0","tintindex":0},"north":{"uv":[13.764706,14.882353,13.882353,15.0],"rotation":0,"texture":"#0","tintindex":0},"west":{"uv":[14.3529415,13.0,14.705882,13.117647],"rotation":0,"texture":"#0","tintindex":0},"up":{"uv":[4.0588236,12.882353,3.9411764,12.529411],"rotation":0,"texture":"#0","tintindex":0},"down":{"uv":[14.470589,13.176471,14.3529415,13.529411],"rotation":0,"texture":"#0","tintindex":0}}}],"display":{"head":{"translation":[0.0,-6.4,0.0],"scale":[4.0,4.0,4.0]}}}