{"textures":{"0":"modelengine:entity/pumpkin3"},"elements":[{"from":[2.1772966,-1.9681244,0.54205036],"to":[2.2344394,10.031876,16.542051],"rotation":{"angle":-22.5,"axis":"z","origin":[2.2058682,4.0318756,8.54205]},"faces":{"east":{"uv":[10.411765,0.0,12.058824,1.2352941],"rotation":0,"texture":"#0","tintindex":0},"south":{"uv":[5.7058825,14.0,5.7647057,15.235294],"rotation":0,"texture":"#0","tintindex":0},"north":{"uv":[0.64705884,13.941176,0.7058824,15.176471],"rotation":0,"texture":"#0","tintindex":0},"west":{"uv":[10.411765,1.2941177,12.058824,2.5294118],"rotation":0,"texture":"#0","tintindex":0},"up":{"uv":[10.294118,15.117647,10.235294,13.470589],"rotation":0,"texture":"#0","tintindex":0},"down":{"uv":[0.3529412,13.529411,0.29411766,15.176471],"rotation":0,"texture":"#0","tintindex":0}}}],"display":{"head":{"translation":[0.0,-6.4,0.0],"scale":[4.0,4.0,4.0]}}}