{"textures":{"0":"modelengine:entity/pumpkin3"},"elements":[{"from":[8.107163,2.1387458,0.28571415],"to":[8.164306,15.281603,16.285715],"rotation":{"angle":-22.5,"axis":"z","origin":[8.135735,8.710175,8.285714]},"faces":{"east":{"uv":[7.1764708,10.235294,8.823529,11.588235],"rotation":0,"texture":"#0","tintindex":0},"south":{"uv":[6.352941,13.882353,6.4117646,15.235294],"rotation":0,"texture":"#0","tintindex":0},"north":{"uv":[6.2352943,13.882353,6.2941175,15.235294],"rotation":0,"texture":"#0","tintindex":0},"west":{"uv":[8.882353,10.235294,10.529411,11.588235],"rotation":0,"texture":"#0","tintindex":0},"up":{"uv":[3.4117646,15.294118,3.3529413,13.6470585],"rotation":0,"texture":"#0","tintindex":0},"down":{"uv":[7.9411764,13.6470585,7.882353,15.294118],"rotation":0,"texture":"#0","tintindex":0}}}],"display":{"head":{"translation":[0.0,-6.4,0.0],"scale":[4.0,4.0,4.0]}}}