{"textures":{"0":"modelengine:entity/pumpkin3"},"elements":[{"from":[13.194132,-2.5395536,-1.1722355],"to":[13.251275,9.460447,14.8277645],"rotation":{"angle":22.5,"axis":"z","origin":[13.222704,3.4604473,6.827765]},"faces":{"east":{"uv":[10.411765,5.1764708,12.058824,6.4117646],"rotation":0,"texture":"#0","tintindex":0},"south":{"uv":[10.470589,14.0,10.529411,15.235294],"rotation":0,"texture":"#0","tintindex":0},"north":{"uv":[10.3529415,14.0,10.411765,15.235294],"rotation":0,"texture":"#0","tintindex":0},"west":{"uv":[10.411765,6.470588,12.058824,7.7058825],"rotation":0,"texture":"#0","tintindex":0},"up":{"uv":[3.1764705,15.294118,3.1176472,13.6470585],"rotation":0,"texture":"#0","tintindex":0},"down":{"uv":[3.2941177,13.6470585,3.235294,15.294118],"rotation":0,"texture":"#0","tintindex":0}}}],"display":{"head":{"translation":[0.0,-6.4,0.0],"scale":[4.0,4.0,4.0]}}}