{"textures":{"0":"modelengine:entity/pumpkin3"},"elements":[{"from":[0.0,-4.94611,8.091912],"to":[16.0,8.196748,8.149055],"rotation":{"angle":-22.5,"axis":"x","origin":[8.0,8.457143,8.0]},"faces":{"east":{"uv":[1.7058823,13.764706,1.7647059,15.117647],"rotation":0,"texture":"#0","tintindex":0},"south":{"uv":[9.235294,8.823529,10.882353,10.176471],"rotation":0,"texture":"#0","tintindex":0},"north":{"uv":[7.529412,8.823529,9.176471,10.176471],"rotation":0,"texture":"#0","tintindex":0},"west":{"uv":[9.058824,13.823529,9.117647,15.176471],"rotation":0,"texture":"#0","tintindex":0},"up":{"uv":[15.294118,2.235294,13.6470585,2.1764705],"rotation":0,"texture":"#0","tintindex":0},"down":{"uv":[15.3529415,1.0588236,13.705882,1.117647],"rotation":0,"texture":"#0","tintindex":0}}}],"display":{"head":{"translation":[0.0,-6.4,0.0],"scale":[4.0,4.0,4.0]}}}