{"textures":{"0":"modelengine:entity/pumpkin3"},"elements":[{"from":[7.835694,2.1387458,0.28571415],"to":[7.8928366,15.281603,16.285715],"rotation":{"angle":22.5,"axis":"z","origin":[7.8642654,8.710175,8.285714]},"faces":{"east":{"uv":[3.764706,9.294118,5.4117646,10.6470585],"rotation":0,"texture":"#0","tintindex":0},"south":{"uv":[3.7058823,13.882353,3.764706,15.235294],"rotation":0,"texture":"#0","tintindex":0},"north":{"uv":[13.6470585,13.823529,13.705882,15.176471],"rotation":0,"texture":"#0","tintindex":0},"west":{"uv":[5.470588,9.294118,7.117647,10.6470585],"rotation":0,"texture":"#0","tintindex":0},"up":{"uv":[13.3529415,15.235294,13.294118,13.588235],"rotation":0,"texture":"#0","tintindex":0},"down":{"uv":[2.3529413,13.6470585,2.2941177,15.294118],"rotation":0,"texture":"#0","tintindex":0}}}],"display":{"head":{"translation":[0.0,-6.4,0.0],"scale":[4.0,4.0,4.0]}}}