{"textures":{"0":"modelengine:entity/pumpkin3"},"elements":[{"from":[0.0,-2.155177,11.905568],"to":[16.0,9.844823,11.962711],"rotation":{"angle":-22.5,"axis":"x","origin":[8.0,3.273394,11.93414]},"faces":{"east":{"uv":[9.941176,14.0,10.0,15.235294],"rotation":0,"texture":"#0","tintindex":0},"south":{"uv":[10.411765,3.8823528,12.058824,5.117647],"rotation":0,"texture":"#0","tintindex":0},"north":{"uv":[10.411765,2.5882354,12.058824,3.8235295],"rotation":0,"texture":"#0","tintindex":0},"west":{"uv":[10.058824,14.0,10.117647,15.235294],"rotation":0,"texture":"#0","tintindex":0},"up":{"uv":[15.235294,7.7058825,13.588235,7.647059],"rotation":0,"texture":"#0","tintindex":0},"down":{"uv":[15.235294,12.882353,13.588235,12.941176],"rotation":0,"texture":"#0","tintindex":0}}}],"display":{"head":{"translation":[0.0,-6.4,0.0],"scale":[4.0,4.0,4.0]}}}