{"textures":{"0":"modelengine:entity/pumpkin3"},"elements":[{"from":[8.53888,4.20675,14.865094],"to":[8.596023,9.921036,20.007952],"rotation":{"angle":-22.5,"axis":"x","origin":[8.93888,8.663893,14.57938]},"faces":{"east":{"uv":[6.7058825,12.176471,7.2352943,12.764706],"rotation":0,"texture":"#0","tintindex":0},"south":{"uv":[5.5882354,14.470589,5.647059,15.058824],"rotation":0,"texture":"#0","tintindex":0},"north":{"uv":[5.470588,14.470589,5.529412,15.058824],"rotation":0,"texture":"#0","tintindex":0},"west":{"uv":[7.2941175,12.176471,7.8235292,12.764706],"rotation":0,"texture":"#0","tintindex":0},"up":{"uv":[14.411765,15.058824,14.3529415,14.529411],"rotation":0,"texture":"#0","tintindex":0},"down":{"uv":[4.2941175,14.588235,4.2352943,15.117647],"rotation":0,"texture":"#0","tintindex":0}}},{"from":[7.73888,6.4924645,13.722237],"to":[9.453166,8.20675,15.4365225],"rotation":{"angle":-22.5,"axis":"x","origin":[8.93888,8.663893,14.57938]},"faces":{"east":{"uv":[6.470588,14.529411,6.647059,14.705882],"rotation":0,"texture":"#0","tintindex":0},"south":{"uv":[14.529411,9.470589,14.705882,9.6470585],"rotation":0,"texture":"#0","tintindex":0},"north":{"uv":[1.117647,14.529411,1.2941177,14.705882],"rotation":0,"texture":"#0","tintindex":0},"west":{"uv":[14.529411,10.0,14.705882,10.176471],"rotation":0,"texture":"#0","tintindex":0},"up":{"uv":[14.705882,10.411765,14.529411,10.235294],"rotation":0,"texture":"#0","tintindex":0},"down":{"uv":[14.705882,10.470589,14.529411,10.6470585],"rotation":0,"texture":"#0","tintindex":0}}},{"from":[8.006692,8.63664,6.0428934],"to":[9.1495495,9.779497,15.757179],"rotation":{"angle":22.5,"axis":"x","origin":[9.549549,9.893783,9.700037]},"faces":{"east":{"uv":[13.176471,2.2941177,14.176471,2.4117646],"rotation":0,"texture":"#0","tintindex":0},"south":{"uv":[14.941176,3.0588236,15.058824,3.1764705],"rotation":0,"texture":"#0","tintindex":0},"north":{"uv":[2.9411764,14.941176,3.0588236,15.058824],"rotation":0,"texture":"#0","tintindex":0},"west":{"uv":[13.411765,1.7058823,14.411765,1.8235294],"rotation":0,"texture":"#0","tintindex":0},"up":{"uv":[9.882353,14.176471,9.764706,13.176471],"rotation":0,"texture":"#0","tintindex":0},"down":{"uv":[1.9411764,13.235294,1.8235294,14.235294],"rotation":0,"texture":"#0","tintindex":0}}},{"from":[7.7771387,9.700001,4.101823],"to":[9.491425,11.414287,6.3875375],"rotation":{"angle":0.0,"axis":"y","origin":[7.4914246,9.185715,2.9589663]},"faces":{"east":{"uv":[2.6470587,14.411765,2.8823528,14.588235],"rotation":0,"texture":"#0","tintindex":0},"south":{"uv":[0.88235295,14.529411,1.0588236,14.705882],"rotation":0,"texture":"#0","tintindex":0},"north":{"uv":[14.529411,0.5882353,14.705882,0.7647059],"rotation":0,"texture":"#0","tintindex":0},"west":{"uv":[3.8235295,14.411765,4.0588236,14.588235],"rotation":0,"texture":"#0","tintindex":0},"up":{"uv":[3.6470587,14.6470585,3.4705882,14.411765],"rotation":0,"texture":"#0","tintindex":0},"down":{"uv":[4.8235292,14.411765,4.647059,14.6470585],"rotation":0,"texture":"#0","tintindex":0}}},{"from":[8.634281,1.128572,-12.412464],"to":[8.691424,18.27143,5.3018236],"rotation":{"angle":0.0,"axis":"y","origin":[7.4914246,9.185715,2.9589663]},"faces":{"east":{"uv":[0.0,8.823529,1.8235294,10.588235],"rotation":0,"texture":"#0","tintindex":0},"south":{"uv":[7.7647057,13.470589,7.8235292,15.235294],"rotation":0,"texture":"#0","tintindex":0},"north":{"uv":[8.705882,13.411765,8.764706,15.176471],"rotation":0,"texture":"#0","tintindex":0},"west":{"uv":[1.882353,8.823529,3.7058823,10.588235],"rotation":0,"texture":"#0","tintindex":0},"up":{"uv":[9.235294,15.117647,9.176471,13.294118],"rotation":0,"texture":"#0","tintindex":0},"down":{"uv":[1.4117647,13.411765,1.3529412,15.235294],"rotation":0,"texture":"#0","tintindex":0}}}],"display":{"head":{"translation":[0.0,-6.4,0.0],"scale":[4.0,4.0,4.0]}}}