{"textures":{"0":"modelengine:entity/pumpkin3"},"elements":[{"from":[4.8190475,8.322719,4.1891727],"to":[10.533334,10.037004,4.2463155],"rotation":{"angle":0.0,"axis":"y","origin":[7.6761904,-9.391569,4.760601]},"faces":{"east":{"uv":[12.588235,7.352941,12.6470585,7.529412],"rotation":0,"texture":"#0","tintindex":0},"south":{"uv":[13.470589,4.0,14.058824,4.1764708],"rotation":0,"texture":"#0","tintindex":0},"north":{"uv":[13.411765,11.411765,14.0,11.588235],"rotation":0,"texture":"#0","tintindex":0},"west":{"uv":[5.882353,12.941176,5.9411764,13.117647],"rotation":0,"texture":"#0","tintindex":0},"up":{"uv":[15.0,2.1176472,14.411765,2.0588236],"rotation":0,"texture":"#0","tintindex":0},"down":{"uv":[15.0,8.058824,14.411765,8.117647],"rotation":0,"texture":"#0","tintindex":0}}},{"from":[4.8190475,10.037004,4.1891727],"to":[10.533334,13.465576,9.903459],"rotation":{"angle":0.0,"axis":"y","origin":[7.6761904,-9.391569,4.760601]},"faces":{"east":{"uv":[11.0,12.764706,11.588235,13.117647],"rotation":0,"texture":"#0","tintindex":0},"south":{"uv":[11.6470585,12.764706,12.235294,13.117647],"rotation":0,"texture":"#0","tintindex":0},"north":{"uv":[9.3529415,12.764706,9.941176,13.117647],"rotation":0,"texture":"#0","tintindex":0},"west":{"uv":[6.0,12.823529,6.5882354,13.176471],"rotation":0,"texture":"#0","tintindex":0},"up":{"uv":[3.2941177,12.470589,2.7058823,11.882353],"rotation":0,"texture":"#0","tintindex":0},"down":{"uv":[1.5294118,11.941176,0.9411765,12.529411],"rotation":0,"texture":"#0","tintindex":0}}},{"from":[4.8190475,8.322719,4.1891727],"to":[4.87619,10.037004,8.189173],"rotation":{"angle":0.0,"axis":"y","origin":[7.6761904,-9.391569,4.760601]},"faces":{"east":{"uv":[13.882353,3.5882354,14.294118,3.764706],"rotation":0,"texture":"#0","tintindex":0},"south":{"uv":[14.941176,3.235294,15.0,3.4117646],"rotation":0,"texture":"#0","tintindex":0},"north":{"uv":[6.529412,13.235294,6.5882354,13.411765],"rotation":0,"texture":"#0","tintindex":0},"west":{"uv":[8.0,13.941176,8.411765,14.117647],"rotation":0,"texture":"#0","tintindex":0},"up":{"uv":[14.764706,3.4705882,14.705882,3.0588236],"rotation":0,"texture":"#0","tintindex":0},"down":{"uv":[3.5294118,14.705882,3.4705882,15.117647],"rotation":0,"texture":"#0","tintindex":0}}},{"from":[10.476191,8.322719,4.1891727],"to":[10.533334,10.037004,8.189173],"rotation":{"angle":0.0,"axis":"y","origin":[7.6761904,-9.391569,4.760601]},"faces":{"east":{"uv":[13.941176,8.058824,14.3529415,8.235294],"rotation":0,"texture":"#0","tintindex":0},"south":{"uv":[4.117647,14.941176,4.1764708,15.117647],"rotation":0,"texture":"#0","tintindex":0},"north":{"uv":[3.8235295,14.941176,3.8823528,15.117647],"rotation":0,"texture":"#0","tintindex":0},"west":{"uv":[9.294118,13.941176,9.705882,14.117647],"rotation":0,"texture":"#0","tintindex":0},"up":{"uv":[3.6470587,15.117647,3.5882354,14.705882],"rotation":0,"texture":"#0","tintindex":0},"down":{"uv":[4.647059,14.705882,4.5882354,15.117647],"rotation":0,"texture":"#0","tintindex":0}}},{"from":[-0.32380962,13.713884,-0.7906294],"to":[15.676191,13.771028,3.7807999],"rotation":{"angle":22.5,"axis":"x","origin":[7.6761904,13.742456,1.4950852]},"faces":{"east":{"uv":[14.529411,3.8235295,15.0,3.8823528],"rotation":0,"texture":"#0","tintindex":0},"south":{"uv":[13.529411,12.3529415,15.176471,12.411765],"rotation":0,"texture":"#0","tintindex":0},"north":{"uv":[13.529411,10.882353,15.176471,10.941176],"rotation":0,"texture":"#0","tintindex":0},"west":{"uv":[14.529411,13.411765,15.0,13.470589],"rotation":0,"texture":"#0","tintindex":0},"up":{"uv":[12.058824,8.235294,10.411765,7.7647057],"rotation":0,"texture":"#0","tintindex":0},"down":{"uv":[12.058824,8.294118,10.411765,8.764706],"rotation":0,"texture":"#0","tintindex":0}}},{"from":[11.104762,12.837004,3.617744],"to":[15.676191,12.894148,10.474887],"rotation":{"angle":0.0,"axis":"y","origin":[7.6761904,13.465576,7.0463157]},"faces":{"east":{"uv":[14.294118,5.1764708,15.0,5.2352943],"rotation":0,"texture":"#0","tintindex":0},"south":{"uv":[14.588235,11.3529415,15.058824,11.411765],"rotation":0,"texture":"#0","tintindex":0},"north":{"uv":[14.588235,7.4117646,15.058824,7.470588],"rotation":0,"texture":"#0","tintindex":0},"west":{"uv":[14.294118,7.1764708,15.0,7.2352943],"rotation":0,"texture":"#0","tintindex":0},"up":{"uv":[12.588235,1.4705882,12.117647,0.7647059],"rotation":0,"texture":"#0","tintindex":0},"down":{"uv":[12.588235,1.5294118,12.117647,2.235294],"rotation":0,"texture":"#0","tintindex":0}}},{"from":[-0.32380962,11.964474,10.289964],"to":[15.676191,12.021618,14.861392],"rotation":{"angle":22.5,"axis":"x","origin":[7.6761904,11.993046,12.575678]},"faces":{"east":{"uv":[14.588235,6.2352943,15.058824,6.2941175],"rotation":0,"texture":"#0","tintindex":0},"south":{"uv":[13.588235,7.529412,15.235294,7.5882354],"rotation":0,"texture":"#0","tintindex":0},"north":{"uv":[13.529411,12.470589,15.176471,12.529411],"rotation":0,"texture":"#0","tintindex":0},"west":{"uv":[14.588235,7.2941175,15.058824,7.352941],"rotation":0,"texture":"#0","tintindex":0},"up":{"uv":[2.8235295,11.117647,1.1764706,10.6470585],"rotation":0,"texture":"#0","tintindex":0},"down":{"uv":[4.529412,10.705882,2.8823528,11.176471],"rotation":0,"texture":"#0","tintindex":0}}},{"from":[4.2476187,12.894148,3.617744],"to":[11.104762,14.037004,10.474887],"rotation":{"angle":0.0,"axis":"y","origin":[7.6761904,13.465576,7.0463157]},"faces":{"east":{"uv":[13.823529,5.8235292,14.529411,5.9411764],"rotation":0,"texture":"#0","tintindex":0},"south":{"uv":[13.823529,6.0,14.529411,6.117647],"rotation":0,"texture":"#0","tintindex":0},"north":{"uv":[13.823529,3.4117646,14.529411,3.5294118],"rotation":0,"texture":"#0","tintindex":0},"west":{"uv":[13.823529,6.1764708,14.529411,6.2941175],"rotation":0,"texture":"#0","tintindex":0},"up":{"uv":[1.882353,11.882353,1.1764706,11.176471],"rotation":0,"texture":"#0","tintindex":0},"down":{"uv":[2.6470587,11.176471,1.9411764,11.882353],"rotation":0,"texture":"#0","tintindex":0}}},{"from":[5.390476,13.008432,5.046315],"to":[9.961905,14.722719,9.617744],"rotation":{"angle":22.5,"axis":"x","origin":[7.6761904,14.894148,7.0463157]},"faces":{"east":{"uv":[13.823529,9.764706,14.294118,9.941176],"rotation":0,"texture":"#0","tintindex":0},"south":{"uv":[13.823529,11.0,14.294118,11.176471],"rotation":0,"texture":"#0","tintindex":0},"north":{"uv":[6.529412,13.823529,7.0,14.0],"rotation":0,"texture":"#0","tintindex":0},"west":{"uv":[11.764706,13.823529,12.235294,14.0],"rotation":0,"texture":"#0","tintindex":0},"up":{"uv":[13.176471,11.117647,12.705882,10.6470585],"rotation":0,"texture":"#0","tintindex":0},"down":{"uv":[9.294118,12.764706,8.823529,13.235294],"rotation":0,"texture":"#0","tintindex":0}}},{"from":[5.9619045,13.986189,6.033725],"to":[9.390476,16.271904,9.4622965],"rotation":{"angle":45.0,"axis":"x","origin":[7.6761904,15.41476,7.4622965]},"faces":{"east":{"uv":[2.7058823,13.823529,3.0588236,14.058824],"rotation":0,"texture":"#0","tintindex":0},"south":{"uv":[3.8823528,13.823529,4.2352943,14.058824],"rotation":0,"texture":"#0","tintindex":0},"north":{"uv":[5.8235292,13.764706,6.1764708,14.0],"rotation":0,"texture":"#0","tintindex":0},"west":{"uv":[7.0588236,13.823529,7.4117646,14.058824],"rotation":0,"texture":"#0","tintindex":0},"up":{"uv":[3.0588236,13.764706,2.7058823,13.411765],"rotation":0,"texture":"#0","tintindex":0},"down":{"uv":[4.2352943,13.411765,3.8823528,13.764706],"rotation":0,"texture":"#0","tintindex":0}}},{"from":[6.5333333,16.262901,7.711886],"to":[8.819048,19.120045,7.7690287],"rotation":{"angle":0.0,"axis":"y","origin":[7.6761904,16.633656,9.18306]},"faces":{"east":{"uv":[14.823529,1.1764706,14.882353,1.4705882],"rotation":0,"texture":"#0","tintindex":0},"south":{"uv":[10.588235,14.0,10.823529,14.294118],"rotation":0,"texture":"#0","tintindex":0},"north":{"uv":[14.0,7.1764708,14.235294,7.470588],"rotation":0,"texture":"#0","tintindex":0},"west":{"uv":[14.823529,5.2941175,14.882353,5.5882354],"rotation":0,"texture":"#0",