{"textures":{"0":"modelengine:entity/pumpkin3"},"elements":[{"from":[6.0150194,8.201401,5.244466],"to":[9.443591,11.629972,8.673038],"rotation":{"angle":0.0,"axis":"y","origin":[7.7293053,-7.227171,3.8158941]},"faces":{"east":{"uv":[13.411765,11.0,13.764706,11.3529415],"rotation":0,"texture":"#0","tintindex":0},"south":{"uv":[13.411765,13.0,13.764706,13.3529415],"rotation":0,"texture":"#0","tintindex":0},"north":{"uv":[13.411765,9.764706,13.764706,10.117647],"rotation":0,"texture":"#0","tintindex":0},"west":{"uv":[13.411765,13.411765,13.764706,13.764706],"rotation":0,"texture":"#0","tintindex":0},"up":{"uv":[13.823529,3.9411764,13.470589,3.5882354],"rotation":0,"texture":"#0","tintindex":0},"down":{"uv":[4.647059,13.470589,4.2941175,13.823529],"rotation":0,"texture":"#0","tintindex":0}}}],"display":{"head":{"translation":[0.0,-6.4,0.0],"scale":[4.0,4.0,4.0]}}}