{"textures":{"0":"modelengine:entity/pumpkin3"},"elements":[{"from":[4.5714283,7.6205616,2.533536],"to":[11.428572,8.763418,8.247822],"rotation":{"angle":-22.5,"axis":"x","origin":[8.0,8.857015,8.504379]},"faces":{"east":{"uv":[13.823529,11.235294,14.411765,11.3529415],"rotation":0,"texture":"#0","tintindex":0},"south":{"uv":[13.705882,5.647059,14.411765,5.7647057],"rotation":0,"texture":"#0","tintindex":0},"north":{"uv":[13.705882,1.5294118,14.411765,1.6470588],"rotation":0,"texture":"#0","tintindex":0},"west":{"uv":[13.882353,3.8235295,14.470589,3.9411764],"rotation":0,"texture":"#0","tintindex":0},"up":{"uv":[5.2352943,12.058824,4.529412,11.470589],"rotation":0,"texture":"#0","tintindex":0},"down":{"uv":[6.0,11.470589,5.2941175,12.058824],"rotation":0,"texture":"#0","tintindex":0}}},{"from":[4.5714283,8.763418,2.533536],"to":[4.6285715,9.906276,7.1049647],"rotation":{"angle":-22.5,"axis":"x","origin":[8.0,8.857015,8.504379]},"faces":{"east":{"uv":[14.058824,11.411765,14.529411,11.529411],"rotation":0,"texture":"#0","tintindex":0},"south":{"uv":[13.411765,10.176471,13.470589,10.294118],"rotation":0,"texture":"#0","tintindex":0},"north":{"uv":[13.235294,8.470589,13.294118,8.588235],"rotation":0,"texture":"#0","tintindex":0},"west":{"uv":[11.705882,14.058824,12.176471,14.176471],"rotation":0,"texture":"#0","tintindex":0},"up":{"uv":[14.6470585,3.5294118,14.588235,3.0588236],"rotation":0,"texture":"#0","tintindex":0},"down":{"uv":[12.0,14.588235,11.941176,15.058824],"rotation":0,"texture":"#0","tintindex":0}}},{"from":[4.5714283,8.763418,2.533536],"to":[11.428572,9.906276,2.5906787],"rotation":{"angle":-22.5,"axis":"x","origin":[8.0,8.857015,8.504379]},"faces":{"east":{"uv":[13.823529,10.0,13.882353,10.117647],"rotation":0,"texture":"#0","tintindex":0},"south":{"uv":[13.823529,3.235294,14.529411,3.3529413],"rotation":0,"texture":"#0","tintindex":0},"north":{"uv":[13.823529,3.0588236,14.529411,3.1764705],"rotation":0,"texture":"#0","tintindex":0},"west":{"uv":[14.470589,5.647059,14.529411,5.7647057],"rotation":0,"texture":"#0","tintindex":0},"up":{"uv":[15.0,4.7647057,14.294118,4.7058825],"rotation":0,"texture":"#0","tintindex":0},"down":{"uv":[15.0,4.8235292,14.294118,4.882353],"rotation":0,"texture":"#0","tintindex":0}}},{"from":[11.3714285,8.763418,2.533536],"to":[11.428572,9.906276,7.1049647],"rotation":{"angle":-22.5,"axis":"x","origin":[8.0,8.857015,8.504379]},"faces":{"east":{"uv":[12.235294,14.058824,12.705882,14.176471],"rotation":0,"texture":"#0","tintindex":0},"south":{"uv":[14.941176,8.588235,15.0,8.705882],"rotation":0,"texture":"#0","tintindex":0},"north":{"uv":[14.941176,8.411765,15.0,8.529411],"rotation":0,"texture":"#0","tintindex":0},"west":{"uv":[14.058824,12.588235,14.529411,12.705882],"rotation":0,"texture":"#0","tintindex":0},"up":{"uv":[12.117647,15.058824,12.058824,14.588235],"rotation":0,"texture":"#0","tintindex":0},"down":{"uv":[12.235294,14.588235,12.176471,15.058824],"rotation":0,"texture":"#0","tintindex":0}}}],"display":{"head":{"translation":[0.0,-6.4,0.0],"scale":[4.0,4.0,4.0]}}}