{"textures":{"0":"modelengine:entity/pumpkin3"},"elements":[{"from":[9.439188,9.0464,6.5142856],"to":[10.582046,10.760686,7.6571426],"rotation":{"angle":45.0,"axis":"z","origin":[10.010617,9.903543,7.0857143]},"faces":{"east":{"uv":[14.705882,7.7647057,14.823529,7.9411764],"rotation":0,"texture":"#0","tintindex":0},"south":{"uv":[14.705882,11.588235,14.823529,11.764706],"rotation":0,"texture":"#0","tintindex":0},"north":{"uv":[12.294118,12.764706,12.411765,12.941176],"rotation":0,"texture":"#0","tintindex":0},"west":{"uv":[14.705882,14.411765,14.823529,14.588235],"rotation":0,"texture":"#0","tintindex":0},"up":{"uv":[15.0,12.823529,14.882353,12.705882],"rotation":0,"texture":"#0","tintindex":0},"down":{"uv":[13.117647,14.882353,13.0,15.0],"rotation":0,"texture":"#0","tintindex":0}}}],"display":{"head":{"translation":[0.0,-6.4,0.0],"scale":[4.0,4.0,4.0]}}}