{"textures":{"0":"modelengine:entity/pumpkin3"},"elements":[{"from":[6.005148,4.1348853,6.63941],"to":[8.062291,8.706314,8.582267],"rotation":{"angle":-22.5,"axis":"z","origin":[7.490862,6.4206,7.6108384]},"faces":{"east":{"uv":[3.4705882,13.882353,3.6470587,14.3529415],"rotation":0,"texture":"#0","tintindex":0},"south":{"uv":[13.529411,5.8235292,13.764706,6.2941175],"rotation":0,"texture":"#0","tintindex":0},"north":{"uv":[13.529411,3.0588236,13.764706,3.5294118],"rotation":0,"texture":"#0","tintindex":0},"west":{"uv":[4.2941175,13.882353,4.470588,14.3529415],"rotation":0,"texture":"#0","tintindex":0},"up":{"uv":[14.529411,7.470588,14.294118,7.2941175],"rotation":0,"texture":"#0","tintindex":0},"down":{"uv":[14.588235,3.5882354,14.3529415,3.764706],"rotation":0,"texture":"#0","tintindex":0}}}],"display":{"head":{"translation":[0.0,-6.4,0.0],"scale":[4.0,4.0,4.0]}}}