{"textures":{"0":"modelengine:entity/pumpkin3"},"elements":[{"from":[7.508032,3.8909554,7.0134788],"to":[9.222318,8.462384,8.727765],"rotation":{"angle":22.5,"axis":"y","origin":[8.365175,6.1766696,7.8706217]},"faces":{"east":{"uv":[4.7647057,13.882353,4.9411764,14.3529415],"rotation":0,"texture":"#0","tintindex":0},"south":{"uv":[5.0,13.882353,5.1764708,14.3529415],"rotation":0,"texture":"#0","tintindex":0},"north":{"uv":[4.529412,13.882353,4.7058825,14.3529415],"rotation":0,"texture":"#0","tintindex":0},"west":{"uv":[5.2352943,13.882353,5.4117646,14.3529415],"rotation":0,"texture":"#0","tintindex":0},"up":{"uv":[14.705882,12.0,14.529411,11.823529],"rotation":0,"texture":"#0","tintindex":0},"down":{"uv":[14.705882,13.176471,14.529411,13.3529415],"rotation":0,"texture":"#0","tintindex":0}}}],"display":{"head":{"translation":[0.0,-6.4,0.0],"scale":[4.0,4.0,4.0]}}}