{"textures":{"0":"modelengine:entity/pumpkin3"},"elements":[{"from":[7.1928325,4.977202,7.671264],"to":[9.364261,8.977202,9.614121],"rotation":{"angle":22.5,"axis":"z","origin":[8.067261,8.642254,7.8642244]},"faces":{"east":{"uv":[5.470588,14.0,5.647059,14.411765],"rotation":0,"texture":"#0","tintindex":0},"south":{"uv":[2.0,13.6470585,2.235294,14.058824],"rotation":0,"texture":"#0","tintindex":0},"north":{"uv":[13.0,13.588235,13.235294,14.0],"rotation":0,"texture":"#0","tintindex":0},"west":{"uv":[7.470588,14.0,7.647059,14.411765],"rotation":0,"texture":"#0","tintindex":0},"up":{"uv":[14.588235,9.941176,14.3529415,9.764706],"rotation":0,"texture":"#0","tintindex":0},"down":{"uv":[14.588235,11.0,14.3529415,11.176471],"rotation":0,"texture":"#0","tintindex":0}}}],"display":{"head":{"translation":[0.0,-6.4,0.0],"scale":[4.0,4.0,4.0]}}}