{"textures":{"0":"modelengine:entity/pumpkin3"},"elements":[{"from":[6.9447865,1.9947133,7.9659963],"to":[9.801929,8.280428,10.823139],"rotation":{"angle":22.5,"axis":"y","origin":[7.555922,8.598121,9.123451]},"faces":{"east":{"uv":[13.0,8.6470585,13.294118,9.294118],"rotation":0,"texture":"#0","tintindex":0},"south":{"uv":[12.294118,13.0,12.588235,13.6470585],"rotation":0,"texture":"#0","tintindex":0},"north":{"uv":[13.0,4.9411764,13.294118,5.5882354],"rotation":0,"texture":"#0","tintindex":0},"west":{"uv":[12.6470585,13.0,12.941176,13.6470585],"rotation":0,"texture":"#0","tintindex":0},"up":{"uv":[12.588235,14.0,12.294118,13.705882],"rotation":0,"texture":"#0","tintindex":0},"down":{"uv":[12.941176,13.705882,12.6470585,14.0],"rotation":0,"texture":"#0","tintindex":0}}}],"display":{"head":{"translation":[0.0,-6.4,0.0],"scale":[4.0,4.0,4.0]}}}