{"textures":{"0":"modelengine:entity/pumpkin3"},"elements":[{"from":[7.939311,8.746201,8.965745],"to":[10.225025,14.460486,11.251459],"rotation":{"angle":22.5,"axis":"y","origin":[9.082169,11.603344,10.8514595]},"faces":{"east":{"uv":[1.0588236,13.411765,1.2941177,14.0],"rotation":0,"texture":"#0","tintindex":0},"south":{"uv":[13.411765,1.0588236,13.6470585,1.6470588],"rotation":0,"texture":"#0","tintindex":0},"north":{"uv":[0.7647059,13.411765,1.0,14.0],"rotation":0,"texture":"#0","tintindex":0},"west":{"uv":[2.4117646,13.411765,2.6470587,14.0],"rotation":0,"texture":"#0","tintindex":0},"up":{"uv":[1.2941177,14.470589,1.0588236,14.235294],"rotation":0,"texture":"#0","tintindex":0},"down":{"uv":[6.7058825,14.235294,6.470588,14.470589],"rotation":0,"texture":"#0","tintindex":0}}},{"from":[7.4294095,6.983547,8.321894],"to":[10.286552,11.554976,11.179037],"rotation":{"angle":22.5,"axis":"y","origin":[9.315124,9.326405,9.921894]},"faces":{"east":{"uv":[13.3529415,8.470589,13.6470585,8.941176],"rotation":0,"texture":"#0","tintindex":0},"south":{"uv":[13.3529415,9.0,13.6470585,9.470589],"rotation":0,"texture":"#0","tintindex":0},"north":{"uv":[13.3529415,5.2941175,13.6470585,5.7647057],"rotation":0,"texture":"#0","tintindex":0},"west":{"uv":[0.4117647,13.411765,0.7058824,13.882353],"rotation":0,"texture":"#0","tintindex":0},"up":{"uv":[14.0,9.058824,13.705882,8.764706],"rotation":0,"texture":"#0","tintindex":0},"down":{"uv":[14.0,9.117647,13.705882,9.411765],"rotation":0,"texture":"#0","tintindex":0}}},{"from":[6.5742846,6.987783,7.173663],"to":[10.574285,9.273498,11.745091],"rotation":{"angle":22.5,"axis":"y","origin":[8.802856,8.13064,9.459377]},"faces":{"east":{"uv":[13.529411,6.352941,14.0,6.5882354],"rotation":0,"texture":"#0","tintindex":0},"south":{"uv":[9.294118,13.6470585,9.705882,13.882353],"rotation":0,"texture":"#0","tintindex":0},"north":{"uv":[8.0,13.6470585,8.411765,13.882353],"rotation":0,"texture":"#0","tintindex":0},"west":{"uv":[13.529411,6.647059,14.0,6.882353],"rotation":0,"texture":"#0","tintindex":0},"up":{"uv":[5.8235292,13.411765,5.4117646,12.941176],"rotation":0,"texture":"#0","tintindex":0},"down":{"uv":[13.3529415,9.823529,12.941176,10.294118],"rotation":0,"texture":"#0","tintindex":0}}},{"from":[5.8720684,7.2247953,4.754276],"to":[9.30064,8.939081,8.754276],"rotation":{"angle":22.5,"axis":"y","origin":[8.786355,8.081938,6.754276]},"faces":{"east":{"uv":[13.941176,10.470589,14.3529415,10.6470585],"rotation":0,"texture":"#0","tintindex":0},"south":{"uv":[14.058824,8.823529,14.411765,9.0],"rotation":0,"texture":"#0","tintindex":0},"north":{"uv":[14.058824,8.588235,14.411765,8.764706],"rotation":0,"texture":"#0","tintindex":0},"west":{"uv":[13.941176,12.117647,14.3529415,12.294118],"rotation":0,"texture":"#0","tintindex":0},"up":{"uv":[11.529411,13.588235,11.176471,13.176471],"rotation":0,"texture":"#0","tintindex":0},"down":{"uv":[11.941176,13.176471,11.588235,13.588235],"rotation":0,"texture":"#0","tintindex":0}}}],"display":{"head":{"translation":[0.0,-6.4,0.0],"scale":[4.0,4.0,4.0]}}}