{"textures":{"0":"modelengine:entity/pumpkin3"},"elements":[{"from":[6.6285715,7.028571,6.5714283],"to":[10.057143,8.742857,9.428572],"rotation":{"angle":22.5,"axis":"y","origin":[8.342857,7.885714,8.0]},"faces":{"east":{"uv":[14.0,14.235294,14.294118,14.411765],"rotation":0,"texture":"#0","tintindex":0},"south":{"uv":[14.058824,9.294118,14.411765,9.470589],"rotation":0,"texture":"#0","tintindex":0},"north":{"uv":[14.058824,9.058824,14.411765,9.235294],"rotation":0,"texture":"#0","tintindex":0},"west":{"uv":[14.294118,4.470588,14.588235,4.647059],"rotation":0,"texture":"#0","tintindex":0},"up":{"uv":[13.941176,1.0,13.588235,0.7058824],"rotation":0,"texture":"#0","tintindex":0},"down":{"uv":[13.941176,7.1764708,13.588235,7.470588],"rotation":0,"texture":"#0","tintindex":0}}}],"display":{"head":{"translation":[0.0,-6.4,0.0],"scale":[4.0,4.0,4.0]}}}