{"textures":{"0":"modelengine:entity/pumpkin3"},"elements":[{"from":[7.91971,8.254352,6.2368107],"to":[10.776854,9.62578,7.722525],"rotation":{"angle":22.5,"axis":"z","origin":[9.348282,8.940065,6.9796677]},"faces":{"east":{"uv":[12.764706,8.6470585,12.941176,8.764706],"rotation":0,"texture":"#0","tintindex":0},"south":{"uv":[13.117647,3.5882354,13.411765,3.7058823],"rotation":0,"texture":"#0","tintindex":0},"north":{"uv":[6.7058825,11.470589,7.0,11.588235],"rotation":0,"texture":"#0","tintindex":0},"west":{"uv":[12.882353,11.6470585,13.058824,11.764706],"rotation":0,"texture":"#0","tintindex":0},"up":{"uv":[14.470589,9.705882,14.176471,9.529411],"rotation":0,"texture":"#0","tintindex":0},"down":{"uv":[14.470589,11.882353,14.176471,12.058824],"rotation":0,"texture":"#0","tintindex":0}}}],"display":{"head":{"translation":[0.0,-6.4,0.0],"scale":[4.0,4.0,4.0]}}}