{"textures":{"0":"modelengine:entity/pumpkin3"},"elements":[{"from":[6.434649,1.5126462,8.530152],"to":[6.4917917,8.941217,11.958724],"rotation":{"angle":-22.5,"axis":"z","origin":[6.46322,5.2269316,10.244438]},"faces":{"east":{"uv":[3.5294118,12.529411,3.8823528,13.294118],"rotation":0,"texture":"#0","tintindex":0},"south":{"uv":[9.823529,14.235294,9.882353,15.0],"rotation":0,"texture":"#0","tintindex":0},"north":{"uv":[8.588235,14.176471,8.6470585,14.941176],"rotation":0,"texture":"#0","tintindex":0},"west":{"uv":[12.529411,9.823529,12.882353,10.588235],"rotation":0,"texture":"#0","tintindex":0},"up":{"uv":[6.647059,15.117647,6.5882354,14.764706],"rotation":0,"texture":"#0","tintindex":0},"down":{"uv":[14.823529,10.0,14.764706,10.3529415],"rotation":0,"texture":"#0","tintindex":0}}},{"from":[7.0917916,4.369789,6.8444376],"to":[8.806078,8.941217,8.558723],"rotation":{"angle":-22.5,"axis":"z","origin":[7.8039675,8.891768,7.641598]},"faces":{"east":{"uv":[13.823529,13.0,14.0,13.470589],"rotation":0,"texture":"#0","tintindex":0},"south":{"uv":[13.411765,13.823529,13.588235,14.294118],"rotation":0,"texture":"#0","tintindex":0},"north":{"uv":[8.823529,13.823529,9.0,14.294118],"rotation":0,"texture":"#0","tintindex":0},"west":{"uv":[13.823529,13.529411,14.0,14.0],"rotation":0,"texture":"#0","tintindex":0},"up":{"uv":[14.6470585,7.0588236,14.470589,6.882353],"rotation":0,"texture":"#0","tintindex":0},"down":{"uv":[14.6470585,7.7647057,14.470589,7.9411764],"rotation":0,"texture":"#0","tintindex":0}}},{"from":[6.5222464,1.659503,2.7587233],"to":[6.5793896,9.088075,6.7587233],"rotation":{"angle":-22.5,"axis":"z","origin":[6.550818,5.373789,4.8158665]},"faces":{"east":{"uv":[12.117647,5.117647,12.529411,5.882353],"rotation":0,"texture":"#0","tintindex":0},"south":{"uv":[1.8235294,14.294118,1.882353,15.058824],"rotation":0,"texture":"#0","tintindex":0},"north":{"uv":[1.5882353,14.294118,1.6470588,15.058824],"rotation":0,"texture":"#0","tintindex":0},"west":{"uv":[5.529412,12.117647,5.9411764,12.882353],"rotation":0,"texture":"#0","tintindex":0},"up":{"uv":[14.764706,9.294118,14.705882,8.882353],"rotation":0,"texture":"#0","tintindex":0},"down":{"uv":[14.176471,14.705882,14.117647,15.117647],"rotation":0,"texture":"#0","tintindex":0}}},{"from":[2.3500724,2.271851,7.341707],"to":[6.350073,9.700423,7.3988504],"rotation":{"angle":-22.5,"axis":"z","origin":[3.8357868,5.986137,7.5988503]},"faces":{"east":{"uv":[7.0588236,10.705882,7.117647,11.470589],"rotation":0,"texture":"#0","tintindex":0},"south":{"uv":[12.117647,4.2941175,12.529411,5.0588236],"rotation":0,"texture":"#0","tintindex":0},"north":{"uv":[4.117647,12.117647,4.529412,12.882353],"rotation":0,"texture":"#0","tintindex":0},"west":{"uv":[2.9411764,14.117647,3.0,14.882353],"rotation":0,"texture":"#0","tintindex":0},"up":{"uv":[15.058824,3.6470587,14.6470585,3.5882354],"rotation":0,"texture":"#0","tintindex":0},"down":{"uv":[15.058824,3.7058823,14.6470585,3.764706],"rotation":0,"texture":"#0","tintindex":0}}},{"from":[7.1150985,0.08508873,7.7417073],"to":[11.115099,7.5136604,7.7988505],"rotation":{"angle":-22.5,"axis":"z","origin":[9.115099,3.7993746,7.770279]},"faces":{"east":{"uv":[10.588235,14.3529415,10.6470585,15.117647],"rotation":0,"texture":"#0","tintindex":0},"south":{"uv":[12.117647,6.7647057,12.529411,7.529412],"rotation":0,"texture":"#0","tintindex":0},"north":{"uv":[12.117647,5.9411764,12.529411,6.7058825],"rotation":0,"texture":"#0","tintindex":0},"west":{"uv":[10.705882,14.3529415,10.764706,15.117647],"rotation":0,"texture":"#0","tintindex":0},"up":{"uv":[15.117647,2.7058823,14.705882,2.6470587],"rotation":0,"texture":"#0","tintindex":0},"down":{"uv":[15.117647,2.764706,14.705882,2.8235295],"rotation":0,"texture":"#0","tintindex":0}}}],"display":{"head":{"translation":[0.0,-6.4,0.0],"scale":[4.0,4.0,4.0]}}}