{"textures":{"0":"modelengine:entity/pumpkin3"},"elements":[{"from":[9.290996,2.7842689,8.187052],"to":[11.005281,6.21284,9.901338],"rotation":{"angle":45.0,"axis":"z","origin":[7.919567,6.61284,6.415623]},"faces":{"east":{"uv":[2.4117646,14.058824,2.5882354,14.411765],"rotation":0,"texture":"#0","tintindex":0},"south":{"uv":[14.058824,4.470588,14.235294,4.8235292],"rotation":0,"texture":"#0","tintindex":0},"north":{"uv":[0.0,14.058824,0.1764706,14.411765],"rotation":0,"texture":"#0","tintindex":0},"west":{"uv":[14.058824,4.882353,14.235294,5.2352943],"rotation":0,"texture":"#0","tintindex":0},"up":{"uv":[14.294118,14.6470585,14.117647,14.470589],"rotation":0,"texture":"#0","tintindex":0},"down":{"uv":[14.6470585,14.411765,14.470589,14.588235],"rotation":0,"texture":"#0","tintindex":0}}},{"from":[8.877393,6.403065,4.77839],"to":[12.305964,6.460208,8.206962],"rotation":{"angle":-45.0,"axis":"z","origin":[10.591679,6.431637,6.9498186]},"faces":{"east":{"uv":[14.705882,9.3529415,15.058824,9.411765],"rotation":0,"texture":"#0","tintindex":0},"south":{"uv":[14.764706,0.5882353,15.117647,0.64705884],"rotation":0,"texture":"#0","tintindex":0},"north":{"uv":[14.705882,6.0588236,15.058824,6.117647],"rotation":0,"texture":"#0","tintindex":0},"west":{"uv":[14.764706,0.7058824,15.117647,0.7647059],"rotation":0,"texture":"#0","tintindex":0},"up":{"uv":[5.0588236,13.823529,4.7058825,13.470589],"rotation":0,"texture":"#0","tintindex":0},"down":{"uv":[5.470588,13.470589,5.117647,13.823529],"rotation":0,"texture":"#0","tintindex":0}}},{"from":[6.8583293,4.2097845,8.732802],"to":[10.2869005,8.781213,8.789946],"rotation":{"angle":22.5,"axis":"z","origin":[5.7726145,5.4097843,9.247088]},"faces":{"east":{"uv":[2.8235295,14.6470585,2.8823528,15.117647],"rotation":0,"texture":"#0","tintindex":0},"south":{"uv":[10.3529415,13.117647,10.705882,13.588235],"rotation":0,"texture":"#0","tintindex":0},"north":{"uv":[13.117647,3.0588236,13.470589,3.5294118],"rotation":0,"texture":"#0","tintindex":0},"west":{"uv":[4.0,14.6470585,4.0588236,15.117647],"rotation":0,"texture":"#0","tintindex":0},"up":{"uv":[15.117647,9.529411,14.764706,9.470589],"rotation":0,"texture":"#0","tintindex":0},"down":{"uv":[15.117647,9.588235,14.764706,9.6470585],"rotation":0,"texture":"#0","tintindex":0}}},{"from":[9.81127,5.729989,9.862529],"to":[9.868412,9.729989,13.2911],"rotation":{"angle":45.0,"axis":"z","origin":[11.096984,8.301417,10.948243]},"faces":{"east":{"uv":[9.3529415,13.176471,9.705882,13.588235],"rotation":0,"texture":"#0","tintindex":0},"south":{"uv":[0.88235295,14.764706,0.9411765,15.176471],"rotation":0,"texture":"#0","tintindex":0},"north":{"uv":[14.235294,14.705882,14.294118,15.117647],"rotation":0,"texture":"#0","tintindex":0},"west":{"uv":[10.764706,13.176471,11.117647,13.588235],"rotation":0,"texture":"#0","tintindex":0},"up":{"uv":[0.47058824,15.176471,0.4117647,14.823529],"rotation":0,"texture":"#0","tintindex":0},"down":{"uv":[0.5882353,14.823529,0.5294118,15.176471],"rotation":0,"texture":"#0","tintindex":0}}}],"display":{"head":{"translation":[0.0,-6.4,0.0],"scale":[4.0,4.0,4.0]}}}