{"textures":{"0":"modelengine:entity/pumpkin3"},"elements":[{"from":[3.6189013,3.1103048,7.709958],"to":[7.6189013,10.5388775,7.7671013],"rotation":{"angle":0.0,"axis":"y","origin":[5.6189013,6.824591,7.7385297]},"faces":{"east":{"uv":[4.117647,14.117647,4.1764708,14.882353],"rotation":0,"texture":"#0","tintindex":0},"south":{"uv":[5.0588236,12.117647,5.470588,12.882353],"rotation":0,"texture":"#0","tintindex":0},"north":{"uv":[4.5882354,12.117647,5.0,12.882353],"rotation":0,"texture":"#0","tintindex":0},"west":{"uv":[7.352941,14.117647,7.4117646,14.882353],"rotation":0,"texture":"#0","tintindex":0},"up":{"uv":[15.058824,4.529412,14.6470585,4.470588],"rotation":0,"texture":"#0","tintindex":0},"down":{"uv":[15.058824,4.5882354,14.6470585,4.647059],"rotation":0,"texture":"#0","tintindex":0}}},{"from":[8.640812,2.6003094,8.109959],"to":[12.640813,8.314595,8.167101],"rotation":{"angle":22.5,"axis":"z","origin":[11.212241,5.457453,8.13853]},"faces":{"east":{"uv":[2.4117646,14.470589,2.4705882,15.058824],"rotation":0,"texture":"#0","tintindex":0},"south":{"uv":[7.882353,12.764706,8.294118,13.3529415],"rotation":0,"texture":"#0","tintindex":0},"north":{"uv":[12.705882,7.352941,13.117647,7.9411764],"rotation":0,"texture":"#0","tintindex":0},"west":{"uv":[2.5294118,14.470589,2.5882354,15.058824],"rotation":0,"texture":"#0","tintindex":0},"up":{"uv":[15.058824,11.058824,14.6470585,11.0],"rotation":0,"texture":"#0","tintindex":0},"down":{"uv":[15.058824,11.117647,14.6470585,11.176471],"rotation":0,"texture":"#0","tintindex":0}}},{"from":[6.9570794,4.593127,7.061178],"to":[8.671365,8.593126,8.775464],"rotation":{"angle":0.0,"axis":"y","origin":[8.042793,6.593127,8.261178]},"faces":{"east":{"uv":[13.941176,11.6470585,14.117647,12.058824],"rotation":0,"texture":"#0","tintindex":0},"south":{"uv":[14.0,0.0,14.176471,0.4117647],"rotation":0,"texture":"#0","tintindex":0},"north":{"uv":[0.4117647,13.941176,0.5882353,14.3529415],"rotation":0,"texture":"#0","tintindex":0},"west":{"uv":[14.0,0.47058824,14.176471,0.88235295],"rotation":0,"texture":"#0","tintindex":0},"up":{"uv":[14.6470585,9.411765,14.470589,9.235294],"rotation":0,"texture":"#0","tintindex":0},"down":{"uv":[14.6470585,11.588235,14.470589,11.764706],"rotation":0,"texture":"#0","tintindex":0}}},{"from":[8.150946,2.4645138,3.5269742],"to":[8.208088,9.8930855,6.955546],"rotation":{"angle":0.0,"axis":"y","origin":[8.179517,5.435942,5.24126]},"faces":{"east":{"uv":[12.588235,4.2941175,12.941176,5.0588236],"rotation":0,"texture":"#0","tintindex":0},"south":{"uv":[8.941176,14.3529415,9.0,15.117647],"rotation":0,"texture":"#0","tintindex":0},"north":{"uv":[8.823529,14.3529415,8.882353,15.117647],"rotation":0,"texture":"#0","tintindex":0},"west":{"uv":[12.588235,5.117647,12.941176,5.882353],"rotation":0,"texture":"#0","tintindex":0},"up":{"uv":[14.823529,14.294118,14.764706,13.941176],"rotation":0,"texture":"#0","tintindex":0},"down":{"uv":[14.882353,0.0,14.823529,0.3529412],"rotation":0,"texture":"#0","tintindex":0}}},{"from":[8.067698,2.1680956,8.669831],"to":[8.12484,9.596667,12.098404],"rotation":{"angle":0.0,"axis":"y","origin":[8.096269,5.310953,10.384117]},"faces":{"east":{"uv":[0.64705884,12.588235,1.0,13.3529415],"rotation":0,"texture":"#0","tintindex":0},"south":{"uv":[1.4705882,14.294118,1.5294118,15.058824],"rotation":0,"texture":"#0","tintindex":0},"north":{"uv":[12.6470585,14.235294,12.705882,15.0],"rotation":0,"texture":"#0","tintindex":0},"west":{"uv":[1.0588236,12.588235,1.4117647,13.3529415],"rotation":0,"texture":"#0","tintindex":0},"up":{"uv":[14.823529,13.3529415,14.764706,13.0],"rotation":0,"texture":"#0","tintindex":0},"down":{"uv":[14.823529,13.529411,14.764706,13.882353],"rotation":0,"texture":"#0","tintindex":0}}}],"display":{"head":{"translation":[0.0,-6.4,0.0],"scale":[4.0,4.0,4.0]}}}