{"textures":{"0":"modelengine:entity/pumpkin3"},"elements":[{"from":[6.285714,7.6,6.5714283],"to":[9.714286,9.314285,9.428572],"rotation":{"angle":-22.5,"axis":"y","origin":[8.0,8.457143,8.0]},"faces":{"east":{"uv":[7.1764708,10.0,7.470588,10.176471],"rotation":0,"texture":"#0","tintindex":0},"south":{"uv":[14.058824,2.4705882,14.411765,2.6470587],"rotation":0,"texture":"#0","tintindex":0},"north":{"uv":[11.176471,11.941176,11.529411,12.117647],"rotation":0,"texture":"#0","tintindex":0},"west":{"uv":[14.117647,4.0,14.411765,4.1764708],"rotation":0,"texture":"#0","tintindex":0},"up":{"uv":[13.882353,10.470589,13.529411,10.176471],"rotation":0,"texture":"#0","tintindex":0},"down":{"uv":[13.882353,10.529411,13.529411,10.823529],"rotation":0,"texture":"#0","tintindex":0}}}],"display":{"head":{"translation":[0.0,-6.4,0.0],"scale":[4.0,4.0,4.0]}}}