{"textures":{"0":"modelengine:entity/pumpkin3"},"elements":[{"from":[4.653888,7.8659234,7.4915876],"to":[13.225317,10.723066,10.34873],"rotation":{"angle":0.0,"axis":"y","origin":[20.368176,9.294495,8.405873]},"faces":{"east":{"uv":[10.3529415,13.6470585,10.6470585,13.941176],"rotation":0,"texture":"#0","tintindex":0},"south":{"uv":[12.588235,6.2941175,13.470589,6.5882354],"rotation":0,"texture":"#0","tintindex":0},"north":{"uv":[12.588235,5.9411764,13.470589,6.2352943],"rotation":0,"texture":"#0","tintindex":0},"west":{"uv":[10.705882,13.6470585,11.0,13.941176],"rotation":0,"texture":"#0","tintindex":0},"up":{"uv":[13.470589,6.9411764,12.588235,6.647059],"rotation":0,"texture":"#0","tintindex":0},"down":{"uv":[13.470589,7.0,12.588235,7.2941175],"rotation":0,"texture":"#0","tintindex":0}}}],"display":{"head":{"translation":[0.0,-6.4,0.0],"scale":[4.0,4.0,4.0]}}}