{"textures":{"0":"modelengine:entity/pumpkin3"},"elements":[{"from":[7.4861393,9.427582,10.59306],"to":[10.914711,12.284725,13.450202],"rotation":{"angle":0.0,"axis":"y","origin":[10.171854,9.99901,9.678774]},"faces":{"east":{"uv":[13.705882,5.2941175,14.0,5.5882354],"rotation":0,"texture":"#0","tintindex":0},"south":{"uv":[13.529411,12.0,13.882353,12.294118],"rotation":0,"texture":"#0","tintindex":0},"north":{"uv":[13.529411,11.6470585,13.882353,11.941176],"rotation":0,"texture":"#0","tintindex":0},"west":{"uv":[13.705882,8.411765,14.0,8.705882],"rotation":0,"texture":"#0","tintindex":0},"up":{"uv":[13.941176,0.29411766,13.588235,0.0],"rotation":0,"texture":"#0","tintindex":0},"down":{"uv":[13.941176,0.3529412,13.588235,0.64705884],"rotation":0,"texture":"#0","tintindex":0}}}],"display":{"head":{"translation":[0.0,-6.4,0.0],"scale":[4.0,4.0,4.0]}}}