{"textures":{"0":"modelengine:entity/pumpkin3"},"elements":[{"from":[7.6571426,7.8285713,9.828571],"to":[8.8,10.114286,10.971429],"rotation":{"angle":-22.5,"axis":"z","origin":[8.0,8.457143,8.0]},"faces":{"east":{"uv":[14.6470585,0.0,14.764706,0.23529412],"rotation":0,"texture":"#0","tintindex":0},"south":{"uv":[14.6470585,0.29411766,14.764706,0.5294118],"rotation":0,"texture":"#0","tintindex":0},"north":{"uv":[14.588235,14.117647,14.705882,14.3529415],"rotation":0,"texture":"#0","tintindex":0},"west":{"uv":[14.6470585,1.1764706,14.764706,1.4117647],"rotation":0,"texture":"#0","tintindex":0},"up":{"uv":[11.882353,13.764706,11.764706,13.6470585],"rotation":0,"texture":"#0","tintindex":0},"down":{"uv":[14.941176,1.882353,14.823529,2.0],"rotation":0,"texture":"#0","tintindex":0}}},{"from":[8.285714,4.9714284,9.257143],"to":[8.342857,7.8285713,10.971429],"rotation":{"angle":-22.5,"axis":"z","origin":[8.0,8.457143,8.0]},"faces":{"east":{"uv":[12.235294,11.823529,12.411765,12.117647],"rotation":0,"texture":"#0","tintindex":0},"south":{"uv":[14.823529,6.352941,14.882353,6.647059],"rotation":0,"texture":"#0","tintindex":0},"north":{"uv":[14.823529,5.647059,14.882353,5.9411764],"rotation":0,"texture":"#0","tintindex":0},"west":{"uv":[6.7647057,14.235294,6.9411764,14.529411],"rotation":0,"texture":"#0","tintindex":0},"up":{"uv":[15.0,5.470588,14.941176,5.2941175],"rotation":0,"texture":"#0","tintindex":0},"down":{"uv":[15.0,5.529412,14.941176,5.7058825],"rotation":0,"texture":"#0","tintindex":0}}}],"display":{"head":{"translation":[0.0,-6.4,0.0],"scale":[4.0,4.0,4.0]}}}