{"textures":{"0":"modelengine:entity/pumpkin3"},"elements":[{"from":[7.2260003,4.1482,8.287906],"to":[9.511715,8.719628,10.57362],"rotation":{"angle":22.5,"axis":"z","origin":[8.940286,6.433914,9.430762]},"faces":{"east":{"uv":[7.470588,13.470589,7.7058825,13.941176],"rotation":0,"texture":"#0","tintindex":0},"south":{"uv":[9.941176,13.470589,10.176471,13.941176],"rotation":0,"texture":"#0","tintindex":0},"north":{"uv":[5.529412,13.470589,5.7647057,13.941176],"rotation":0,"texture":"#0","tintindex":0},"west":{"uv":[0.0,13.529411,0.23529412,14.0],"rotation":0,"texture":"#0","tintindex":0},"up":{"uv":[14.470589,0.23529412,14.235294,0.0],"rotation":0,"texture":"#0","tintindex":0},"down":{"uv":[14.470589,0.29411766,14.235294,0.5294118],"rotation":0,"texture":"#0","tintindex":0}}}],"display":{"head":{"translation":[0.0,-6.4,0.0],"scale":[4.0,4.0,4.0]}}}