{"textures":{"0":"modelengine:entity/pumpkin3"},"elements":[{"from":[8.114285,8.114285,11.085714],"to":[9.257143,10.4,12.228572],"rotation":{"angle":-22.5,"axis":"z","origin":[8.0,8.457143,8.0]},"faces":{"east":{"uv":[3.8235295,14.6470585,3.9411764,14.882353],"rotation":0,"texture":"#0","tintindex":0},"south":{"uv":[14.6470585,5.2941175,14.764706,5.529412],"rotation":0,"texture":"#0","tintindex":0},"north":{"uv":[2.6470587,14.6470585,2.764706,14.882353],"rotation":0,"texture":"#0","tintindex":0},"west":{"uv":[5.8235292,14.6470585,5.9411764,14.882353],"rotation":0,"texture":"#0","tintindex":0},"up":{"uv":[14.941176,9.235294,14.823529,9.117647],"rotation":0,"texture":"#0","tintindex":0},"down":{"uv":[15.0,2.8823528,14.882353,3.0],"rotation":0,"texture":"#0","tintindex":0}}},{"from":[8.685715,5.2571425,10.514286],"to":[8.742857,8.114285,12.228572],"rotation":{"angle":-22.5,"axis":"z","origin":[8.0,8.457143,8.0]},"faces":{"east":{"uv":[9.588235,14.235294,9.764706,14.529411],"rotation":0,"texture":"#0","tintindex":0},"south":{"uv":[14.823529,8.411765,14.882353,8.705882],"rotation":0,"texture":"#0","tintindex":0},"north":{"uv":[14.823529,6.7058825,14.882353,7.0],"rotation":0,"texture":"#0","tintindex":0},"west":{"uv":[11.705882,14.235294,11.882353,14.529411],"rotation":0,"texture":"#0","tintindex":0},"up":{"uv":[15.0,5.9411764,14.941176,5.7647057],"rotation":0,"texture":"#0","tintindex":0},"down":{"uv":[5.882353,14.941176,5.8235292,15.117647],"rotation":0,"texture":"#0","tintindex":0}}}],"display":{"head":{"translation":[0.0,-6.4,0.0],"scale":[4.0,4.0,4.0]}}}