{"textures":{"0":"modelengine:entity/pumpkin3"},"elements":[{"from":[7.291968,4.462384,7.0134788],"to":[9.006254,9.0338125,8.727765],"rotation":{"angle":-22.5,"axis":"y","origin":[8.149111,6.7480984,7.8706217]},"faces":{"east":{"uv":[0.4117647,12.882353,0.5882353,13.3529415],"rotation":0,"texture":"#0","tintindex":0},"south":{"uv":[8.470589,13.6470585,8.6470585,14.117647],"rotation":0,"texture":"#0","tintindex":0},"north":{"uv":[10.3529415,12.117647,10.529411,12.588235],"rotation":0,"texture":"#0","tintindex":0},"west":{"uv":[1.4705882,13.764706,1.6470588,14.235294],"rotation":0,"texture":"#0","tintindex":0},"up":{"uv":[2.5882354,13.3529415,2.4117646,13.176471],"rotation":0,"texture":"#0","tintindex":0},"down":{"uv":[14.6470585,2.6470587,14.470589,2.8235295],"rotation":0,"texture":"#0","tintindex":0}}}],"display":{"head":{"translation":[0.0,-6.4,0.0],"scale":[4.0,4.0,4.0]}}}