{"textures":{"0":"modelengine:entity/pumpkin3"},"elements":[{"from":[6.29894,4.2118607,8.262587],"to":[10.298941,7.0690036,11.691158],"rotation":{"angle":22.5,"axis":"z","origin":[4.8132257,5.640432,9.9768715]},"faces":{"east":{"uv":[4.117647,11.764706,4.470588,12.058824],"rotation":0,"texture":"#0","tintindex":0},"south":{"uv":[7.0,13.470589,7.4117646,13.764706],"rotation":0,"texture":"#0","tintindex":0},"north":{"uv":[6.529412,13.470589,6.9411764,13.764706],"rotation":0,"texture":"#0","tintindex":0},"west":{"uv":[13.529411,8.058824,13.882353,8.3529415],"rotation":0,"texture":"#0","tintindex":0},"up":{"uv":[13.529411,12.941176,13.117647,12.588235],"rotation":0,"texture":"#0","tintindex":0},"down":{"uv":[13.588235,1.882353,13.176471,2.235294],"rotation":0,"texture":"#0","tintindex":0}}}],"display":{"head":{"translation":[0.0,-6.4,0.0],"scale":[4.0,4.0,4.0]}}}