{"textures":{"0":"modelengine:entity/pumpkin3"},"elements":[{"from":[6.1178317,8.835691,8.658716],"to":[8.403546,14.549977,10.94443],"rotation":{"angle":-22.5,"axis":"y","origin":[7.260689,11.692834,10.544431]},"faces":{"east":{"uv":[6.2352943,13.235294,6.470588,13.823529],"rotation":0,"texture":"#0","tintindex":0},"south":{"uv":[13.235294,7.8235292,13.470589,8.411765],"rotation":0,"texture":"#0","tintindex":0},"north":{"uv":[12.0,13.176471,12.235294,13.764706],"rotation":0,"texture":"#0","tintindex":0},"west":{"uv":[13.235294,10.3529415,13.470589,10.941176],"rotation":0,"texture":"#0","tintindex":0},"up":{"uv":[14.470589,0.8235294,14.235294,0.5882353],"rotation":0,"texture":"#0","tintindex":0},"down":{"uv":[1.0,14.235294,0.7647059,14.470589],"rotation":0,"texture":"#0","tintindex":0}}},{"from":[6.056305,7.073038,8.014866],"to":[8.913448,11.644466,10.872009],"rotation":{"angle":-22.5,"axis":"y","origin":[7.0277333,9.415895,9.614866]},"faces":{"east":{"uv":[3.5294118,13.3529415,3.8235295,13.823529],"rotation":0,"texture":"#0","tintindex":0},"south":{"uv":[13.3529415,4.2352943,13.6470585,4.7058825],"rotation":0,"texture":"#0","tintindex":0},"north":{"uv":[8.823529,13.294118,9.117647,13.764706],"rotation":0,"texture":"#0","tintindex":0},"west":{"uv":[13.3529415,4.7647057,13.6470585,5.2352943],"rotation":0,"texture":"#0","tintindex":0},"up":{"uv":[14.0,4.882353,13.705882,4.5882354],"rotation":0,"texture":"#0","tintindex":0},"down":{"uv":[14.0,4.9411764,13.705882,5.2352943],"rotation":0,"texture":"#0","tintindex":0}}},{"from":[5.7685723,7.077274,6.8666344],"to":[9.768573,9.362988,11.438064],"rotation":{"angle":-22.5,"axis":"y","origin":[7.540001,8.220131,9.152349]},"faces":{"east":{"uv":[13.529411,2.4705882,14.0,2.7058823],"rotation":0,"texture":"#0","tintindex":0},"south":{"uv":[13.6470585,1.882353,14.058824,2.1176472],"rotation":0,"texture":"#0","tintindex":0},"north":{"uv":[13.588235,12.588235,14.0,12.823529],"rotation":0,"texture":"#0","tintindex":0},"west":{"uv":[13.529411,2.764706,14.0,3.0],"rotation":0,"texture":"#0","tintindex":0},"up":{"uv":[4.882353,13.411765,4.470588,12.941176],"rotation":0,"texture":"#0","tintindex":0},"down":{"uv":[5.352941,12.941176,4.9411764,13.411765],"rotation":0,"texture":"#0","tintindex":0}}},{"from":[7.042217,7.3142858,4.4472475],"to":[10.470789,9.028571,8.4472475],"rotation":{"angle":-22.5,"axis":"y","origin":[7.5565023,8.171429,6.4472475]},"faces":{"east":{"uv":[13.941176,10.0,14.3529415,10.176471],"rotation":0,"texture":"#0","tintindex":0},"south":{"uv":[14.058824,4.2352943,14.411765,4.4117646],"rotation":0,"texture":"#0","tintindex":0},"north":{"uv":[14.058824,2.7058823,14.411765,2.8823528],"rotation":0,"texture":"#0","tintindex":0},"west":{"uv":[13.941176,10.235294,14.3529415,10.411765],"rotation":0,"texture":"#0","tintindex":0},"up":{"uv":[2.3529413,13.588235,2.0,13.176471],"rotation":0,"texture":"#0","tintindex":0},"down":{"uv":[13.529411,7.352941,13.176471,7.7647057],"rotation":0,"texture":"#0","tintindex":0}}}],"display":{"head":{"translation":[0.0,-6.4,0.0],"scale":[4.0,4.0,4.0]}}}