{"textures":{"0":"modelengine:entity/pumpkin3"},"elements":[{"from":[5.5072064,2.2768164,10.419896],"to":[10.078635,7.419674,10.477038],"rotation":{"angle":0.0,"axis":"y","origin":[6.5160723,6.483625,11.346145]},"faces":{"east":{"uv":[14.588235,5.647059,14.6470585,6.1764708],"rotation":0,"texture":"#0","tintindex":0},"south":{"uv":[12.6470585,1.882353,13.117647,2.4117646],"rotation":0,"texture":"#0","tintindex":0},"north":{"uv":[1.4705882,12.6470585,1.9411764,13.176471],"rotation":0,"texture":"#0","tintindex":0},"west":{"uv":[6.0,14.588235,6.0588236,15.117647],"rotation":0,"texture":"#0","tintindex":0},"up":{"uv":[15.058824,11.529411,14.588235,11.470589],"rotation":0,"texture":"#0","tintindex":0},"down":{"uv":[15.058824,12.588235,14.588235,12.6470585],"rotation":0,"texture":"#0","tintindex":0}}}],"display":{"head":{"translation":[0.0,-6.4,0.0],"scale":[4.0,4.0,4.0]}}}