{"textures":{"0":"modelengine:entity/pumpkin3"},"elements":[{"from":[7.457143,8.028571,10.428572],"to":[8.6,10.314286,11.571428],"rotation":{"angle":22.5,"axis":"z","origin":[8.0,8.457143,8.0]},"faces":{"east":{"uv":[14.588235,13.529411,14.705882,13.764706],"rotation":0,"texture":"#0","tintindex":0},"south":{"uv":[13.764706,14.588235,13.882353,14.823529],"rotation":0,"texture":"#0","tintindex":0},"north":{"uv":[13.0,14.588235,13.117647,14.823529],"rotation":0,"texture":"#0","tintindex":0},"west":{"uv":[14.588235,13.823529,14.705882,14.058824],"rotation":0,"texture":"#0","tintindex":0},"up":{"uv":[12.470589,9.529411,12.3529415,9.411765],"rotation":0,"texture":"#0","tintindex":0},"down":{"uv":[13.3529415,11.0,13.235294,11.117647],"rotation":0,"texture":"#0","tintindex":0}}},{"from":[7.9142857,5.1714287,9.857143],"to":[7.9714284,8.028571,11.571428],"rotation":{"angle":22.5,"axis":"z","origin":[8.0,8.457143,8.0]},"faces":{"east":{"uv":[12.411765,14.235294,12.588235,14.529411],"rotation":0,"texture":"#0","tintindex":0},"south":{"uv":[14.882353,10.058824,14.941176,10.3529415],"rotation":0,"texture":"#0","tintindex":0},"north":{"uv":[14.882353,9.705882,14.941176,10.0],"rotation":0,"texture":"#0","tintindex":0},"west":{"uv":[13.764706,14.235294,13.941176,14.529411],"rotation":0,"texture":"#0","tintindex":0},"up":{"uv":[15.0,7.0,14.941176,6.8235292],"rotation":0,"texture":"#0","tintindex":0},"down":{"uv":[7.4117646,14.941176,7.352941,15.117647],"rotation":0,"texture":"#0","tintindex":0}}}],"display":{"head":{"translation":[0.0,-6.4,0.0],"scale":[4.0,4.0,4.0]}}}