{"textures":{"0":"modelengine:entity/pumpkin3"},"elements":[{"from":[5.488659,1.5978336,9.318007],"to":[10.631516,7.8835483,9.37515],"rotation":{"angle":0.0,"axis":"y","origin":[8.060087,4.740691,8.203721]},"faces":{"east":{"uv":[2.1176472,14.411765,2.1764705,15.058824],"rotation":0,"texture":"#0","tintindex":0},"south":{"uv":[10.588235,11.941176,11.117647,12.588235],"rotation":0,"texture":"#0","tintindex":0},"north":{"uv":[1.5882353,11.941176,2.1176472,12.588235],"rotation":0,"texture":"#0","tintindex":0},"west":{"uv":[4.882353,14.411765,4.9411764,15.058824],"rotation":0,"texture":"#0","tintindex":0},"up":{"uv":[15.0,4.0588236,14.470589,4.0],"rotation":0,"texture":"#0","tintindex":0},"down":{"uv":[15.0,4.117647,14.470589,4.1764708],"rotation":0,"texture":"#0","tintindex":0}}}],"display":{"head":{"translation":[0.0,-6.4,0.0],"scale":[4.0,4.0,4.0]}}}