{"textures":{"0":"modelengine:entity/pumpkin3"},"elements":[{"from":[5.7564726,2.1680555,8.665279],"to":[11.470758,7.310913,8.722423],"rotation":{"angle":0.0,"axis":"y","origin":[8.613616,2.4537702,8.693851]},"faces":{"east":{"uv":[4.352941,14.588235,4.4117646,15.117647],"rotation":0,"texture":"#0","tintindex":0},"south":{"uv":[7.882353,12.176471,8.470589,12.705882],"rotation":0,"texture":"#0","tintindex":0},"north":{"uv":[12.117647,8.235294,12.705882,8.764706],"rotation":0,"texture":"#0","tintindex":0},"west":{"uv":[4.470588,14.588235,4.529412,15.117647],"rotation":0,"texture":"#0","tintindex":0},"up":{"uv":[15.0,12.294118,14.411765,12.235294],"rotation":0,"texture":"#0","tintindex":0},"down":{"uv":[15.058824,1.5294118,14.470589,1.5882353],"rotation":0,"texture":"#0","tintindex":0}}}],"display":{"head":{"translation":[0.0,-6.4,0.0],"scale":[4.0,4.0,4.0]}}}