{"textures":{"0":"modelengine:entity/pumpkin3"},"elements":[{"from":[6.369912,4.623451,8.165637],"to":[9.227056,9.19488,11.02278],"rotation":{"angle":0.0,"axis":"y","origin":[2.855126,15.499411,9.327697]},"faces":{"east":{"uv":[13.235294,0.5294118,13.529411,1.0],"rotation":0,"texture":"#0","tintindex":0},"south":{"uv":[1.4705882,13.235294,1.7647059,13.705882],"rotation":0,"texture":"#0","tintindex":0},"north":{"uv":[13.235294,0.0,13.529411,0.47058824],"rotation":0,"texture":"#0","tintindex":0},"west":{"uv":[5.882353,13.235294,6.1764708,13.705882],"rotation":0,"texture":"#0","tintindex":0},"up":{"uv":[11.3529415,13.941176,11.058824,13.6470585],"rotation":0,"texture":"#0","tintindex":0},"down":{"uv":[11.705882,13.6470585,11.411765,13.941176],"rotation":0,"texture":"#0","tintindex":0}}}],"display":{"head":{"translation":[0.0,-6.4,0.0],"scale":[4.0,4.0,4.0]}}}