{"textures":{"0":"modelengine:entity/pumpkin3"},"elements":[{"from":[7.714286,8.0,9.714286],"to":[8.857143,10.285714,10.857143],"rotation":{"angle":-22.5,"axis":"z","origin":[8.328571,7.857143,9.4]},"faces":{"east":{"uv":[14.6470585,9.705882,14.764706,9.941176],"rotation":0,"texture":"#0","tintindex":0},"south":{"uv":[14.470589,14.6470585,14.588235,14.882353],"rotation":0,"texture":"#0","tintindex":0},"north":{"uv":[14.6470585,6.352941,14.764706,6.5882354],"rotation":0,"texture":"#0","tintindex":0},"west":{"uv":[14.6470585,14.6470585,14.764706,14.882353],"rotation":0,"texture":"#0","tintindex":0},"up":{"uv":[15.0,7.882353,14.882353,7.7647057],"rotation":0,"texture":"#0","tintindex":0},"down":{"uv":[15.0,11.588235,14.882353,11.705882],"rotation":0,"texture":"#0","tintindex":0}}},{"from":[8.342857,5.142857,9.142858],"to":[8.4,8.0,10.857143],"rotation":{"angle":-22.5,"axis":"z","origin":[8.328571,7.857143,9.4]},"faces":{"east":{"uv":[11.941176,14.235294,12.117647,14.529411],"rotation":0,"texture":"#0","tintindex":0},"south":{"uv":[14.823529,14.6470585,14.882353,14.941176],"rotation":0,"texture":"#0","tintindex":0},"north":{"uv":[14.823529,8.764706,14.882353,9.058824],"rotation":0,"texture":"#0","tintindex":0},"west":{"uv":[12.176471,14.235294,12.3529415,14.529411],"rotation":0,"texture":"#0","tintindex":0},"up":{"uv":[15.0,6.529412,14.941176,6.352941],"rotation":0,"texture":"#0","tintindex":0},"down":{"uv":[15.0,6.5882354,14.941176,6.7647057],"rotation":0,"texture":"#0","tintindex":0}}}],"display":{"head":{"translation":[0.0,-6.4,0.0],"scale":[4.0,4.0,4.0]}}}