{"textures":{"0":"modelengine:entity/pumpkin3"},"elements":[{"from":[5.4082685,3.1407256,9.029545],"to":[10.551126,8.855012,9.086688],"rotation":{"angle":0.0,"axis":"y","origin":[7.979697,5.9978685,9.058117]},"faces":{"east":{"uv":[0.0,14.470589,0.05882353,15.058824],"rotation":0,"texture":"#0","tintindex":0},"south":{"uv":[9.764706,12.117647,10.294118,12.705882],"rotation":0,"texture":"#0","tintindex":0},"north":{"uv":[9.176471,12.117647,9.705882,12.705882],"rotation":0,"texture":"#0","tintindex":0},"west":{"uv":[0.11764706,14.470589,0.1764706,15.058824],"rotation":0,"texture":"#0","tintindex":0},"up":{"uv":[15.0,4.2941175,14.470589,4.2352943],"rotation":0,"texture":"#0","tintindex":0},"down":{"uv":[15.0,4.352941,14.470589,4.4117646],"rotation":0,"texture":"#0","tintindex":0}}}],"display":{"head":{"translation":[0.0,-6.4,0.0],"scale":[4.0,4.0,4.0]}}}