{"textures":{"0":"modelengine:entity/pumpkin3"},"elements":[{"from":[6.1560616,2.539937,6.8297844],"to":[9.013205,8.825651,9.686928],"rotation":{"angle":-22.5,"axis":"y","origin":[8.402069,9.143345,7.98724]},"faces":{"east":{"uv":[10.0,12.764706,10.294118,13.411765],"rotation":0,"texture":"#0","tintindex":0},"south":{"uv":[3.1764705,12.941176,3.4705882,13.588235],"rotation":0,"texture":"#0","tintindex":0},"north":{"uv":[7.1764708,9.294118,7.470588,9.941176],"rotation":0,"texture":"#0","tintindex":0},"west":{"uv":[13.0,4.2352943,13.294118,4.882353],"rotation":0,"texture":"#0","tintindex":0},"up":{"uv":[14.0,1.4705882,13.705882,1.1764706],"rotation":0,"texture":"#0","tintindex":0},"down":{"uv":[14.0,4.2352943,13.705882,4.529412],"rotation":0,"texture":"#0","tintindex":0}}}],"display":{"head":{"translation":[0.0,-6.4,0.0],"scale":[4.0,4.0,4.0]}}}