{"textures":{"0":"modelengine:entity/sm_artoriasknight"},"elements":[{"from":[6.6857142,7.8405223,7.8206854],"to":[9.314285,10.469094,10.764686],"rotation":{"angle":0.0,"axis":"y","origin":[8.0,9.154808,9.2926855]},"faces":{"east":{"uv":[2.625,11.25,1.875,11.875],"rotation":0,"texture":"#0","tintindex":0},"south":{"uv":[6.375,11.75,7.0,12.375],"rotation":0,"texture":"#0","tintindex":0},"north":{"uv":[4.75,11.75,5.375,12.375],"rotation":0,"texture":"#0","tintindex":0},"west":{"uv":[1.875,11.25,2.625,11.875],"rotation":0,"texture":"#0","tintindex":0},"up":{"uv":[11.875,4.0,11.25,3.25],"rotation":0,"texture":"#0","tintindex":0},"down":{"uv":[4.75,11.25,4.125,12.0],"rotation":0,"texture":"#0","tintindex":0}}},{"from":[5.527327,10.990927,5.1920958],"to":[10.38447,14.990927,9.763524],"rotation":{"angle":22.5,"axis":"x","origin":[7.955899,10.990927,7.47781]},"faces":{"east":{"uv":[0.0,7.875,1.0,8.75],"rotation":0,"texture":"#0","tintindex":0},"south":{"uv":[3.25,6.875,4.375,7.75],"rotation":0,"texture":"#0","tintindex":0},"north":{"uv":[2.125,6.875,3.25,7.75],"rotation":0,"texture":"#0","tintindex":0},"west":{"uv":[1.0,7.875,0.0,8.75],"rotation":0,"texture":"#0","tintindex":0},"up":{"uv":[7.125,4.625,6.0,3.625],"rotation":0,"texture":"#0","tintindex":0},"down":{"uv":[7.25,4.625,6.125,5.625],"rotation":0,"texture":"#0","tintindex":0}}},{"from":[5.8130417,8.770458,5.2926526],"to":[10.098756,12.19903,9.864081],"rotation":{"angle":0.0,"axis":"y","origin":[7.955899,10.19903,7.1497955]},"faces":{"east":{"uv":[9.125,9.375,8.125,10.125],"rotation":0,"texture":"#0","tintindex":0},"south":{"uv":[9.25,2.75,10.25,3.5],"rotation":0,"texture":"#0","tintindex":0},"north":{"uv":[9.25,2.75,10.25,3.5],"rotation":0,"texture":"#0","tintindex":0},"west":{"uv":[8.125,9.375,9.125,10.125],"rotation":0,"texture":"#0","tintindex":0},"up":{"uv":[5.5,7.75,4.5,6.75],"rotation":0,"texture":"#0","tintindex":0},"down":{"uv":[1.0,6.875,0.0,7.875],"rotation":0,"texture":"#0","tintindex":0}}},{"from":[6.4,10.114286,8.4],"to":[9.6,13.885715,11.028572],"rotation":{"angle":0.0,"axis":"y","origin":[8.0,12.0,20.0]},"faces":{"east":{"uv":[2.75,10.375,2.125,11.25],"rotation":0,"texture":"#0","tintindex":0},"south":{"uv":[0.75,10.0,1.5,10.875],"rotation":0,"texture":"#0","tintindex":0},"north":{"uv":[0.75,10.0,1.5,10.875],"rotation":0,"texture":"#0","tintindex":0},"west":{"uv":[2.125,10.375,2.75,11.25],"rotation":0,"texture":"#0","tintindex":0},"up":{"uv":[12.0,6.875,11.25,6.25],"rotation":0,"texture":"#0","tintindex":0},"down":{"uv":[12.0,6.875,11.25,7.5],"rotation":0,"texture":"#0","tintindex":0}}}],"display":{"head":{"translation":[0.0,-6.4,0.0],"scale":[4.0,4.0,4.0]}}}