{"textures":{"0":"modelengine:entity/sm_artoriasknight"},"elements":[{"from":[4.915198,6.5288258,4.680869],"to":[10.286627,8.243019,8.843911],"rotation":{"angle":-45.0,"axis":"x","origin":[-5.5419455,7.3859224,6.76239]},"faces":{"east":{"uv":[12.75,2.5,11.875,2.875],"rotation":0,"texture":"#0","tintindex":0},"south":{"uv":[12.5,5.125,11.375,5.5],"rotation":0,"texture":"#0","tintindex":0},"north":{"uv":[11.375,5.125,12.5,5.5],"rotation":0,"texture":"#0","tintindex":0},"west":{"uv":[11.875,2.5,12.75,2.875],"rotation":0,"texture":"#0","tintindex":0},"up":{"uv":[7.75,2.75,6.625,1.875],"rotation":0,"texture":"#0","tintindex":0},"down":{"uv":[7.75,1.875,6.625,2.75],"rotation":0,"texture":"#0","tintindex":0}}},{"from":[4.122145,7.5222106,3.838471],"to":[10.979288,9.971059,9.960591],"rotation":{"angle":-22.5,"axis":"x","origin":[7.550717,8.7466345,6.8995314]},"faces":{"east":{"uv":[9.25,0.0,10.625,0.5],"rotation":0,"texture":"#0","tintindex":0},"south":{"uv":[8.75,2.25,10.25,2.75],"rotation":0,"texture":"#0","tintindex":0},"north":{"uv":[8.75,2.25,10.25,2.75],"rotation":0,"texture":"#0","tintindex":0},"west":{"uv":[10.625,0.0,9.25,0.5],"rotation":0,"texture":"#0","tintindex":0},"up":{"uv":[3.25,1.375,1.75,0.0],"rotation":0,"texture":"#0","tintindex":0},"down":{"uv":[3.25,0.0,1.75,1.375],"rotation":0,"texture":"#0","tintindex":0}}},{"from":[6.4078593,5.7003975,3.1117249],"to":[10.40786,8.7206745,3.1117249],"rotation":{"angle":-22.5,"axis":"x","origin":[8.40786,7.6391077,2.397439]},"faces":{"east":{"uv":[0.0,0.0,0.0,0.625],"rotation":0,"texture":"#0","tintindex":0},"south":{"uv":[11.0,9.0,10.125,9.625],"rotation":0,"texture":"#0","tintindex":0},"north":{"uv":[10.125,9.0,11.0,9.625],"rotation":0,"texture":"#0","tintindex":0},"west":{"uv":[0.0,0.0,0.0,0.625],"rotation":0,"texture":"#0","tintindex":0},"up":{"uv":[0.875,0.0,0.0,0.0],"rotation":0,"texture":"#0","tintindex":0},"down":{"uv":[0.875,0.0,0.0,0.0],"rotation":0,"texture":"#0","tintindex":0}}},{"from":[3.3874674,8.420334,3.51503],"to":[11.6731825,11.56319,11.229316],"rotation":{"angle":0.0,"axis":"y","origin":[7.611777,10.134504,7.1679106]},"faces":{"east":{"uv":[8.0,0.0,6.375,0.625],"rotation":0,"texture":"#0","tintindex":0},"south":{"uv":[6.25,5.625,8.0,6.25],"rotation":0,"texture":"#0","tintindex":0},"north":{"uv":[2.75,6.25,4.5,6.875],"rotation":0,"texture":"#0","tintindex":0},"west":{"uv":[6.375,0.0,8.0,0.625],"rotation":0,"texture":"#0","tintindex":0},"up":{"uv":[1.75,1.625,0.0,0.0],"rotation":0,"texture":"#0","tintindex":0},"down":{"uv":[1.75,0.0,0.0,1.625],"rotation":0,"texture":"#0","tintindex":0}}},{"from":[3.673182,10.991762,3.51503],"to":[11.387468,13.563191,8.372173],"rotation":{"angle":22.5,"axis":"x","origin":[6.9588966,11.13462,4.2293158]},"faces":{"east":{"uv":[10.375,5.125,11.375,5.625],"rotation":0,"texture":"#0","tintindex":0},"south":{"uv":[7.875,6.25,9.5,6.75],"rotation":0,"texture":"#0","tintindex":0},"north":{"uv":[6.375,0.625,8.0,1.125],"rotation":0,"texture":"#0","tintindex":0},"west":{"uv":[10.5,1.5,11.5,2.0],"rotation":0,"texture":"#0","tintindex":0},"up":{"uv":[4.875,4.5,3.25,3.5],"rotation":0,"texture":"#0","tintindex":0},"down":{"uv":[3.125,4.125,1.5,5.125],"rotation":0,"texture":"#0","tintindex":0}}},{"from":[3.9588962,11.13462,4.51503],"to":[11.101753,13.706049,11.086458],"rotation":{"angle":0.0,"axis":"y","origin":[6.9588966,11.13462,7.657887]},"faces":{"east":{"uv":[0.75,9.5,2.125,10.0],"rotation":0,"texture":"#0","tintindex":0},"south":{"uv":[9.125,4.125,10.625,4.625],"rotation":0,"texture":"#0","tintindex":0},"north":{"uv":[9.0,3.625,10.5,4.125],"rotation":0,"texture":"#0","tintindex":0},"west":{"uv":[9.5,1.0,10.875,1.5],"rotation":0,"texture":"#0","tintindex":0},"up":{"uv":[3.25,4.125,1.75,2.75],"rotation":0,"texture":"#0","tintindex":0},"down":{"uv":[1.5,3.25,0.0,4.625],"rotation":0,"texture":"#0","tintindex":0}}},{"from":[4.530325,12.448906,5.086458],"to":[10.530325,14.448906,10.51503],"rotation":{"angle":-22.5,"axis":"x","origin":[7.530325,13.277477,7.800744]},"faces":{"east":{"uv":[11.5,0.375,12.625,0.75],"rotation":0,"texture":"#0","tintindex":0},"south":{"uv":[10.875,10.0,12.125,10.375],"rotation":0,"texture":"#0","tintindex":0},"north":{"uv":[10.875,9.625,12.125,10.0],"rotation":0,"texture":"#0","tintindex":0},"west":{"uv":[11.5,1.375,12.625,1.75],"rotation":0,"texture":"#0","tintindex":0},"up":{"uv":[6.125,5.875,4.875,4.75],"rotation":0,"texture":"#0","tintindex":0},"down":{"uv":[6.375,0.0,5.125,1.125],"rotation":0,"texture":"#0","tintindex":0}}},{"from":[3.1017537,10.13462,6.51503],"to":[11.958897,14.420334,10.800744],"rotation":{"angle":45.0,"axis":"x","origin":[7.530325,12.420334,7.657887]},"faces":{"east":{"uv":[8.125,3.625,9.0,4.5],"rotation":0,"texture":"#0","tintindex":0},"south":{"uv":[3.25,1.75,5.125,2.625],"rotation":0,"texture":"#0","tintindex":0},"north":{"uv":[3.25,1.75,5.125,2.625],"rotation":0,"texture":"#0","tintindex":0},"west":{"uv":[8.125,3.625,9.0,4.5],"rotation":0,"texture":"#0","tintindex":0},"up":{"uv":[5.125,2.625,3.25,1.75],"rotation":0,"texture":"#0","tintindex":0},"down":{"uv":[5.125,1.75,3.25,2.625],"rotation":0,"texture":"#0","tintindex":0}}},{"from":[5.816039,8.882674,2.6837473],"to":[10.387468,12.882444,2.6837473],"rotation":{"angle":0.0,"axis":"y","origin":[8.101753,10.882559,2.6837473]},"faces":{"east":{"uv":[0.0,0.0,0.0,0.875],"rotation":0,"texture":"#0","tintindex":0},"south":{"uv":[8.25,6.875,7.25,7.75],"rotation":0,"texture":"#0","tintindex":0},"north":{"uv":[7.25,6.875,8.25,7.75],"rotation":0,"texture":"#0","tintindex":0},"west":{"uv":[0.0,0.0,0.0,0.875],"rotation":0,"texture":"#0","tintindex":0},"up":{"uv":[1.0,0.0,0.0,0.0],"rotation":0,"texture":"#0","tintindex":0},"down":{"uv":[1.0,0.0,0.0,0.0],"rotation":0,"texture":"#0","tintindex":0}}},{"from":[10.136416,8.829183,3.6229577],"to":[11.850702,12.828953,3.6229577],"rotation":{"angle":-45.0,"axis":"y","origin":[10.99356,10.829067,3.4801006]},"faces":{"east":{"uv":[0.0,0.0,0.0,0.875],"rotation":0,"texture":"#0","tintindex":0},"south":{"uv":[12.25,2.875,11.875,3.75],"rotation":0,"texture":"#0","tintindex":0},"north":{"uv":[11.875,2.875,12.25,3.75],"rotation":0,"texture":"#0","tintindex":0},"west":{"uv":[0.0,0.0,0.0,0.875],"rotation":0,"texture":"#0","tintindex":0},"up":{"uv":[0.375,0.0,0.0,0.0],"rotation":0,"texture":"#0","tintindex":0},"down":{"uv":[0.375,0.0,0.0,0.0],"rotation":0,"texture":"#0","tintindex":0}}},{"from":[4.2650023,7.4227705,7.0580845],"to":[11.122146,9.708485,11.0580845],"rotation":{"angle":0.0,"axis":"y","origin":[7.611777,9.790051,9.466149]},"faces":{"east":{"uv":[12.25,4.0,11.375,4.5],"rotation":0,"texture":"#0","tintindex":0},"south":{"uv":[9.125,6.75,10.625,7.25],"rotation":0,"texture":"#0","tintindex":0},"north":{"uv":[9.125,6.75,10.625,7.25],"rotation":0,"texture":"#0","tintindex":0},"west":{"uv":[11.375,4.0,12.25,4.5],"rotation":0,"texture":"#0","tintindex":0},"up":{"uv":[2.625,6.0,1.125,5.125],"rotation":0,"texture":"#0","tintindex":0},"down":{"uv":[2.625,5.125,1.125,6.0],"rotation":0,"texture":"#0","tintindex":0}}}],"display":{"head":{"translation":[0.0,-6.4,0.0],"scale":[4.0,4.0,4.0]}}}