{"textures":{"0":"modelengine:entity/sm_artoriasknight"},"elements":[{"from":[6.7382855,7.0353265,6.384639],"to":[9.261714,11.139555,9.412753],"rotation":{"angle":0.0,"axis":"y","origin":[8.0,7.6067553,6.5108104]},"faces":{"east":{"uv":[2.75,10.625,3.375,11.375],"rotation":0,"texture":"#0","tintindex":0},"south":{"uv":[7.0,11.75,7.5,12.5],"rotation":0,"texture":"#0","tintindex":0},"north":{"uv":[9.875,11.625,10.375,12.375],"rotation":0,"texture":"#0","tintindex":0},"west":{"uv":[10.625,3.5,11.25,4.25],"rotation":0,"texture":"#0","tintindex":0},"up":{"uv":[5.75,9.375,5.25,8.75],"rotation":0,"texture":"#0","tintindex":0},"down":{"uv":[12.375,5.5,11.875,6.125],"rotation":0,"texture":"#0","tintindex":0}}},{"from":[6.2335997,11.139555,6.8893247],"to":[9.7664,12.653612,9.9174385],"rotation":{"angle":0.0,"axis":"y","origin":[8.0,7.6067553,6.5108104]},"faces":{"east":{"uv":[8.875,5.875,9.5,6.25],"rotation":0,"texture":"#0","tintindex":0},"south":{"uv":[12.5,6.75,13.25,7.125],"rotation":0,"texture":"#0","tintindex":0},"north":{"uv":[12.5,5.125,13.25,5.5],"rotation":0,"texture":"#0","tintindex":0},"west":{"uv":[6.875,12.875,7.5,13.25],"rotation":0,"texture":"#0","tintindex":0},"up":{"uv":[4.875,11.25,4.125,10.625],"rotation":0,"texture":"#0","tintindex":0},"down":{"uv":[11.375,4.25,10.625,4.875],"rotation":0,"texture":"#0","tintindex":0}}},{"from":[9.514057,11.522599,8.06652],"to":[10.0187435,13.036656,11.094634],"rotation":{"angle":-22.5,"axis":"x","origin":[8.000915,11.774941,9.202063]},"faces":{"east":{"uv":[12.875,7.875,13.5,8.25],"rotation":0,"texture":"#0","tintindex":0},"south":{"uv":[8.625,1.5,8.75,1.875],"rotation":0,"texture":"#0","tintindex":0},"north":{"uv":[3.125,4.125,3.25,4.5],"rotation":0,"texture":"#0","tintindex":0},"west":{"uv":[8.0,12.875,8.625,13.25],"rotation":0,"texture":"#0","tintindex":0},"up":{"uv":[10.625,4.125,10.5,3.5],"rotation":0,"texture":"#0","tintindex":0},"down":{"uv":[4.125,11.375,4.0,12.0],"rotation":0,"texture":"#0","tintindex":0}}},{"from":[9.514057,11.017913,7.5618343],"to":[10.0187435,11.522599,10.085263],"rotation":{"angle":-22.5,"axis":"x","origin":[8.000915,11.774941,9.202063]},"faces":{"east":{"uv":[11.375,5.5,11.875,5.625],"rotation":0,"texture":"#0","tintindex":0},"south":{"uv":[7.125,4.5,7.25,4.625],"rotation":0,"texture":"#0","tintindex":0},"north":{"uv":[6.0,4.625,6.125,4.75],"rotation":0,"texture":"#0","tintindex":0},"west":{"uv":[12.5,4.75,13.0,4.875],"rotation":0,"texture":"#0","tintindex":0},"up":{"uv":[4.875,11.75,4.75,11.25],"rotation":0,"texture":"#0","tintindex":0},"down":{"uv":[2.25,12.375,2.125,12.875],"rotation":0,"texture":"#0","tintindex":0}}},{"from":[6.7382855,11.76085,5.531782],"to":[9.261714,12.265535,7.172011],"rotation":{"angle":-22.5,"axis":"x","origin":[8.0,12.013193,6.3518963]},"faces":{"east":{"uv":[0.75,5.875,1.125,6.0],"rotation":0,"texture":"#0","tintindex":0},"south":{"uv":[5.625,14.375,6.125,14.5],"rotation":0,"texture":"#0","tintindex":0},"north":{"uv":[14.375,2.0,14.875,2.125],"rotation":0,"texture":"#0","tintindex":0},"west":{"uv":[7.875,6.75,8.25,6.875],"rotation":0,"texture":"#0","tintindex":0},"up":{"uv":[13.75,4.0,13.25,3.625],"rotation":0,"texture":"#0","tintindex":0},"down":{"uv":[13.75,5.125,13.25,5.5],"rotation":0,"texture":"#0","tintindex":0}}},{"from":[6.9906282,10.448284,4.400303],"to":[9.009372,11.457656,5.91436],"rotation":{"angle":-22.5,"axis":"x","origin":[8.0,10.9529705,5.1573315]},"faces":{"east":{"uv":[2.75,6.0,3.125,6.25],"rotation":0,"texture":"#0","tintindex":0},"south":{"uv":[14.0,10.0,14.5,10.25],"rotation":0,"texture":"#0","tintindex":0},"north":{"uv":[13.875,11.125,14.375,11.375],"rotation":0,"texture":"#0","tintindex":0},"west":{"uv":[6.25,9.375,6.625,9.625],"rotation":0,"texture":"#0","tintindex":0},"up":{"uv":[13.75,7.125,13.25,6.75],"rotation":0,"texture":"#0","tintindex":0},"down":{"uv":[13.75,7.375,13.25,7.75],"rotation":0,"texture":"#0","tintindex":0}}},{"from":[7.1168,9.711775,4.254115],"to":[8.8832,10.97349,5.0111437],"rotation":{"angle":0.0,"axis":"y","origin":[8.0,10.418335,4.5064583]},"faces":{"east":{"uv":[6.125,5.625,6.25,5.875],"rotation":0,"texture":"#0","tintindex":0},"south":{"uv":[4.125,10.375,4.5,10.625],"rotation":0,"texture":"#0","tintindex":0},"north":{"uv":[10.25,6.5,10.625,6.75],"rotation":0,"texture":"#0","tintindex":0},"west":{"uv":[2.75,10.375,2.875,10.625],"rotation":0,"texture":"#0","tintindex":0},"up":{"uv":[7.0,8.625,6.625,8.5],"rotation":0,"texture":"#0","tintindex":0},"down":{"uv":[1.5,10.875,1.125,11.0],"rotation":0,"texture":"#0","tintindex":0}}},{"from":[7.495314,8.8709755,4.431945],"to":[8.504685,9.880347,4.9366307],"rotation":{"angle":-22.5,"axis":"x","origin":[8.0,9.375662,4.684288]},"faces":{"east":{"uv":[10.875,10.375,11.0,10.625],"rotation":0,"texture":"#0","tintindex":0},"south":{"uv":[14.375,6.0,14.625,6.25],"rotation":0,"texture":"#0","tintindex":0},"north":{"uv":[14.375,5.75,14.625,6.0],"rotation":0,"texture":"#0","tintindex":0},"west":{"uv":[11.125,3.25,11.25,3.5],"rotation":0,"texture":"#0","tintindex":0},"up":{"uv":[4.75,8.75,4.5,8.625],"rotation":0,"texture":"#0","tintindex":0},"down":{"uv":[9.5,0.5,9.25,0.625],"rotation":0,"texture":"#0","tintindex":0}}},{"from":[7.7927356,10.623484,4.99706],"to":[9.306793,11.632854,7.7728314],"rotation":{"angle":-22.5,"axis":"x","origin":[8.000915,10.640169,6.127184]},"faces":{"east":{"uv":[13.75,1.625,14.375,1.875],"rotation":0,"texture":"#0","tintindex":0},"south":{"uv":[11.875,3.75,12.25,4.0],"rotation":0,"texture":"#0","tintindex":0},"north":{"uv":[10.625,8.75,11.0,9.0],"rotation":0,"texture":"#0","tintindex":0},"west":{"uv":[13.75,1.875,14.375,2.125],"rotation":0,"texture":"#0","tintindex":0},"up":{"uv":[4.0,13.5,3.625,12.875],"rotation":0,"texture":"#0","tintindex":0},"down":{"uv":[9.0,12.875,8.625,13.5],"rotation":0,"texture":"#0","tintindex":0}}},{"from":[9.306793,9.109426,4.99706],"to":[9.306793,10.623484,7.5204883],"rotation":{"angle":-22.5,"axis":"x","origin":[8.000915,10.640169,6.127184]},"faces":{"east":{"uv":[13.25,8.625,13.75,9.0],"rotation":0,"texture":"#0","tintindex":0},"south":{"uv":[0.0,0.0,0.0,0.375],"rotation":0,"texture":"#0","tintindex":0},"north":{"uv":[0.0,0.0,0.0,0.375],"rotation":0,"texture":"#0","tintindex":0},"west":{"uv":[13.25,9.25,13.75,9.625],"rotation":0,"texture":"#0","tintindex":0},"up":{"uv":[0.0,0.5,0.0,0.0],"rotation":0,"texture":"#0","tintindex":0},"down":{"uv":[0.0,0.0,0.0,0.5],"rotation":0,"texture":"#0","tintindex":0}}},{"from":[6.485943,12.40127,6.8893247],"to":[9.514057,12.905955,9.9174385],"rotation":{"angle":-22.5,"axis":"x","origin":[8.0,12.653612,8.403381]},"faces":{"east":{"uv":[11.75,8.25,12.375,8.375],"rotation":0,"texture":"#0","tintindex":0},"south":{"uv":[14.125,7.625,14.75,7.75],"rotation":0,"texture":"#0","tintindex":0},"north":{"uv":[10.875,1.375,11.5,1.5],"rotation":0,"texture":"#0","tintindex":0},"west":{"uv":[14.125,9.5,14.75,9.625],"rotation":0,"texture":"#0","tintindex":0},"up":{"uv":[12.25,1.375,11.625,0.75],"rotation":0,"texture":"#0","tintindex":0},"down":{"uv":[8.625,11.625,8.0,12.25],"rotation":0,"texture":"#0","tintindex":0}}},{"from":[7.2429714,12.265923,7.8587914],"to":[8.757029,13.779981,10.38222],"rotation":{"angle":-22.5,"axis":"x","origin":[8.0,13.022951,9.120506]},"faces":{"east":{"uv":[11.125,13.25,11.625,13.625],"rotation":0,"texture":"#0","tintindex":0},"south":{"uv":[13.75,7.375,14.125,7.75],"rotation":0,"texture":"#0","tintindex":0},"north":{"uv":[13.75,6.75,14.125,7.125],"rotation":0,"texture":"#0","tintindex":0},"west":{"uv":[13.25,11.375,13.75,11.75],"rotation":0,"texture":"#0","tintindex":0},"up":{"uv":[1.5,5.125,1.125,4.625],"rotation":0,"texture":"#0","tintindex":0},"down":{"uv":[4.875,6.25,4.5,6.75],"rotation":0,"texture":"#0","tintindex":0}}},{"from":[7.495314,11.9732,6.6874976],"to":[8.504685,12.982573,8.201555],"rotation":{"angle":-45.0,"axis":"x","origin":[8.0,12.477886,7.444526]},"faces":{"east":{"uv":[12.75,11.875,13.125,12.125],"rotation":0,"texture":"#0","tintindex":0},