{"textures":{"0":"modelengine:entity/sm_artoriasknight"},"elements":[{"from":[6.1516743,6.557627,6.9142857],"to":[7.180246,8.157627,9.085714],"rotation":{"angle":-22.5,"axis":"z","origin":[7.3219886,5.7738333,8.0]},"faces":{"east":{"uv":[12.625,13.25,12.125,13.625],"rotation":0,"texture":"#0","tintindex":0},"south":{"uv":[14.625,0.75,14.375,1.125],"rotation":0,"texture":"#0","tintindex":0},"north":{"uv":[0.75,14.375,0.5,14.75],"rotation":0,"texture":"#0","tintindex":0},"west":{"uv":[12.125,13.25,11.625,13.625],"rotation":0,"texture":"#0","tintindex":0},"up":{"uv":[14.0,12.25,14.25,11.75],"rotation":0,"texture":"#0","tintindex":0},"down":{"uv":[12.0,14.0,12.25,14.5],"rotation":0,"texture":"#0","tintindex":0}}},{"from":[7.6934175,6.2881193,6.8],"to":[8.379131,8.116691,7.4857144],"rotation":{"angle":0.0,"axis":"y","origin":[8.036275,7.202405,4.285714]},"faces":{"east":{"uv":[14.375,1.0,14.125,1.5],"rotation":0,"texture":"#0","tintindex":0},"south":{"uv":[14.25,13.875,14.0,14.375],"rotation":0,"texture":"#0","tintindex":0},"north":{"uv":[12.5,14.0,12.25,14.5],"rotation":0,"texture":"#0","tintindex":0},"west":{"uv":[14.25,12.25,14.0,12.75],"rotation":0,"texture":"#0","tintindex":0},"up":{"uv":[10.625,14.625,10.875,14.375],"rotation":0,"texture":"#0","tintindex":0},"down":{"uv":[10.875,14.375,11.125,14.625],"rotation":0,"texture":"#0","tintindex":0}}},{"from":[7.55056,4.2309766,7.028571],"to":[8.35056,6.745262,7.8285713],"rotation":{"angle":22.5,"axis":"z","origin":[6.66596,4.1900396,8.0]},"faces":{"east":{"uv":[12.5,6.75,12.0,7.375],"rotation":0,"texture":"#0","tintindex":0},"south":{"uv":[4.375,13.75,4.125,14.375],"rotation":0,"texture":"#0","tintindex":0},"north":{"uv":[4.125,13.75,3.875,14.375],"rotation":0,"texture":"#0","tintindex":0},"west":{"uv":[12.5,6.125,12.0,6.75],"rotation":0,"texture":"#0","tintindex":0},"up":{"uv":[14.125,6.25,14.375,5.75],"rotation":0,"texture":"#0","tintindex":0},"down":{"uv":[6.625,14.125,6.875,14.625],"rotation":0,"texture":"#0","tintindex":0}}},{"from":[6.9560223,4.623761,8.028571],"to":[7.7560225,7.138047,8.828571],"rotation":{"angle":22.5,"axis":"z","origin":[7.3560224,5.880904,8.428572]},"faces":{"east":{"uv":[12.5,6.75,12.0,7.375],"rotation":0,"texture":"#0","tintindex":0},"south":{"uv":[4.375,13.75,4.125,14.375],"rotation":0,"texture":"#0","tintindex":0},"north":{"uv":[4.125,13.75,3.875,14.375],"rotation":0,"texture":"#0","tintindex":0},"west":{"uv":[12.5,6.125,12.0,6.75],"rotation":0,"texture":"#0","tintindex":0},"up":{"uv":[14.125,6.25,14.375,5.75],"rotation":0,"texture":"#0","tintindex":0},"down":{"uv":[6.625,14.125,6.875,14.625],"rotation":0,"texture":"#0","tintindex":0}}}],"display":{"head":{"translation":[0.0,-6.4,0.0],"scale":[4.0,4.0,4.0]}}}