{"textures":{"0":"modelengine:entity/sm_artoriasknight"},"elements":[{"from":[5.5714283,6.5292535,6.357143],"to":[8.428572,11.100682,9.785714],"rotation":{"angle":0.0,"axis":"y","origin":[4.936599,13.4678545,4.7949347]},"faces":{"east":{"uv":[4.5,8.625,3.75,9.625],"rotation":0,"texture":"#0","tintindex":0},"south":{"uv":[10.375,10.0,9.75,11.0],"rotation":0,"texture":"#0","tintindex":0},"north":{"uv":[10.375,10.0,9.75,11.0],"rotation":0,"texture":"#0","tintindex":0},"west":{"uv":[4.5,8.625,3.75,9.625],"rotation":0,"texture":"#0","tintindex":0},"up":{"uv":[10.625,7.25,11.25,6.5],"rotation":0,"texture":"#0","tintindex":0},"down":{"uv":[10.625,6.5,11.25,7.25],"rotation":0,"texture":"#0","tintindex":0}}},{"from":[5.5142856,9.757825,6.3],"to":[8.485714,11.586396,9.842857],"rotation":{"angle":0.0,"axis":"y","origin":[4.936599,13.4678545,4.7949347]},"faces":{"east":{"uv":[7.625,12.5,6.875,12.875],"rotation":0,"texture":"#0","tintindex":0},"south":{"uv":[10.0,13.0,9.375,13.375],"rotation":0,"texture":"#0","tintindex":0},"north":{"uv":[9.375,13.0,10.0,13.375],"rotation":0,"texture":"#0","tintindex":0},"west":{"uv":[7.625,12.5,6.875,12.875],"rotation":0,"texture":"#0","tintindex":0},"up":{"uv":[10.625,8.75,11.25,8.0],"rotation":0,"texture":"#0","tintindex":0},"down":{"uv":[10.375,10.625,11.0,11.375],"rotation":0,"texture":"#0","tintindex":0}}},{"from":[5.5714283,3.126525,6.357143],"to":[7.857143,6.555097,9.214286],"rotation":{"angle":0.0,"axis":"y","origin":[4.936599,13.4678545,4.7949347]},"faces":{"east":{"uv":[10.875,0.0,11.5,0.75],"rotation":0,"texture":"#0","tintindex":0},"south":{"uv":[1.0,11.875,0.5,12.625],"rotation":0,"texture":"#0","tintindex":0},"north":{"uv":[1.0,11.875,0.5,12.625],"rotation":0,"texture":"#0","tintindex":0},"west":{"uv":[11.5,0.0,10.875,0.75],"rotation":0,"texture":"#0","tintindex":0},"up":{"uv":[8.5,12.875,9.0,12.25],"rotation":0,"texture":"#0","tintindex":0},"down":{"uv":[8.5,12.25,9.0,12.875],"rotation":0,"texture":"#0","tintindex":0}}}],"display":{"head":{"translation":[0.0,-6.4,0.0],"scale":[4.0,4.0,4.0]}}}