{"textures":{"0":"modelengine:entity/sm_artoriasknight"},"elements":[{"from":[6.7714286,8.901199,4.436637],"to":[9.285714,10.272629,6.3794937],"rotation":{"angle":-45.0,"axis":"x","origin":[7.8285713,11.378648,8.028371]},"faces":{"east":{"uv":[1.375,13.375,1.875,13.75],"rotation":0,"texture":"#0","tintindex":0},"south":{"uv":[13.5,10.0,12.875,10.375],"rotation":0,"texture":"#0","tintindex":0},"north":{"uv":[13.5,8.25,12.875,8.625],"rotation":0,"texture":"#0","tintindex":0},"west":{"uv":[1.875,13.375,1.375,13.75],"rotation":0,"texture":"#0","tintindex":0},"up":{"uv":[12.125,10.125,12.75,9.625],"rotation":0,"texture":"#0","tintindex":0},"down":{"uv":[12.125,11.625,12.75,12.125],"rotation":0,"texture":"#0","tintindex":0}}},{"from":[6.742857,8.500525,7.040478],"to":[9.314285,9.929096,8.469049],"rotation":{"angle":-22.5,"axis":"x","origin":[8.028571,11.084318,8.55365]},"faces":{"east":{"uv":[12.875,13.75,12.5,14.125],"rotation":0,"texture":"#0","tintindex":0},"south":{"uv":[13.5,10.75,12.875,11.125],"rotation":0,"texture":"#0","tintindex":0},"north":{"uv":[13.5,10.375,12.875,10.75],"rotation":0,"texture":"#0","tintindex":0},"west":{"uv":[14.125,11.375,13.75,11.75],"rotation":0,"texture":"#0","tintindex":0},"up":{"uv":[11.375,13.25,12.0,12.875],"rotation":0,"texture":"#0","tintindex":0},"down":{"uv":[2.5,13.0,3.125,13.375],"rotation":0,"texture":"#0","tintindex":0}}},{"from":[6.714286,6.6160913,8.504174],"to":[9.342857,8.958948,9.989888],"rotation":{"angle":22.5,"axis":"x","origin":[8.028571,10.028456,8.991002]},"faces":{"east":{"uv":[9.0,12.875,9.375,13.5],"rotation":0,"texture":"#0","tintindex":0},"south":{"uv":[9.875,11.625,9.25,12.25],"rotation":0,"texture":"#0","tintindex":0},"north":{"uv":[9.25,11.625,8.625,12.25],"rotation":0,"texture":"#0","tintindex":0},"west":{"uv":[9.375,12.875,9.0,13.5],"rotation":0,"texture":"#0","tintindex":0},"up":{"uv":[13.0,6.375,13.625,6.0],"rotation":0,"texture":"#0","tintindex":0},"down":{"uv":[6.125,13.0,6.75,13.375],"rotation":0,"texture":"#0","tintindex":0}}},{"from":[7.0,5.019395,6.9140844],"to":[8.942858,7.533681,8.856942],"rotation":{"angle":0.0,"axis":"y","origin":[6.2290316,19.947735,5.3819304]},"faces":{"east":{"uv":[12.75,0.75,12.25,1.375],"rotation":0,"texture":"#0","tintindex":0},"south":{"uv":[2.75,12.25,2.25,12.875],"rotation":0,"texture":"#0","tintindex":0},"north":{"uv":[12.625,12.125,12.125,12.75],"rotation":0,"texture":"#0","tintindex":0},"west":{"uv":[12.75,0.75,12.25,1.375],"rotation":0,"texture":"#0","tintindex":0},"up":{"uv":[12.625,0.5,13.125,0.0],"rotation":0,"texture":"#0","tintindex":0},"down":{"uv":[1.0,12.625,1.5,13.125],"rotation":0,"texture":"#0","tintindex":0}}},{"from":[7.1142855,2.9908233,7.0283704],"to":[8.828571,5.276538,8.742657],"rotation":{"angle":0.0,"axis":"y","origin":[6.2290316,19.947735,5.3819304]},"faces":{"east":{"uv":[12.75,3.5,12.25,4.125],"rotation":0,"texture":"#0","tintindex":0},"south":{"uv":[12.75,7.375,12.25,8.0],"rotation":0,"texture":"#0","tintindex":0},"north":{"uv":[4.0,12.25,3.5,12.875],"rotation":0,"texture":"#0","tintindex":0},"west":{"uv":[12.75,3.5,12.25,4.125],"rotation":0,"texture":"#0","tintindex":0},"up":{"uv":[12.625,2.5,13.125,2.0],"rotation":0,"texture":"#0","tintindex":0},"down":{"uv":[5.625,12.625,6.125,13.125],"rotation":0,"texture":"#0","tintindex":0}}},{"from":[7.2285714,0.8193946,7.1426563],"to":[8.714286,3.4479666,8.62837],"rotation":{"angle":0.0,"axis":"y","origin":[6.2290316,19.947735,5.3819304]},"faces":{"east":{"uv":[12.25,7.5,11.75,8.25],"rotation":0,"texture":"#0","tintindex":0},"south":{"uv":[12.25,10.375,11.75,11.125],"rotation":0,"texture":"#0","tintindex":0},"north":{"uv":[8.0,11.75,7.5,12.5],"rotation":0,"texture":"#0","tintindex":0},"west":{"uv":[12.25,7.5,11.75,8.25],"rotation":0,"texture":"#0","tintindex":0},"up":{"uv":[12.625,12.625,13.125,12.125],"rotation":0,"texture":"#0","tintindex":0},"down":{"uv":[12.625,12.625,13.125,13.125],"rotation":0,"texture":"#0","tintindex":0}}}],"display":{"head":{"translation":[0.0,-6.4,0.0],"scale":[4.0,4.0,4.0]}}}