{"textures":{"0":"modelengine:entity/sm_artoriasknight"},"elements":[{"from":[7.114273,5.945264,5.9994297],"to":[8.25713,9.373836,9.99943],"rotation":{"angle":0.0,"axis":"y","origin":[8.617136,7.7724104,7.9994297]},"faces":{"east":{"uv":[5.125,2.75,6.0,3.5],"rotation":0,"texture":"#0","tintindex":0},"south":{"uv":[0.75,8.75,1.0,9.5],"rotation":0,"texture":"#0","tintindex":0},"north":{"uv":[7.0,7.875,7.25,8.625],"rotation":0,"texture":"#0","tintindex":0},"west":{"uv":[3.625,9.625,4.5,10.375],"rotation":0,"texture":"#0","tintindex":0},"up":{"uv":[8.0,14.125,7.75,13.25],"rotation":0,"texture":"#0","tintindex":0},"down":{"uv":[8.25,13.25,8.0,14.125],"rotation":0,"texture":"#0","tintindex":0}}},{"from":[7.9085765,5.798131,5.7137156],"to":[8.480005,9.798131,10.285144],"rotation":{"angle":0.0,"axis":"y","origin":[8.617136,7.7724104,7.9994297]},"faces":{"east":{"uv":[7.125,3.625,8.125,4.5],"rotation":0,"texture":"#0","tintindex":0},"south":{"uv":[3.625,8.75,3.75,9.625],"rotation":0,"texture":"#0","tintindex":0},"north":{"uv":[4.375,6.875,4.5,7.75],"rotation":0,"texture":"#0","tintindex":0},"west":{"uv":[7.25,4.5,8.25,5.375],"rotation":0,"texture":"#0","tintindex":0},"up":{"uv":[9.375,14.875,9.25,13.875],"rotation":0,"texture":"#0","tintindex":0},"down":{"uv":[8.875,14.0,8.75,15.0],"rotation":0,"texture":"#0","tintindex":0}}},{"from":[7.7657194,8.798131,6.9994297],"to":[8.337148,10.512417,8.713716],"rotation":{"angle":45.0,"axis":"x","origin":[8.051434,9.512417,7.9994297]},"faces":{"east":{"uv":[12.875,13.75,13.25,14.125],"rotation":0,"texture":"#0","tintindex":0},"south":{"uv":[14.5,5.375,14.625,5.75],"rotation":0,"texture":"#0","tintindex":0},"north":{"uv":[2.875,14.5,3.0,14.875],"rotation":0,"texture":"#0","tintindex":0},"west":{"uv":[3.25,13.875,3.625,14.25],"rotation":0,"texture":"#0","tintindex":0},"up":{"uv":[5.75,14.875,5.625,14.5],"rotation":0,"texture":"#0","tintindex":0},"down":{"uv":[5.875,14.5,5.75,14.875],"rotation":0,"texture":"#0","tintindex":0}}},{"from":[7.8228626,8.285876,5.7137156],"to":[8.394291,10.000162,7.428001],"rotation":{"angle":22.5,"axis":"x","origin":[8.051434,9.714447,6.8565726]},"faces":{"east":{"uv":[13.875,3.875,14.25,4.25],"rotation":0,"texture":"#0","tintindex":0},"south":{"uv":[6.0,14.5,6.125,14.875],"rotation":0,"texture":"#0","tintindex":0},"north":{"uv":[5.875,14.5,6.0,14.875],"rotation":0,"texture":"#0","tintindex":0},"west":{"uv":[13.875,5.375,14.25,5.75],"rotation":0,"texture":"#0","tintindex":0},"up":{"uv":[14.625,8.5,14.5,8.125],"rotation":0,"texture":"#0","tintindex":0},"down":{"uv":[8.625,14.5,8.5,14.875],"rotation":0,"texture":"#0","tintindex":0}}},{"from":[7.8800054,7.2958546,5.2882166],"to":[8.451434,9.01014,7.002502],"rotation":{"angle":-22.5,"axis":"x","origin":[8.108577,8.152997,5.8025017]},"faces":{"east":{"uv":[13.875,8.125,14.25,8.5],"rotation":0,"texture":"#0","tintindex":0},"south":{"uv":[14.5,10.0,14.625,10.375],"rotation":0,"texture":"#0","tintindex":0},"north":{"uv":[8.625,14.5,8.75,14.875],"rotation":0,"texture":"#0","tintindex":0},"west":{"uv":[8.875,13.875,9.25,14.25],"rotation":0,"texture":"#0","tintindex":0},"up":{"uv":[14.625,10.75,14.5,10.375],"rotation":0,"texture":"#0","tintindex":0},"down":{"uv":[14.625,10.75,14.5,11.125],"rotation":0,"texture":"#0","tintindex":0}}},{"from":[7.8228626,8.285876,8.603627],"to":[8.394291,10.000162,10.317913],"rotation":{"angle":-22.5,"axis":"x","origin":[8.051434,9.714447,9.175056]},"faces":{"east":{"uv":[14.25,3.875,13.875,4.25],"rotation":0,"texture":"#0","tintindex":0},"south":{"uv":[6.0,14.5,5.875,14.875],"rotation":0,"texture":"#0","tintindex":0},"north":{"uv":[6.125,14.5,6.0,14.875],"rotation":0,"texture":"#0","tintindex":0},"west":{"uv":[14.25,5.375,13.875,5.75],"rotation":0,"texture":"#0","tintindex":0},"up":{"uv":[14.625,8.125,14.5,8.5],"rotation":0,"texture":"#0","tintindex":0},"down":{"uv":[8.625,14.875,8.5,14.5],"rotation":0,"texture":"#0","tintindex":0}}},{"from":[7.8800054,7.2958546,9.029126],"to":[8.451434,9.01014,10.743412],"rotation":{"angle":22.5,"axis":"x","origin":[8.108577,8.152997,10.229126]},"faces":{"east":{"uv":[14.25,8.125,13.875,8.5],"rotation":0,"texture":"#0","tintindex":0},"south":{"uv":[8.75,14.5,8.625,14.875],"rotation":0,"texture":"#0","tintindex":0},"north":{"uv":[14.625,10.0,14.5,10.375],"rotation":0,"texture":"#0","tintindex":0},"west":{"uv":[9.25,13.875,8.875,14.25],"rotation":0,"texture":"#0","tintindex":0},"up":{"uv":[14.625,10.375,14.5,10.75],"rotation":0,"texture":"#0","tintindex":0},"down":{"uv":[14.625,11.125,14.5,10.75],"rotation":0,"texture":"#0","tintindex":0}}},{"from":[7.7599907,5.5654554,5.6753664],"to":[8.331419,8.708313,8.818224],"rotation":{"angle":45.0,"axis":"x","origin":[4.0280952,5.527107,5.9994297]},"faces":{"east":{"uv":[10.875,0.75,11.625,1.375],"rotation":0,"texture":"#0","tintindex":0},"south":{"uv":[11.375,14.125,11.5,14.75],"rotation":0,"texture":"#0","tintindex":0},"north":{"uv":[8.375,14.125,8.5,14.75],"rotation":0,"texture":"#0","tintindex":0},"west":{"uv":[7.375,10.875,8.125,11.5],"rotation":0,"texture":"#0","tintindex":0},"up":{"uv":[8.25,9.375,8.125,8.625],"rotation":0,"texture":"#0","tintindex":0},"down":{"uv":[6.75,13.375,6.625,14.125],"rotation":0,"texture":"#0","tintindex":0}}},{"from":[7.188562,5.8511696,5.7610807],"to":[7.7599907,8.422599,8.332509],"rotation":{"angle":45.0,"axis":"x","origin":[4.0280952,5.527107,5.9994297]},"faces":{"east":{"uv":[12.25,10.125,12.875,10.625],"rotation":0,"texture":"#0","tintindex":0},"south":{"uv":[11.25,14.375,11.375,14.875],"rotation":0,"texture":"#0","tintindex":0},"north":{"uv":[11.125,14.375,11.25,14.875],"rotation":0,"texture":"#0","tintindex":0},"west":{"uv":[10.375,12.25,11.0,12.75],"rotation":0,"texture":"#0","tintindex":0},"up":{"uv":[9.25,14.875,9.125,14.25],"rotation":0,"texture":"#0","tintindex":0},"down":{"uv":[4.875,14.375,4.75,15.0],"rotation":0,"texture":"#0","tintindex":0}}}],"display":{"head":{"translation":[0.0,-6.4,0.0],"scale":[4.0,4.0,4.0]}}}