{"textures":{"0":"modelengine:entity/sm_artoriasknight"},"elements":[{"from":[8.773514,6.371425,4.4453053],"to":[9.744942,8.485711,6.559591],"rotation":{"angle":-45.0,"axis":"y","origin":[8.344942,7.4285684,5.388162]},"faces":{"east":{"uv":[3.625,12.875,3.125,13.375],"rotation":0,"texture":"#0","tintindex":0},"south":{"uv":[14.5,11.625,14.25,12.125],"rotation":0,"texture":"#0","tintindex":0},"north":{"uv":[14.5,10.25,14.25,10.75],"rotation":0,"texture":"#0","tintindex":0},"west":{"uv":[2.5,12.875,2.0,13.375],"rotation":0,"texture":"#0","tintindex":0},"up":{"uv":[14.25,12.625,14.5,12.125],"rotation":0,"texture":"#0","tintindex":0},"down":{"uv":[14.25,12.625,14.5,13.125],"rotation":0,"texture":"#0","tintindex":0}}},{"from":[9.116371,6.285711,2.9310193],"to":[9.116371,8.571425,5.216734],"rotation":{"angle":-45.0,"axis":"y","origin":[8.344942,7.4285684,5.388162]},"faces":{"east":{"uv":[4.5,12.875,5.0,13.375],"rotation":0,"texture":"#0","tintindex":0},"south":{"uv":[0.0,0.0,0.0,0.5],"rotation":0,"texture":"#0","tintindex":0},"north":{"uv":[0.0,0.0,0.0,0.5],"rotation":0,"texture":"#0","tintindex":0},"west":{"uv":[5.0,12.875,4.5,13.375],"rotation":0,"texture":"#0","tintindex":0},"up":{"uv":[0.0,0.5,0.0,0.0],"rotation":0,"texture":"#0","tintindex":0},"down":{"uv":[0.0,0.0,0.0,0.5],"rotation":0,"texture":"#0","tintindex":0}}},{"from":[7.8623457,6.285711,10.252581],"to":[7.8623457,8.571425,12.538294],"rotation":{"angle":45.0,"axis":"y","origin":[8.344942,7.4285684,8.855698]},"faces":{"east":{"uv":[5.0,12.875,4.5,13.375],"rotation":0,"texture":"#0","tintindex":0},"south":{"uv":[0.0,0.0,0.0,0.5],"rotation":0,"texture":"#0","tintindex":0},"north":{"uv":[0.0,0.0,0.0,0.5],"rotation":0,"texture":"#0","tintindex":0},"west":{"uv":[4.5,12.875,5.0,13.375],"rotation":0,"texture":"#0","tintindex":0},"up":{"uv":[0.0,0.0,0.0,0.5],"rotation":0,"texture":"#0","tintindex":0},"down":{"uv":[0.0,0.5,0.0,0.0],"rotation":0,"texture":"#0","tintindex":0}}},{"from":[7.5194883,6.371425,8.909723],"to":[8.490917,8.485711,11.024009],"rotation":{"angle":45.0,"axis":"y","origin":[8.344942,7.4285684,8.855698]},"faces":{"east":{"uv":[3.125,12.875,3.625,13.375],"rotation":0,"texture":"#0","tintindex":0},"south":{"uv":[14.25,10.25,14.5,10.75],"rotation":0,"texture":"#0","tintindex":0},"north":{"uv":[14.25,11.625,14.5,12.125],"rotation":0,"texture":"#0","tintindex":0},"west":{"uv":[2.0,12.875,2.5,13.375],"rotation":0,"texture":"#0","tintindex":0},"up":{"uv":[14.25,12.125,14.5,12.625],"rotation":0,"texture":"#0","tintindex":0},"down":{"uv":[14.25,13.125,14.5,12.625],"rotation":0,"texture":"#0","tintindex":0}}},{"from":[7.8081927,6.3714414,6.46291],"to":[8.779621,8.485727,9.548624],"rotation":{"angle":0.0,"axis":"y","origin":[8.293907,7.428584,8.291482]},"faces":{"east":{"uv":[12.625,2.0,11.875,2.5],"rotation":0,"texture":"#0","tintindex":0},"south":{"uv":[13.5,14.25,13.25,14.75],"rotation":0,"texture":"#0","tintindex":0},"north":{"uv":[14.5,13.125,14.25,13.625],"rotation":0,"texture":"#0","tintindex":0},"west":{"uv":[2.25,11.875,1.5,12.375],"rotation":0,"texture":"#0","tintindex":0},"up":{"uv":[2.0,14.5,2.25,13.75],"rotation":0,"texture":"#0","tintindex":0},"down":{"uv":[2.25,13.75,2.5,14.5],"rotation":0,"texture":"#0","tintindex":0}}}],"display":{"head":{"translation":[0.0,-6.4,0.0],"scale":[4.0,4.0,4.0]}}}