{"textures":{"0":"modelengine:entity/sm_artoriasknight"},"elements":[{"from":[6.857143,6.0470085,4.4091353],"to":[9.142858,7.761294,5.5519924],"rotation":{"angle":0.0,"axis":"y","origin":[9.714286,6.0470085,5.5519924]},"faces":{"east":{"uv":[14.625,1.625,14.375,2.0],"rotation":0,"texture":"#0","tintindex":0},"south":{"uv":[3.375,13.375,2.875,13.75],"rotation":0,"texture":"#0","tintindex":0},"north":{"uv":[2.875,13.375,2.375,13.75],"rotation":0,"texture":"#0","tintindex":0},"west":{"uv":[14.625,1.125,14.375,1.5],"rotation":0,"texture":"#0","tintindex":0},"up":{"uv":[14.125,0.625,14.625,0.375],"rotation":0,"texture":"#0","tintindex":0},"down":{"uv":[14.125,2.125,14.625,2.375],"rotation":0,"texture":"#0","tintindex":0}}},{"from":[6.542857,6.018437,3.2377067],"to":[8.885715,7.7898655,5.0091352],"rotation":{"angle":22.5,"axis":"y","origin":[8.0,6.904151,3.5519924]},"faces":{"east":{"uv":[14.25,10.75,13.875,11.125],"rotation":0,"texture":"#0","tintindex":0},"south":{"uv":[4.875,13.375,4.375,13.75],"rotation":0,"texture":"#0","tintindex":0},"north":{"uv":[13.875,4.0,13.375,4.375],"rotation":0,"texture":"#0","tintindex":0},"west":{"uv":[14.25,10.375,13.875,10.75],"rotation":0,"texture":"#0","tintindex":0},"up":{"uv":[13.375,5.875,13.875,5.5],"rotation":0,"texture":"#0","tintindex":0},"down":{"uv":[6.125,13.375,6.625,13.75],"rotation":0,"texture":"#0","tintindex":0}}},{"from":[6.8,5.9898653,5.4948497],"to":[9.2,7.818437,6.7519927],"rotation":{"angle":0.0,"axis":"y","origin":[9.714286,6.0470085,5.5519924]},"faces":{"east":{"uv":[14.625,2.875,14.375,3.25],"rotation":0,"texture":"#0","tintindex":0},"south":{"uv":[13.875,13.125,13.375,13.5],"rotation":0,"texture":"#0","tintindex":0},"north":{"uv":[9.875,13.375,9.375,13.75],"rotation":0,"texture":"#0","tintindex":0},"west":{"uv":[14.625,2.5,14.375,2.875],"rotation":0,"texture":"#0","tintindex":0},"up":{"uv":[14.125,4.5,14.625,4.25],"rotation":0,"texture":"#0","tintindex":0},"down":{"uv":[14.125,4.875,14.625,5.125],"rotation":0,"texture":"#0","tintindex":0}}},{"from":[6.5142856,6.0470085,6.69485],"to":[9.485714,7.87558,9.09485],"rotation":{"angle":0.0,"axis":"y","origin":[9.714286,6.0470085,5.5519924]},"faces":{"east":{"uv":[14.0,3.125,13.5,3.5],"rotation":0,"texture":"#0","tintindex":0},"south":{"uv":[13.75,1.75,13.125,2.125],"rotation":0,"texture":"#0","tintindex":0},"north":{"uv":[13.75,0.0,13.125,0.375],"rotation":0,"texture":"#0","tintindex":0},"west":{"uv":[14.0,2.75,13.5,3.125],"rotation":0,"texture":"#0","tintindex":0},"up":{"uv":[12.25,11.125,12.875,10.625],"rotation":0,"texture":"#0","tintindex":0},"down":{"uv":[11.0,12.25,11.625,12.75],"rotation":0,"texture":"#0","tintindex":0}}},{"from":[6.8,6.218437,8.266278],"to":[9.2,8.0470085,9.523421],"rotation":{"angle":-22.5,"axis":"x","origin":[8.0,7.4755797,8.980564]},"faces":{"east":{"uv":[3.75,14.375,3.5,14.75],"rotation":0,"texture":"#0","tintindex":0},"south":{"uv":[14.0,7.75,13.5,8.125],"rotation":0,"texture":"#0","tintindex":0},"north":{"uv":[3.875,13.5,3.375,13.875],"rotation":0,"texture":"#0","tintindex":0},"west":{"uv":[3.25,14.375,3.0,14.75],"rotation":0,"texture":"#0","tintindex":0},"up":{"uv":[14.125,6.875,14.625,6.625],"rotation":0,"texture":"#0","tintindex":0},"down":{"uv":[6.875,14.125,7.375,14.375],"rotation":0,"texture":"#0","tintindex":0}}},{"from":[6.857143,6.568832,7.6732593],"to":[9.142858,8.854547,9.387545],"rotation":{"angle":45.0,"axis":"x","origin":[8.0,8.711689,8.530402]},"faces":{"east":{"uv":[8.875,13.5,8.5,14.0],"rotation":0,"texture":"#0","tintindex":0},"south":{"uv":[13.25,1.0,12.75,1.5],"rotation":0,"texture":"#0","tintindex":0},"north":{"uv":[13.25,0.5,12.75,1.0],"rotation":0,"texture":"#0","tintindex":0},"west":{"uv":[13.875,8.125,13.5,8.625],"rotation":0,"texture":"#0","tintindex":0},"up":{"uv":[8.875,13.875,9.375,13.5],"rotation":0,"texture":"#0","tintindex":0},"down":{"uv":[13.5,10.0,14.0,10.375],"rotation":0,"texture":"#0","tintindex":0}}}],"display":{"head":{"translation":[0.0,-6.4,0.0],"scale":[4.0,4.0,4.0]}}}