{"textures":{"0":"modelengine:entity/sm_artoriasknight"},"elements":[{"from":[7.3696475,8.263646,8.202469],"to":[8.630352,9.524351,9.210831],"rotation":{"angle":0.0,"axis":"y","origin":[8.0,8.893998,8.820935]},"faces":{"east":{"uv":[14.375,3.25,14.625,3.5],"rotation":0,"texture":"#0","tintindex":0},"south":{"uv":[14.375,3.625,14.625,3.875],"rotation":0,"texture":"#0","tintindex":0},"north":{"uv":[5.0,12.875,5.25,13.125],"rotation":0,"texture":"#0","tintindex":0},"west":{"uv":[14.375,4.625,14.625,4.875],"rotation":0,"texture":"#0","tintindex":0},"up":{"uv":[5.125,14.625,4.875,14.375],"rotation":0,"texture":"#0","tintindex":0},"down":{"uv":[5.375,14.375,5.125,14.625],"rotation":0,"texture":"#0","tintindex":0}}},{"from":[7.369143,7.38943,7.5982647],"to":[8.630857,9.408174,8.85998],"rotation":{"angle":45.0,"axis":"x","origin":[8.0,8.627373,7.9434075]},"faces":{"east":{"uv":[13.75,9.75,14.25,10.0],"rotation":0,"texture":"#0","tintindex":0},"south":{"uv":[5.375,14.375,5.625,14.625],"rotation":0,"texture":"#0","tintindex":0},"north":{"uv":[14.375,5.125,14.625,5.375],"rotation":0,"texture":"#0","tintindex":0},"west":{"uv":[13.875,4.625,14.375,4.875],"rotation":0,"texture":"#0","tintindex":0},"up":{"uv":[10.875,0.5,10.625,0.0],"rotation":0,"texture":"#0","tintindex":0},"down":{"uv":[3.875,13.875,3.625,14.375],"rotation":0,"texture":"#0","tintindex":0}}}],"display":{"head":{"translation":[0.0,-6.4,0.0],"scale":[4.0,4.0,4.0]}}}