{"textures":{"0":"modelengine:entity/sm_artoriasknight"},"elements":[{"from":[6.714286,8.901199,4.436637],"to":[9.228572,10.272629,6.3794937],"rotation":{"angle":-45.0,"axis":"x","origin":[8.171429,11.378648,8.028371]},"faces":{"east":{"uv":[1.375,13.375,1.875,13.75],"rotation":0,"texture":"#0","tintindex":0},"south":{"uv":[12.875,10.0,13.5,10.375],"rotation":0,"texture":"#0","tintindex":0},"north":{"uv":[12.875,8.25,13.5,8.625],"rotation":0,"texture":"#0","tintindex":0},"west":{"uv":[1.875,13.375,1.375,13.75],"rotation":0,"texture":"#0","tintindex":0},"up":{"uv":[12.75,10.125,12.125,9.625],"rotation":0,"texture":"#0","tintindex":0},"down":{"uv":[12.75,11.625,12.125,12.125],"rotation":0,"texture":"#0","tintindex":0}}},{"from":[6.6857142,8.500525,7.040478],"to":[9.257143,9.929096,8.469049],"rotation":{"angle":-22.5,"axis":"x","origin":[7.9714284,11.084318,8.55365]},"faces":{"east":{"uv":[13.75,11.375,14.125,11.75],"rotation":0,"texture":"#0","tintindex":0},"south":{"uv":[12.875,10.75,13.5,11.125],"rotation":0,"texture":"#0","tintindex":0},"north":{"uv":[12.875,10.375,13.5,10.75],"rotation":0,"texture":"#0","tintindex":0},"west":{"uv":[12.5,13.75,12.875,14.125],"rotation":0,"texture":"#0","tintindex":0},"up":{"uv":[12.0,13.25,11.375,12.875],"rotation":0,"texture":"#0","tintindex":0},"down":{"uv":[3.125,13.0,2.5,13.375],"rotation":0,"texture":"#0","tintindex":0}}},{"from":[6.6571426,6.6160913,8.504174],"to":[9.285714,8.958948,9.989888],"rotation":{"angle":22.5,"axis":"x","origin":[7.9714284,10.028456,8.991002]},"faces":{"east":{"uv":[9.0,12.875,9.375,13.5],"rotation":0,"texture":"#0","tintindex":0},"south":{"uv":[9.25,11.625,9.875,12.25],"rotation":0,"texture":"#0","tintindex":0},"north":{"uv":[8.625,11.625,9.25,12.25],"rotation":0,"texture":"#0","tintindex":0},"west":{"uv":[9.375,12.875,9.0,13.5],"rotation":0,"texture":"#0","tintindex":0},"up":{"uv":[13.625,6.375,13.0,6.0],"rotation":0,"texture":"#0","tintindex":0},"down":{"uv":[6.75,13.0,6.125,13.375],"rotation":0,"texture":"#0","tintindex":0}}},{"from":[7.0571427,5.019395,6.9140844],"to":[9.0,7.533681,8.856942],"rotation":{"angle":0.0,"axis":"y","origin":[9.770968,19.947735,5.3819304]},"faces":{"east":{"uv":[12.25,0.75,12.75,1.375],"rotation":0,"texture":"#0","tintindex":0},"south":{"uv":[2.25,12.25,2.75,12.875],"rotation":0,"texture":"#0","tintindex":0},"north":{"uv":[12.125,12.125,12.625,12.75],"rotation":0,"texture":"#0","tintindex":0},"west":{"uv":[12.25,0.75,12.75,1.375],"rotation":0,"texture":"#0","tintindex":0},"up":{"uv":[13.125,0.5,12.625,0.0],"rotation":0,"texture":"#0","tintindex":0},"down":{"uv":[1.5,12.625,1.0,13.125],"rotation":0,"texture":"#0","tintindex":0}}},{"from":[7.1714287,2.9908233,7.0283704],"to":[8.885715,5.276538,8.742657],"rotation":{"angle":0.0,"axis":"y","origin":[9.770968,19.947735,5.3819304]},"faces":{"east":{"uv":[12.25,3.5,12.75,4.125],"rotation":0,"texture":"#0","tintindex":0},"south":{"uv":[12.25,7.375,12.75,8.0],"rotation":0,"texture":"#0","tintindex":0},"north":{"uv":[3.5,12.25,4.0,12.875],"rotation":0,"texture":"#0","tintindex":0},"west":{"uv":[12.25,3.5,12.75,4.125],"rotation":0,"texture":"#0","tintindex":0},"up":{"uv":[13.125,2.5,12.625,2.0],"rotation":0,"texture":"#0","tintindex":0},"down":{"uv":[6.125,12.625,5.625,13.125],"rotation":0,"texture":"#0","tintindex":0}}},{"from":[7.285714,0.8193946,7.1426563],"to":[8.771428,3.4479666,8.62837],"rotation":{"angle":0.0,"axis":"y","origin":[9.770968,19.947735,5.3819304]},"faces":{"east":{"uv":[11.75,7.5,12.25,8.25],"rotation":0,"texture":"#0","tintindex":0},"south":{"uv":[11.75,10.375,12.25,11.125],"rotation":0,"texture":"#0","tintindex":0},"north":{"uv":[7.5,11.75,8.0,12.5],"rotation":0,"texture":"#0","tintindex":0},"west":{"uv":[11.75,7.5,12.25,8.25],"rotation":0,"texture":"#0","tintindex":0},"up":{"uv":[13.125,12.625,12.625,12.125],"rotation":0,"texture":"#0","tintindex":0},"down":{"uv":[13.125,12.625,12.625,13.125],"rotation":0,"texture":"#0","tintindex":0}}}],"display":{"head":{"translation":[0.0,-6.4,0.0],"scale":[4.0,4.0,4.0]}}}