{"textures":{"0":"modelengine:entity/sm_artoriasknight"},"elements":[{"from":[7.810426,6.142857,6.5713096],"to":[8.667569,8.142858,9.4284525],"rotation":{"angle":0.0,"axis":"y","origin":[8.09614,7.1714287,7.999881]},"faces":{"east":{"uv":[11.75,8.75,12.5,9.25],"rotation":0,"texture":"#0","tintindex":0},"south":{"uv":[1.25,14.25,1.5,14.75],"rotation":0,"texture":"#0","tintindex":0},"north":{"uv":[13.0,14.125,13.25,14.625],"rotation":0,"texture":"#0","tintindex":0},"west":{"uv":[11.75,11.125,12.5,11.625],"rotation":0,"texture":"#0","tintindex":0},"up":{"uv":[3.625,11.375,3.375,10.625],"rotation":0,"texture":"#0","tintindex":0},"down":{"uv":[1.25,13.75,1.0,14.5],"rotation":0,"texture":"#0","tintindex":0}}},{"from":[7.0330424,6.142857,4.8595686],"to":[7.8901854,8.142858,6.8595686],"rotation":{"angle":45.0,"axis":"y","origin":[7.942295,7.098162,5.815898]},"faces":{"east":{"uv":[12.125,12.75,12.625,13.25],"rotation":0,"texture":"#0","tintindex":0},"south":{"uv":[1.75,14.25,2.0,14.75],"rotation":0,"texture":"#0","tintindex":0},"north":{"uv":[1.5,14.25,1.75,14.75],"rotation":0,"texture":"#0","tintindex":0},"west":{"uv":[1.5,12.875,2.0,13.375],"rotation":0,"texture":"#0","tintindex":0},"up":{"uv":[3.5,14.75,3.25,14.25],"rotation":0,"texture":"#0","tintindex":0},"down":{"uv":[9.125,14.25,8.875,14.75],"rotation":0,"texture":"#0","tintindex":0}}},{"from":[7.6044707,6.0,3.5738544],"to":[7.6044707,8.285714,5.2881403],"rotation":{"angle":45.0,"axis":"y","origin":[7.942295,7.098162,5.815898]},"faces":{"east":{"uv":[1.25,13.75,1.625,14.25],"rotation":0,"texture":"#0","tintindex":0},"south":{"uv":[0.0,0.0,0.0,0.5],"rotation":0,"texture":"#0","tintindex":0},"north":{"uv":[0.0,0.0,0.0,0.5],"rotation":0,"texture":"#0","tintindex":0},"west":{"uv":[1.625,13.75,2.0,14.25],"rotation":0,"texture":"#0","tintindex":0},"up":{"uv":[0.0,0.375,0.0,0.0],"rotation":0,"texture":"#0","tintindex":0},"down":{"uv":[0.0,0.0,0.0,0.375],"rotation":0,"texture":"#0","tintindex":0}}},{"from":[8.915639,6.0,10.156284],"to":[8.915639,8.285714,11.87057],"rotation":{"angle":-45.0,"axis":"y","origin":[7.942295,7.098162,8.374501]},"faces":{"east":{"uv":[1.625,13.75,1.25,14.25],"rotation":0,"texture":"#0","tintindex":0},"south":{"uv":[0.0,0.0,0.0,0.5],"rotation":0,"texture":"#0","tintindex":0},"north":{"uv":[0.0,0.0,0.0,0.5],"rotation":0,"texture":"#0","tintindex":0},"west":{"uv":[1.25,13.75,1.625,14.25],"rotation":0,"texture":"#0","tintindex":0},"up":{"uv":[0.0,0.0,0.0,0.375],"rotation":0,"texture":"#0","tintindex":0},"down":{"uv":[0.0,0.375,0.0,0.0],"rotation":0,"texture":"#0","tintindex":0}}},{"from":[8.34421,6.142857,8.584856],"to":[9.201353,8.142858,10.584856],"rotation":{"angle":-45.0,"axis":"y","origin":[7.942295,7.098162,8.374501]},"faces":{"east":{"uv":[12.625,12.75,12.125,13.25],"rotation":0,"texture":"#0","tintindex":0},"south":{"uv":[1.75,14.25,1.5,14.75],"rotation":0,"texture":"#0","tintindex":0},"north":{"uv":[2.0,14.25,1.75,14.75],"rotation":0,"texture":"#0","tintindex":0},"west":{"uv":[2.0,12.875,1.5,13.375],"rotation":0,"texture":"#0","tintindex":0},"up":{"uv":[3.5,14.25,3.25,14.75],"rotation":0,"texture":"#0","tintindex":0},"down":{"uv":[9.125,14.75,8.875,14.25],"rotation":0,"texture":"#0","tintindex":0}}}],"display":{"head":{"translation":[0.0,-6.4,0.0],"scale":[4.0,4.0,4.0]}}}