{"textures":{"0":"modelengine:entity/sm_artoriasknight"},"elements":[{"from":[7.2396064,6.4785895,4.1878433],"to":[8.376749,9.044304,6.467843],"rotation":{"angle":45.0,"axis":"y","origin":[8.870165,7.5445657,4.9966764]},"faces":{"east":{"uv":[9.5,12.375,10.0,13.0],"rotation":0,"texture":"#0","tintindex":0},"south":{"uv":[5.625,13.75,5.875,14.375],"rotation":0,"texture":"#0","tintindex":0},"north":{"uv":[5.375,13.75,5.625,14.375],"rotation":0,"texture":"#0","tintindex":0},"west":{"uv":[4.0,12.5,4.5,13.125],"rotation":0,"texture":"#0","tintindex":0},"up":{"uv":[13.75,14.75,13.5,14.25],"rotation":0,"texture":"#0","tintindex":0},"down":{"uv":[14.5,13.625,14.25,14.125],"rotation":0,"texture":"#0","tintindex":0}}},{"from":[6.4696918,6.4757323,2.4648314],"to":[6.4696918,9.047161,4.7505465],"rotation":{"angle":45.0,"axis":"y","origin":[7.8982635,7.7614465,3.0362601]},"faces":{"east":{"uv":[12.5,4.125,13.0,4.75],"rotation":0,"texture":"#0","tintindex":0},"south":{"uv":[0.0,0.0,0.0,0.625],"rotation":0,"texture":"#0","tintindex":0},"north":{"uv":[0.0,0.0,0.0,0.625],"rotation":0,"texture":"#0","tintindex":0},"west":{"uv":[12.5,6.125,13.0,6.75],"rotation":0,"texture":"#0","tintindex":0},"up":{"uv":[0.0,0.5,0.0,0.0],"rotation":0,"texture":"#0","tintindex":0},"down":{"uv":[0.0,0.0,0.0,0.5],"rotation":0,"texture":"#0","tintindex":0}}},{"from":[7.5808597,6.4757323,10.925848],"to":[7.5808597,9.047161,13.211561],"rotation":{"angle":-45.0,"axis":"y","origin":[7.8982635,7.7614465,11.386108]},"faces":{"east":{"uv":[13.0,4.125,12.5,4.75],"rotation":0,"texture":"#0","tintindex":0},"south":{"uv":[0.0,0.0,0.0,0.625],"rotation":0,"texture":"#0","tintindex":0},"north":{"uv":[0.0,0.0,0.0,0.625],"rotation":0,"texture":"#0","tintindex":0},"west":{"uv":[12.5,4.125,13.0,4.75],"rotation":0,"texture":"#0","tintindex":0},"up":{"uv":[0.0,0.0,0.0,0.5],"rotation":0,"texture":"#0","tintindex":0},"down":{"uv":[0.0,0.5,0.0,0.0],"rotation":0,"texture":"#0","tintindex":0}}},{"from":[8.350775,6.4785895,9.065693],"to":[9.487917,9.044304,11.345694],"rotation":{"angle":-45.0,"axis":"y","origin":[8.870165,7.5445657,9.425692]},"faces":{"east":{"uv":[10.0,12.375,9.5,13.0],"rotation":0,"texture":"#0","tintindex":0},"south":{"uv":[5.625,13.75,5.375,14.375],"rotation":0,"texture":"#0","tintindex":0},"north":{"uv":[5.875,13.75,5.625,14.375],"rotation":0,"texture":"#0","tintindex":0},"west":{"uv":[4.5,12.5,4.0,13.125],"rotation":0,"texture":"#0","tintindex":0},"up":{"uv":[13.75,14.25,13.5,14.75],"rotation":0,"texture":"#0","tintindex":0},"down":{"uv":[14.5,14.125,14.25,13.625],"rotation":0,"texture":"#0","tintindex":0}}},{"from":[8.435047,6.4797554,6.34947],"to":[9.577905,9.051184,9.606613],"rotation":{"angle":0.0,"axis":"y","origin":[8.956931,7.7520933,8.257977]},"faces":{"east":{"uv":[11.125,2.625,11.875,3.25],"rotation":0,"texture":"#0","tintindex":0},"south":{"uv":[6.125,13.75,6.375,14.375],"rotation":0,"texture":"#0","tintindex":0},"north":{"uv":[5.875,13.75,6.125,14.375],"rotation":0,"texture":"#0","tintindex":0},"west":{"uv":[4.875,11.125,5.625,11.75],"rotation":0,"texture":"#0","tintindex":0},"up":{"uv":[2.75,14.5,2.5,13.75],"rotation":0,"texture":"#0","tintindex":0},"down":{"uv":[3.0,13.75,2.75,14.5],"rotation":0,"texture":"#0","tintindex":0}}},{"from":[7.4349437,8.468379,5.414759],"to":[8.481115,9.423122,6.9409304],"rotation":{"angle":22.5,"axis":"y","origin":[7.9008865,9.002893,5.8921304]},"faces":{"east":{"uv":[14.25,9.75,14.625,10.0],"rotation":0,"texture":"#0","tintindex":0},"south":{"uv":[14.0,14.375,14.25,14.625],"rotation":0,"texture":"#0","tintindex":0},"north":{"uv":[12.75,14.375,13.0,14.625],"rotation":0,"texture":"#0","tintindex":0},"west":{"uv":[14.375,0.0,14.75,0.25],"rotation":0,"texture":"#0","tintindex":0},"up":{"uv":[4.5,14.75,4.25,14.375],"rotation":0,"texture":"#0","tintindex":0},"down":{"uv":[4.75,14.375,4.5,14.75],"rotation":0,"texture":"#0","tintindex":0}}},{"from":[8.006372,8.468379,8.910009],"to":[9.052544,9.423122,10.436181],"rotation":{"angle":-22.5,"axis":"y","origin":[7.9008865,9.002893,8.530238]},"faces":{"east":{"uv":[14.625,9.75,14.25,10.0],"rotation":0,"texture":"#0","tintindex":0},"south":{"uv":[13.0,14.375,12.75,14.625],"rotation":0,"texture":"#0","tintindex":0},"north":{"uv":[14.25,14.375,14.0,14.625],"rotation":0,"texture":"#0","tintindex":0},"west":{"uv":[14.75,0.0,14.375,0.25],"rotation":0,"texture":"#0","tintindex":0},"up":{"uv":[4.5,14.375,4.25,14.75],"rotation":0,"texture":"#0","tintindex":0},"down":{"uv":[4.75,14.75,4.5,14.375],"rotation":0,"texture":"#0","tintindex":0}}},{"from":[7.8731427,8.441916,6.641719],"to":[8.924571,9.447631,9.316005],"rotation":{"angle":0.0,"axis":"y","origin":[8.398857,8.944774,7.978862]},"faces":{"east":{"uv":[13.75,3.625,14.375,3.875],"rotation":0,"texture":"#0","tintindex":0},"south":{"uv":[1.0,14.5,1.25,14.75],"rotation":0,"texture":"#0","tintindex":0},"north":{"uv":[0.75,14.5,1.0,14.75],"rotation":0,"texture":"#0","tintindex":0},"west":{"uv":[13.75,5.125,14.375,5.375],"rotation":0,"texture":"#0","tintindex":0},"up":{"uv":[6.625,14.375,6.375,13.75],"rotation":0,"texture":"#0","tintindex":0},"down":{"uv":[9.625,13.75,9.375,14.375],"rotation":0,"texture":"#0","tintindex":0}}}],"display":{"head":{"translation":[0.0,-6.4,0.0],"scale":[4.0,4.0,4.0]}}}