{"textures":{"0":"modelengine:entity/sm_artoriasknight"},"elements":[{"from":[8.819755,6.557627,6.9142857],"to":[9.848326,8.157627,9.085714],"rotation":{"angle":22.5,"axis":"z","origin":[8.678011,5.7738333,8.0]},"faces":{"east":{"uv":[11.625,13.25,12.125,13.625],"rotation":0,"texture":"#0","tintindex":0},"south":{"uv":[14.375,0.75,14.625,1.125],"rotation":0,"texture":"#0","tintindex":0},"north":{"uv":[0.5,14.375,0.75,14.75],"rotation":0,"texture":"#0","tintindex":0},"west":{"uv":[12.125,13.25,12.625,13.625],"rotation":0,"texture":"#0","tintindex":0},"up":{"uv":[14.25,12.25,14.0,11.75],"rotation":0,"texture":"#0","tintindex":0},"down":{"uv":[12.25,14.0,12.0,14.5],"rotation":0,"texture":"#0","tintindex":0}}},{"from":[7.620868,6.2881193,6.8],"to":[8.306582,8.116691,7.4857144],"rotation":{"angle":0.0,"axis":"y","origin":[7.9637256,7.202405,4.285714]},"faces":{"east":{"uv":[14.0,12.25,14.25,12.75],"rotation":0,"texture":"#0","tintindex":0},"south":{"uv":[14.0,13.875,14.25,14.375],"rotation":0,"texture":"#0","tintindex":0},"north":{"uv":[12.25,14.0,12.5,14.5],"rotation":0,"texture":"#0","tintindex":0},"west":{"uv":[14.125,1.0,14.375,1.5],"rotation":0,"texture":"#0","tintindex":0},"up":{"uv":[10.875,14.625,10.625,14.375],"rotation":0,"texture":"#0","tintindex":0},"down":{"uv":[11.125,14.375,10.875,14.625],"rotation":0,"texture":"#0","tintindex":0}}},{"from":[7.64944,4.2309766,7.028571],"to":[8.44944,6.745262,7.8285713],"rotation":{"angle":-22.5,"axis":"z","origin":[9.33404,4.1900396,8.0]},"faces":{"east":{"uv":[12.0,6.125,12.5,6.75],"rotation":0,"texture":"#0","tintindex":0},"south":{"uv":[4.125,13.75,4.375,14.375],"rotation":0,"texture":"#0","tintindex":0},"north":{"uv":[3.875,13.75,4.125,14.375],"rotation":0,"texture":"#0","tintindex":0},"west":{"uv":[12.0,6.75,12.5,7.375],"rotation":0,"texture":"#0","tintindex":0},"up":{"uv":[14.375,6.25,14.125,5.75],"rotation":0,"texture":"#0","tintindex":0},"down":{"uv":[6.875,14.125,6.625,14.625],"rotation":0,"texture":"#0","tintindex":0}}},{"from":[8.243978,4.623761,8.028571],"to":[9.043978,7.138047,8.828571],"rotation":{"angle":-22.5,"axis":"z","origin":[8.643977,5.880904,8.428572]},"faces":{"east":{"uv":[12.0,6.125,12.5,6.75],"rotation":0,"texture":"#0","tintindex":0},"south":{"uv":[4.125,13.75,4.375,14.375],"rotation":0,"texture":"#0","tintindex":0},"north":{"uv":[3.875,13.75,4.125,14.375],"rotation":0,"texture":"#0","tintindex":0},"west":{"uv":[12.0,6.75,12.5,7.375],"rotation":0,"texture":"#0","tintindex":0},"up":{"uv":[14.375,6.25,14.125,5.75],"rotation":0,"texture":"#0","tintindex":0},"down":{"uv":[6.875,14.125,6.625,14.625],"rotation":0,"texture":"#0","tintindex":0}}}],"display":{"head":{"translation":[0.0,-6.4,0.0],"scale":[4.0,4.0,4.0]}}}