{"textures":{"0":"modelengine:entity/sm_artoriasknight"},"elements":[{"from":[7.142857,2.1633,7.162085],"to":[8.857143,5.0204425,8.876371],"rotation":{"angle":0.0,"axis":"y","origin":[6.285714,2.7347283,5.5906563]},"faces":{"east":{"uv":[4.0,13.125,4.375,13.75],"rotation":0,"texture":"#0","tintindex":0},"south":{"uv":[5.0,13.125,5.375,13.75],"rotation":0,"texture":"#0","tintindex":0},"north":{"uv":[1.0,13.125,1.375,13.75],"rotation":0,"texture":"#0","tintindex":0},"west":{"uv":[5.375,13.125,5.75,13.75],"rotation":0,"texture":"#0","tintindex":0},"up":{"uv":[14.25,13.5,13.875,13.125],"rotation":0,"texture":"#0","tintindex":0},"down":{"uv":[13.625,13.875,13.25,14.25],"rotation":0,"texture":"#0","tintindex":0}}},{"from":[7.0571427,4.506157,7.076371],"to":[8.942857,8.106157,8.962086],"rotation":{"angle":0.0,"axis":"y","origin":[6.285714,2.4490142,5.5906563]},"faces":{"east":{"uv":[5.25,12.375,5.625,13.125],"rotation":0,"texture":"#0","tintindex":0},"south":{"uv":[10.0,12.375,10.375,13.125],"rotation":0,"texture":"#0","tintindex":0},"north":{"uv":[2.75,12.25,3.125,13.0],"rotation":0,"texture":"#0","tintindex":0},"west":{"uv":[7.625,12.5,8.0,13.25],"rotation":0,"texture":"#0","tintindex":0},"up":{"uv":[14.25,13.875,13.875,13.5],"rotation":0,"texture":"#0","tintindex":0},"down":{"uv":[14.0,13.875,13.625,14.25],"rotation":0,"texture":"#0","tintindex":0}}},{"from":[7.2,3.2204428,7.9335136],"to":[8.8,5.9632998,9.533514],"rotation":{"angle":22.5,"axis":"x","origin":[8.0,4.5918713,8.590656]},"faces":{"east":{"uv":[10.0,13.125,10.375,13.75],"rotation":0,"texture":"#0","tintindex":0},"south":{"uv":[13.125,11.875,13.5,12.5],"rotation":0,"texture":"#0","tintindex":0},"north":{"uv":[5.75,13.125,6.125,13.75],"rotation":0,"texture":"#0","tintindex":0},"west":{"uv":[13.125,12.5,13.5,13.125],"rotation":0,"texture":"#0","tintindex":0},"up":{"uv":[0.375,14.375,0.0,14.0],"rotation":0,"texture":"#0","tintindex":0},"down":{"uv":[0.75,14.0,0.375,14.375],"rotation":0,"texture":"#0","tintindex":0}}},{"from":[7.0857143,4.723854,8.502468],"to":[8.914286,7.6952825,10.33104],"rotation":{"angle":-22.5,"axis":"x","origin":[8.0,4.43814,8.645326]},"faces":{"east":{"uv":[13.0,13.125,13.375,13.75],"rotation":0,"texture":"#0","tintindex":0},"south":{"uv":[13.25,0.375,13.625,1.0],"rotation":0,"texture":"#0","tintindex":0},"north":{"uv":[12.625,13.125,13.0,13.75],"rotation":0,"texture":"#0","tintindex":0},"west":{"uv":[13.25,2.125,13.625,2.75],"rotation":0,"texture":"#0","tintindex":0},"up":{"uv":[14.375,3.125,14.0,2.75],"rotation":0,"texture":"#0","tintindex":0},"down":{"uv":[14.375,3.125,14.0,3.5],"rotation":0,"texture":"#0","tintindex":0}}},{"from":[6.9714284,7.706157,6.762085],"to":[9.028571,8.620442,8.819228],"rotation":{"angle":-22.5,"axis":"x","origin":[8.0,8.1633,7.9049425]},"faces":{"east":{"uv":[7.375,14.125,7.875,14.375],"rotation":0,"texture":"#0","tintindex":0},"south":{"uv":[14.125,7.375,14.625,7.625],"rotation":0,"texture":"#0","tintindex":0},"north":{"uv":[14.125,6.875,14.625,7.125],"rotation":0,"texture":"#0","tintindex":0},"west":{"uv":[7.875,14.125,8.375,14.375],"rotation":0,"texture":"#0","tintindex":0},"up":{"uv":[13.25,3.0,12.75,2.5],"rotation":0,"texture":"#0","tintindex":0},"down":{"uv":[13.25,3.0,12.75,3.5],"rotation":0,"texture":"#0","tintindex":0}}},{"from":[6.9142857,8.420443,6.562085],"to":[9.085714,10.591871,8.162086],"rotation":{"angle":-22.5,"axis":"x","origin":[8.0,8.1633,7.9049425]},"faces":{"east":{"uv":[13.5,10.375,13.875,10.875],"rotation":0,"texture":"#0","tintindex":0},"south":{"uv":[12.75,7.375,13.25,7.875],"rotation":0,"texture":"#0","tintindex":0},"north":{"uv":[12.75,3.5,13.25,4.0],"rotation":0,"texture":"#0","tintindex":0},"west":{"uv":[13.5,10.875,13.875,11.375],"rotation":0,"texture":"#0","tintindex":0},"up":{"uv":[14.0,12.125,13.5,11.75],"rotation":0,"texture":"#0","tintindex":0},"down":{"uv":[14.0,12.125,13.5,12.5],"rotation":0,"texture":"#0","tintindex":0}}}],"display":{"head":{"translation":[0.0,-6.4,0.0],"scale":[4.0,4.0,4.0]}}}