{"textures":{"0":"modelengine:entity/sm_artoriasknight"},"elements":[{"from":[7.5714283,6.5292535,6.357143],"to":[10.428572,11.100682,9.785714],"rotation":{"angle":0.0,"axis":"y","origin":[11.063401,13.4678545,4.7949347]},"faces":{"east":{"uv":[3.75,8.625,4.5,9.625],"rotation":0,"texture":"#0","tintindex":0},"south":{"uv":[9.75,10.0,10.375,11.0],"rotation":0,"texture":"#0","tintindex":0},"north":{"uv":[9.75,10.0,10.375,11.0],"rotation":0,"texture":"#0","tintindex":0},"west":{"uv":[3.75,8.625,4.5,9.625],"rotation":0,"texture":"#0","tintindex":0},"up":{"uv":[11.25,7.25,10.625,6.5],"rotation":0,"texture":"#0","tintindex":0},"down":{"uv":[11.25,6.5,10.625,7.25],"rotation":0,"texture":"#0","tintindex":0}}},{"from":[7.5714283,5.386396,6.0714283],"to":[11.0,9.957825,10.071428],"rotation":{"angle":0.0,"axis":"y","origin":[11.063401,13.4678545,4.7949347]},"faces":{"east":{"uv":[5.5,6.875,6.375,7.875],"rotation":0,"texture":"#0","tintindex":0},"south":{"uv":[8.125,8.625,7.375,9.625],"rotation":0,"texture":"#0","tintindex":0},"north":{"uv":[7.375,8.625,8.125,9.625],"rotation":0,"texture":"#0","tintindex":0},"west":{"uv":[6.375,6.875,7.25,7.875],"rotation":0,"texture":"#0","tintindex":0},"up":{"uv":[2.875,10.375,2.125,9.5],"rotation":0,"texture":"#0","tintindex":0},"down":{"uv":[10.25,5.875,9.5,6.75],"rotation":0,"texture":"#0","tintindex":0}}},{"from":[7.5142856,9.757825,6.3],"to":[10.485714,11.586396,9.842857],"rotation":{"angle":0.0,"axis":"y","origin":[11.063401,13.4678545,4.7949347]},"faces":{"east":{"uv":[6.875,12.5,7.625,12.875],"rotation":0,"texture":"#0","tintindex":0},"south":{"uv":[9.375,13.0,10.0,13.375],"rotation":0,"texture":"#0","tintindex":0},"north":{"uv":[10.0,13.0,9.375,13.375],"rotation":0,"texture":"#0","tintindex":0},"west":{"uv":[6.875,12.5,7.625,12.875],"rotation":0,"texture":"#0","tintindex":0},"up":{"uv":[11.25,8.75,10.625,8.0],"rotation":0,"texture":"#0","tintindex":0},"down":{"uv":[11.0,10.625,10.375,11.375],"rotation":0,"texture":"#0","tintindex":0}}},{"from":[8.142858,3.126525,6.357143],"to":[10.428572,6.555097,9.214286],"rotation":{"angle":0.0,"axis":"y","origin":[11.063401,13.4678545,4.7949347]},"faces":{"east":{"uv":[10.875,0.0,11.5,0.75],"rotation":0,"texture":"#0","tintindex":0},"south":{"uv":[0.5,11.875,1.0,12.625],"rotation":0,"texture":"#0","tintindex":0},"north":{"uv":[0.5,11.875,1.0,12.625],"rotation":0,"texture":"#0","tintindex":0},"west":{"uv":[11.5,0.0,10.875,0.75],"rotation":0,"texture":"#0","tintindex":0},"up":{"uv":[9.0,12.875,8.5,12.25],"rotation":0,"texture":"#0","tintindex":0},"down":{"uv":[9.0,12.25,8.5,12.875],"rotation":0,"texture":"#0","tintindex":0}}}],"display":{"head":{"translation":[0.0,-6.4,0.0],"scale":[4.0,4.0,4.0]}}}