{"textures":{"0":"modelengine:entity/sm_artoriasknight"},"elements":[{"from":[8.662479,-2.3161278,6.778043],"to":[10.776766,-0.77326965,8.892328],"rotation":{"angle":0.0,"axis":"y","origin":[8.005337,-10.830414,5.549471]},"faces":{"east":{"uv":[13.375,13.5,13.875,13.875],"rotation":0,"texture":"#0","tintindex":0},"south":{"uv":[0.0,13.625,0.5,14.0],"rotation":0,"texture":"#0","tintindex":0},"north":{"uv":[13.5,12.5,14.0,12.875],"rotation":0,"texture":"#0","tintindex":0},"west":{"uv":[13.625,0.375,14.125,0.75],"rotation":0,"texture":"#0","tintindex":0},"up":{"uv":[13.25,9.75,12.75,9.25],"rotation":0,"texture":"#0","tintindex":0},"down":{"uv":[10.875,12.75,10.375,13.25],"rotation":0,"texture":"#0","tintindex":0}}},{"from":[8.576765,-1.8304129,7.4066143],"to":[10.86248,0.026729584,9.263757],"rotation":{"angle":-45.0,"axis":"x","origin":[9.719623,-1.2589846,7.8351855]},"faces":{"east":{"uv":[14.0,6.25,14.375,6.625],"rotation":0,"texture":"#0","tintindex":0},"south":{"uv":[13.625,1.25,14.125,1.625],"rotation":0,"texture":"#0","tintindex":0},"north":{"uv":[0.5,13.625,1.0,14.0],"rotation":0,"texture":"#0","tintindex":0},"west":{"uv":[14.0,7.75,14.375,8.125],"rotation":0,"texture":"#0","tintindex":0},"up":{"uv":[14.125,2.5,13.625,2.125],"rotation":0,"texture":"#0","tintindex":0},"down":{"uv":[14.125,5.875,13.625,6.25],"rotation":0,"texture":"#0","tintindex":0}}},{"from":[8.548194,-0.6396227,6.479058],"to":[10.891051,1.7032347,9.393344],"rotation":{"angle":0.0,"axis":"y","origin":[9.719623,-0.75390816,7.9362006]},"faces":{"east":{"uv":[1.5,12.375,2.125,12.875],"rotation":0,"texture":"#0","tintindex":0},"south":{"uv":[12.75,11.375,13.25,11.875],"rotation":0,"texture":"#0","tintindex":0},"north":{"uv":[13.25,11.375,12.75,11.875],"rotation":0,"texture":"#0","tintindex":0},"west":{"uv":[2.125,12.375,1.5,12.875],"rotation":0,"texture":"#0","tintindex":0},"up":{"uv":[12.125,12.875,11.625,12.25],"rotation":0,"texture":"#0","tintindex":0},"down":{"uv":[12.125,12.25,11.625,12.875],"rotation":0,"texture":"#0","tintindex":0}}},{"from":[8.176765,0.30323505,6.8504863],"to":[11.26248,2.8175206,9.364773],"rotation":{"angle":45.0,"axis":"x","origin":[9.719623,1.9603777,7.9362006]},"faces":{"east":{"uv":[10.875,11.625,11.5,12.25],"rotation":0,"texture":"#0","tintindex":0},"south":{"uv":[8.125,11.0,8.875,11.625],"rotation":0,"texture":"#0","tintindex":0},"north":{"uv":[1.125,11.0,1.875,11.625],"rotation":0,"texture":"#0","tintindex":0},"west":{"uv":[11.5,11.625,12.125,12.25],"rotation":0,"texture":"#0","tintindex":0},"up":{"uv":[11.75,9.375,11.0,8.75],"rotation":0,"texture":"#0","tintindex":0},"down":{"uv":[9.625,11.0,8.875,11.625],"rotation":0,"texture":"#0","tintindex":0}}},{"from":[8.148194,1.5563169,5.9174333],"to":[11.291051,4.127745,9.63172],"rotation":{"angle":0.0,"axis":"y","origin":[9.719623,1.5563169,7.774576]},"faces":{"east":{"uv":[10.25,2.875,11.125,3.5],"rotation":0,"texture":"#0","tintindex":0},"south":{"uv":[11.0,10.375,11.75,11.0],"rotation":0,"texture":"#0","tintindex":0},"north":{"uv":[9.625,11.0,10.375,11.625],"rotation":0,"texture":"#0","tintindex":0},"west":{"uv":[11.125,2.875,10.25,3.5],"rotation":0,"texture":"#0","tintindex":0},"up":{"uv":[7.0,10.5,6.25,9.625],"rotation":0,"texture":"#0","tintindex":0},"down":{"uv":[7.75,9.625,7.0,10.5],"rotation":0,"texture":"#0","tintindex":0}}},{"from":[8.06248,3.8991737,5.688862],"to":[11.376765,4.927745,10.146006],"rotation":{"angle":0.0,"axis":"y","origin":[9.719623,1.5563169,7.774576]},"faces":{"east":{"uv":[12.625,1.5,13.625,1.75],"rotation":0,"texture":"#0","tintindex":0},"south":{"uv":[10.375,5.625,11.125,5.875],"rotation":0,"texture":"#0","tintindex":0},"north":{"uv":[7.25,5.375,8.0,5.625],"rotation":0,"texture":"#0","tintindex":0},"west":{"uv":[13.625,1.5,12.625,1.75],"rotation":0,"texture":"#0","tintindex":0},"up":{"uv":[9.875,8.25,9.125,7.25],"rotation":0,"texture":"#0","tintindex":0},"down":{"uv":[9.875,8.25,9.125,9.25],"rotation":0,"texture":"#0","tintindex":0}}},{"from":[7.7196226,4.5563164,5.631719],"to":[11.719623,8.556316,10.203148],"rotation":{"angle":0.0,"axis":"y","origin":[9.719623,1.5563169,7.774576]},"faces":{"east":{"uv":[1.0,7.75,2.0,8.625],"rotation":0,"texture":"#0","tintindex":0},"south":{"uv":[8.25,6.75,9.125,7.625],"rotation":0,"texture":"#0","tintindex":0},"north":{"uv":[8.25,4.5,9.125,5.375],"rotation":0,"texture":"#0","tintindex":0},"west":{"uv":[1.0,7.75,2.0,8.625],"rotation":0,"texture":"#0","tintindex":0},"up":{"uv":[2.875,8.75,2.0,7.75],"rotation":0,"texture":"#0","tintindex":0},"down":{"uv":[3.75,7.75,2.875,8.75],"rotation":0,"texture":"#0","tintindex":0}}},{"from":[8.06248,6.8706026,6.374576],"to":[11.376765,10.756317,10.260291],"rotation":{"angle":45.0,"axis":"x","origin":[9.719623,8.8420315,7.9174337]},"faces":{"east":{"uv":[8.25,7.625,9.125,8.5],"rotation":0,"texture":"#0","tintindex":0},"south":{"uv":[2.875,9.75,3.625,10.625],"rotation":0,"texture":"#0","tintindex":0},"north":{"uv":[0.0,9.75,0.75,10.625],"rotation":0,"texture":"#0","tintindex":0},"west":{"uv":[8.375,2.75,9.25,3.625],"rotation":0,"texture":"#0","tintindex":0},"up":{"uv":[5.25,10.625,4.5,9.75],"rotation":0,"texture":"#0","tintindex":0},"down":{"uv":[10.625,7.25,9.875,8.125],"rotation":0,"texture":"#0","tintindex":0}}},{"from":[7.833908,4.670602,10.003148],"to":[11.605337,8.442031,10.917434],"rotation":{"angle":0.0,"axis":"y","origin":[9.719623,1.5563169,7.774576]},"faces":{"east":{"uv":[8.25,13.25,8.5,14.125],"rotation":0,"texture":"#0","tintindex":0},"south":{"uv":[8.25,8.5,9.125,9.375],"rotation":0,"texture":"#0","tintindex":0},"north":{"uv":[5.75,8.5,6.625,9.375],"rotation":0,"texture":"#0","tintindex":0},"west":{"uv":[8.5,13.25,8.25,14.125],"rotation":0,"texture":"#0","tintindex":0},"up":{"uv":[13.875,4.875,13.0,4.625],"rotation":0,"texture":"#0","tintindex":0},"down":{"uv":[14.125,1.0,13.25,1.25],"rotation":0,"texture":"#0","tintindex":0}}},{"from":[8.091051,3.9277449,9.774576],"to":[11.348194,4.8991737,10.746005],"rotation":{"angle":22.5,"axis":"x","origin":[9.719623,4.4134593,10.203148]},"faces":{"east":{"uv":[14.375,11.125,14.625,11.375],"rotation":0,"texture":"#0","tintindex":0},"south":{"uv":[13.5,7.125,14.25,7.375],"rotation":0,"texture":"#0","tintindex":0},"north":{"uv":[13.375,4.375,14.125,4.625],"rotation":0,"texture":"#0","tintindex":0},"west":{"uv":[12.5,14.375,12.75,14.625],"rotation":0,"texture":"#0","tintindex":0},"up":{"uv":[14.25,9.25,13.5,9.0],"rotation":0,"texture":"#0","tintindex":0},"down":{"uv":[14.25,12.875,13.5,13.125],"rotation":0,"texture":"#0","tintindex":0}}},{"from":[8.176765,2.1563168,9.374577],"to":[11.26248,4.670602,10.174577],"rotation":{"angle":22.5,"axis":"x","origin":[9.719623,3.4134598,9.774576]},"faces":{"east":{"uv":[4.375,13.75,4.625,14.375],"rotation":0,"texture":"#0","tintindex":0},"south":{"uv":[11.125,2.0,11.875,2.625],"rotation":0,"texture":"#0","tintindex":0},"north":{"uv":[11.0,11.0,11.75,11.625],"rotation":0,"texture":"#0","tintindex":0},"west":{"uv":[4.625,13.75,4.875,14.375],"rotation":0,"texture":"#0","tintindex":0},"up":{"uv":[14.375,1.0,13.625,0.75],"rotation":0,"texture":"#0","tintindex":0},"down":{"uv":[14.375,2.5,13.625,2.75],"rotation":0,"texture":"#0","tintindex":0}}},{"from":[9.603151,-0.38247967,5.995709],"to":[10.860294,1.4460921,6.681423],"rotation":{"angle":-22.5,"axis":"y","origin":[9.740489,0.531806,6.312353]},"faces":{"east":{"uv":[14.125,8.5,14.375,9.0],"rotation":0,"texture":"#0","tintindex":0},"south":{"uv":[11.125,13.625,11.5,14.125],"rotation":0,"texture":"#0","tintindex":0},"north":{"uv":[13.625,6.25,14.0,6.75],"rotation":0,"texture":"#0","tintindex":0},"west":{"uv":[9.625,14.125,9.875,14.625],"rotation":0,"texture":"#0","tintindex":0},"up":{"uv":[14.625,7.375,14.25,7.125],"rotation":0,"texture":"#0","tintindex":0},"down":{"uv":[14.625,9.0,14.25,9.25],"rotation":0,"texture":"#0","tintindex":0}}},{"from":[9.603151,1.6746631,5.252852],"to":[11.317437,3.9603777,5.8242803],"rotation":{"angle":-22.5,"axis":"y",