{"textures":{"0":"modelengine:entity/sm_artoriasknight"},"elements":[{"from":[7.5285783,7.5068235,13.311985],"to":[8.475325,8.453569,21.623272],"rotation":{"angle":0.0,"axis":"y","origin":[8.046553,5.913403,13.671384]},"faces":{"east":{"uv":[11.5,1.75,13.125,2.0],"rotation":0,"texture":"#0","tintindex":0},"south":{"uv":[7.375,14.375,7.625,14.625],"rotation":0,"texture":"#0","tintindex":0},"north":{"uv":[7.125,14.375,7.375,14.625],"rotation":0,"texture":"#0","tintindex":0},"west":{"uv":[13.125,1.75,11.5,2.0],"rotation":0,"texture":"#0","tintindex":0},"up":{"uv":[11.5,2.0,13.125,1.75],"rotation":270,"texture":"#0","tintindex":0},"down":{"uv":[11.5,1.75,13.125,2.0],"rotation":90,"texture":"#0","tintindex":0}}},{"from":[7.2129965,7.1912413,18.355444],"to":[8.790906,8.769151,19.624504],"rotation":{"angle":0.0,"axis":"y","origin":[8.046553,5.913403,13.671384]},"faces":{"east":{"uv":[6.125,12.625,6.375,13.0],"rotation":0,"texture":"#0","tintindex":0},"south":{"uv":[13.75,9.25,14.125,9.625],"rotation":0,"texture":"#0","tintindex":0},"north":{"uv":[13.75,8.625,14.125,9.0],"rotation":0,"texture":"#0","tintindex":0},"west":{"uv":[12.25,4.125,12.5,4.5],"rotation":0,"texture":"#0","tintindex":0},"up":{"uv":[14.5,4.25,14.25,3.875],"rotation":270,"texture":"#0","tintindex":0},"down":{"uv":[14.5,5.375,14.25,5.75],"rotation":90,"texture":"#0","tintindex":0}}},{"from":[7.2129965,7.1912413,12.138104],"to":[8.790906,8.769151,12.7726345],"rotation":{"angle":0.0,"axis":"y","origin":[8.046553,5.913403,13.671384]},"faces":{"east":{"uv":[4.625,12.0,4.75,12.375],"rotation":0,"texture":"#0","tintindex":0},"south":{"uv":[10.0,13.75,10.375,14.125],"rotation":0,"texture":"#0","tintindex":0},"north":{"uv":[9.625,13.75,10.0,14.125],"rotation":0,"texture":"#0","tintindex":0},"west":{"uv":[9.0,4.125,9.125,4.5],"rotation":0,"texture":"#0","tintindex":0},"up":{"uv":[4.625,12.875,4.5,12.5],"rotation":270,"texture":"#0","tintindex":0},"down":{"uv":[12.75,9.25,12.625,9.625],"rotation":90,"texture":"#0","tintindex":0}}},{"from":[7.081504,6.6652718,10.869044],"to":[8.922399,9.295121,12.138104],"rotation":{"angle":0.0,"axis":"y","origin":[8.046553,5.913403,13.671384]},"faces":{"east":{"uv":[11.75,14.0,12.0,14.5],"rotation":0,"texture":"#0","tintindex":0},"south":{"uv":[4.875,10.625,5.25,11.125],"rotation":0,"texture":"#0","tintindex":0},"north":{"uv":[7.75,9.625,8.125,10.125],"rotation":0,"texture":"#0","tintindex":0},"west":{"uv":[11.5,14.0,11.75,14.5],"rotation":0,"texture":"#0","tintindex":0},"up":{"uv":[14.5,8.5,14.25,8.125],"rotation":270,"texture":"#0","tintindex":0},"down":{"uv":[14.5,10.75,14.25,11.125],"rotation":90,"texture":"#0","tintindex":0}}},{"from":[7.4759817,6.9282565,10.075882],"to":[8.527921,9.032136,10.869044],"rotation":{"angle":0.0,"axis":"y","origin":[8.046553,5.913403,13.671384]},"faces":{"east":{"uv":[12.0,12.875,12.125,13.25],"rotation":0,"texture":"#0","tintindex":0},"south":{"uv":[14.25,14.125,14.5,14.5],"rotation":0,"texture":"#0","tintindex":0},"north":{"uv":[13.75,14.25,14.0,14.625],"rotation":0,"texture":"#0","tintindex":0},"west":{"uv":[7.5,12.875,7.625,13.25],"rotation":0,"texture":"#0","tintindex":0},"up":{"uv":[11.25,6.5,11.125,6.25],"rotation":270,"texture":"#0","tintindex":0},"down":{"uv":[11.375,4.0,11.25,4.25],"rotation":90,"texture":"#0","tintindex":0}}},{"from":[7.7915635,6.9282565,-11.498138],"to":[8.186041,9.032136,10.075882],"rotation":{"angle":0.0,"axis":"y","origin":[8.046553,5.913403,13.671384]},"faces":{"east":{"uv":[5.125,1.5,8.625,1.875],"rotation":0,"texture":"#0","tintindex":0},"south":{"uv":[4.875,13.375,5.0,13.75],"rotation":0,"texture":"#0","tintindex":0},"north":{"uv":[13.125,2.125,13.25,2.5],"rotation":0,"texture":"#0","tintindex":0},"west":{"uv":[5.125,1.5,8.625,1.875],"rotation":0,"texture":"#0","tintindex":0},"up":{"uv":[14.125,5.0,10.625,4.875],"rotation":270,"texture":"#0","tintindex":0},"down":{"uv":[14.125,5.0,10.625,5.125],"rotation":90,"texture":"#0","tintindex":0}}},{"from":[7.796823,10.07415,-12.860039],"to":[8.180781,11.562645,-11.371521],"rotation":{"angle":-45.0,"axis":"x","origin":[7.988802,10.104113,-8.405434]},"faces":{"east":{"uv":[14.375,7.75,14.625,8.0],"rotation":0,"texture":"#0","tintindex":0},"south":{"uv":[12.125,10.125,12.25,10.375],"rotation":0,"texture":"#0","tintindex":0},"north":{"uv":[10.875,11.375,11.0,11.625],"rotation":0,"texture":"#0","tintindex":0},"west":{"uv":[7.625,14.375,7.875,14.625],"rotation":0,"texture":"#0","tintindex":0},"up":{"uv":[12.25,7.5,12.0,7.375],"rotation":270,"texture":"#0","tintindex":0},"down":{"uv":[13.0,4.0,12.75,4.125],"rotation":90,"texture":"#0","tintindex":0}}},{"from":[7.660071,8.5057955,9.027635],"to":[8.3175335,9.031766,9.97943],"rotation":{"angle":-22.5,"axis":"x","origin":[7.988802,7.026608,10.374109]},"faces":{"east":{"uv":[8.0,11.5,8.125,11.625],"rotation":0,"texture":"#0","tintindex":0},"south":{"uv":[11.875,6.125,12.0,6.25],"rotation":0,"texture":"#0","tintindex":0},"north":{"uv":[2.625,11.25,2.75,11.375],"rotation":0,"texture":"#0","tintindex":0},"west":{"uv":[1.875,8.625,2.0,8.75],"rotation":0,"texture":"#0","tintindex":0},"up":{"uv":[7.0,12.5,6.875,12.375],"rotation":270,"texture":"#0","tintindex":0},"down":{"uv":[12.5,8.625,12.375,8.75],"rotation":90,"texture":"#0","tintindex":0}}},{"from":[7.607474,5.1396866,9.681519],"to":[8.396429,5.5341635,11.109211],"rotation":{"angle":-45.0,"axis":"z","origin":[8.001951,7.079098,9.524789]},"faces":{"east":{"uv":[2.5,12.875,2.75,13.0],"rotation":0,"texture":"#0","tintindex":0},"south":{"uv":[12.625,1.375,12.75,1.5],"rotation":0,"texture":"#0","tintindex":0},"north":{"uv":[12.5,9.25,12.625,9.375],"rotation":0,"texture":"#0","tintindex":0},"west":{"uv":[11.375,12.75,11.625,12.875],"rotation":0,"texture":"#0","tintindex":0},"up":{"uv":[13.5,7.875,13.25,7.75],"rotation":270,"texture":"#0","tintindex":0},"down":{"uv":[13.5,11.75,13.25,11.875],"rotation":90,"texture":"#0","tintindex":0}}},{"from":[7.607474,7.5857186,7.5377617],"to":[8.396429,8.374674,10.075882],"rotation":{"angle":0.0,"axis":"y","origin":[8.046553,5.913403,13.671384]},"faces":{"east":{"uv":[9.5,12.25,9.875,12.375],"rotation":0,"texture":"#0","tintindex":0},"south":{"uv":[12.75,10.0,12.875,10.125],"rotation":0,"texture":"#0","tintindex":0},"north":{"uv":[12.75,7.875,12.875,8.0],"rotation":0,"texture":"#0","tintindex":0},"west":{"uv":[8.125,10.875,8.5,11.0],"rotation":0,"texture":"#0","tintindex":0},"up":{"uv":[3.5,12.875,3.125,12.75],"rotation":270,"texture":"#0","tintindex":0},"down":{"uv":[14.75,6.5,14.375,6.625],"rotation":90,"texture":"#0","tintindex":0}}},{"from":[7.607474,7.5857186,1.192461],"to":[8.396429,8.374674,3.0960512],"rotation":{"angle":0.0,"axis":"y","origin":[8.046553,5.913403,13.671384]},"faces":{"east":{"uv":[2.0,14.5,2.375,14.625],"rotation":0,"texture":"#0","tintindex":0},"south":{"uv":[9.375,12.875,9.5,13.0],"rotation":0,"texture":"#0","tintindex":0},"north":{"uv":[12.875,6.0,13.0,6.125],"rotation":0,"texture":"#0","tintindex":0},"west":{"uv":[14.375,8.0,14.75,8.125],"rotation":0,"texture":"#0","tintindex":0},"up":{"uv":[2.75,14.625,2.375,14.5],"rotation":270,"texture":"#0","tintindex":0},"down":{"uv":[14.875,3.875,14.5,4.0],"rotation":90,"texture":"#0","tintindex":0}}},{"from":[7.607474,7.6383157,-4.5183086],"to":[8.396429,8.295778,-3.2492485],"rotation":{"angle":0.0,"axis":"y","origin":[8.046553,5.913403,13.671384]},"faces":{"east":{"uv":[13.375,5.875,13.625,6.0],"rotation":0,"texture":"#0","tintindex":0},"south":{"uv":[13.625,1.625,13.75,1.75],"rotation":0,"texture":"#0","tintindex":0},"north":{"uv":[13.125,0.375,13.25,0.5],"rotation":0,"texture":"#0","tintindex":0},"west":{"uv":[3.375,13.375,3.625,13.5],"rotation":0,"texture":"#0","tintindex":0},"up":{"uv":[14.125,4.375,13.875,4.25],"rotation":270,"texture":"#0","tintindex":0},"down":{"uv":[14.125,5.75,13.875,5.875],"rotation":90,"texture":"#0","tintindex":0}}},{"from":[7.660071,7.796107,2.9374185],"to":[8.3175335,8.190584,7.5377617],"rotation":{"angle":0.0,"axis":"y",