{"textures":{"0":"modelengine:entity/broom"},"elements":[{"from":[7.142857,8.0,8.0],"to":[8.857143,8.057143,11.428572],"rotation":{"angle":22.5,"axis":"x","origin":[8.0,8.0,8.0]},"faces":{"east":{"uv":[13.043478,9.391304,14.086957,9.434783],"rotation":0,"texture":"#0","tintindex":0},"south":{"uv":[13.217391,13.217391,13.73913,13.26087],"rotation":0,"texture":"#0","tintindex":0},"north":{"uv":[12.521739,13.217391,13.043478,13.26087],"rotation":0,"texture":"#0","tintindex":0},"west":{"uv":[13.043478,9.73913,14.086957,9.782609],"rotation":0,"texture":"#0","tintindex":0},"up":{"uv":[12.347826,2.2608695,11.826087,1.2173913],"rotation":0,"texture":"#0","tintindex":0},"down":{"uv":[12.347826,2.4347825,11.826087,3.4782608],"rotation":0,"texture":"#0","tintindex":0}}}],"display":{"head":{"translation":[0.0,-6.4,0.0],"scale":[4.0,4.0,4.0]}}}