{"textures":{"0":"modelengine:entity/broom"},"elements":[{"from":[7.428571,7.285714,7.428571],"to":[8.571428,7.857143,8.571428],"rotation":{"angle":0.0,"axis":"y","origin":[8.0,7.714286,7.142857]},"faces":{"east":{"uv":[10.608696,12.869565,10.956522,13.043478],"rotation":0,"texture":"#0","tintindex":0},"south":{"uv":[5.3913045,13.043478,5.7391305,13.217391],"rotation":0,"texture":"#0","tintindex":0},"north":{"uv":[4.869565,12.869565,5.2173915,13.043478],"rotation":0,"texture":"#0","tintindex":0},"west":{"uv":[5.9130435,13.043478,6.2608695,13.217391],"rotation":0,"texture":"#0","tintindex":0},"up":{"uv":[12.869565,10.26087,12.521739,9.913043],"rotation":0,"texture":"#0","tintindex":0},"down":{"uv":[12.869565,10.434783,12.521739,10.782609],"rotation":0,"texture":"#0","tintindex":0}}},{"from":[6.857143,5.0,6.857143],"to":[9.142858,7.285714,9.142858],"rotation":{"angle":0.0,"axis":"y","origin":[8.0,7.714286,7.142857]},"faces":{"east":{"uv":[11.826087,4.521739,12.521739,5.2173915],"rotation":0,"texture":"#0","tintindex":0},"south":{"uv":[7.130435,11.826087,7.826087,12.521739],"rotation":0,"texture":"#0","tintindex":0},"north":{"uv":[11.826087,3.652174,12.521739,4.347826],"rotation":0,"texture":"#0","tintindex":0},"west":{"uv":[8.0,11.826087,8.695652,12.521739],"rotation":0,"texture":"#0","tintindex":0},"up":{"uv":[9.565217,12.521739,8.869565,11.826087],"rotation":0,"texture":"#0","tintindex":0},"down":{"uv":[10.434783,11.826087,9.73913,12.521739],"rotation":0,"texture":"#0","tintindex":0}}}],"display":{"head":{"translation":[0.0,-6.4,0.0],"scale":[4.0,4.0,4.0]}}}