{"textures":{"0":"modelengine:entity/broom"},"elements":[{"from":[7.885714,7.142857,7.8285713],"to":[7.9428573,8.857143,11.257143],"rotation":{"angle":-22.5,"axis":"y","origin":[8.0,8.0,8.0]},"faces":{"east":{"uv":[11.304348,7.652174,12.347826,8.173913],"rotation":0,"texture":"#0","tintindex":0},"south":{"uv":[10.434783,8.347826,10.478261,8.869565],"rotation":0,"texture":"#0","tintindex":0},"north":{"uv":[7.304348,8.347826,7.347826,8.869565],"rotation":0,"texture":"#0","tintindex":0},"west":{"uv":[11.304348,8.347826,12.347826,8.869565],"rotation":0,"texture":"#0","tintindex":0},"up":{"uv":[11.173913,13.913043,11.130435,12.869565],"rotation":0,"texture":"#0","tintindex":0},"down":{"uv":[13.086957,6.6086955,13.043478,7.652174],"rotation":0,"texture":"#0","tintindex":0}}}],"display":{"head":{"translation":[0.0,-6.4,0.0],"scale":[4.0,4.0,4.0]}}}