{"textures":{"0":"modelengine:entity/broom"},"elements":[{"from":[8.057143,7.142857,7.8285713],"to":[8.114285,8.857143,11.257143],"rotation":{"angle":22.5,"axis":"y","origin":[8.0,8.0,8.0]},"faces":{"east":{"uv":[11.304348,9.043478,12.347826,9.565217],"rotation":0,"texture":"#0","tintindex":0},"south":{"uv":[7.826087,13.217391,7.869565,13.73913],"rotation":0,"texture":"#0","tintindex":0},"north":{"uv":[13.217391,0.0,13.26087,0.5217391],"rotation":0,"texture":"#0","tintindex":0},"west":{"uv":[11.304348,9.73913,12.347826,10.26087],"rotation":0,"texture":"#0","tintindex":0},"up":{"uv":[13.086957,8.869565,13.043478,7.826087],"rotation":0,"texture":"#0","tintindex":0},"down":{"uv":[8.913043,13.043478,8.869565,14.086957],"rotation":0,"texture":"#0","tintindex":0}}}],"display":{"head":{"translation":[0.0,-6.4,0.0],"scale":[4.0,4.0,4.0]}}}