{"textures":{"0":"modelengine:entity/broom"},"elements":[{"from":[7.142857,7.9428573,8.0],"to":[8.857143,8.0,11.428572],"rotation":{"angle":-22.5,"axis":"x","origin":[8.0,8.0,8.0]},"faces":{"east":{"uv":[13.043478,9.043478,14.086957,9.086957],"rotation":0,"texture":"#0","tintindex":0},"south":{"uv":[11.826087,13.217391,12.347826,13.26087],"rotation":0,"texture":"#0","tintindex":0},"north":{"uv":[10.434783,13.217391,10.956522,13.26087],"rotation":0,"texture":"#0","tintindex":0},"west":{"uv":[9.217391,13.043478,10.26087,13.086957],"rotation":0,"texture":"#0","tintindex":0},"up":{"uv":[6.9565215,12.173913,6.4347825,11.130435],"rotation":0,"texture":"#0","tintindex":0},"down":{"uv":[12.347826,0.0,11.826087,1.0434783],"rotation":0,"texture":"#0","tintindex":0}}}],"display":{"head":{"translation":[0.0,-6.4,0.0],"scale":[4.0,4.0,4.0]}}}