{"textures":{"0":"modelengine:entity/broom"},"elements":[{"from":[6.5714283,5.142857,7.9714284],"to":[9.428572,8.0,8.028571],"rotation":{"angle":0.0,"axis":"y","origin":[8.0,5.0,7.1142855]},"faces":{"east":{"uv":[13.043478,10.086957,13.086957,10.956522],"rotation":0,"texture":"#0","tintindex":0},"south":{"uv":[5.3913045,11.130435,6.2608695,12.0],"rotation":0,"texture":"#0","tintindex":0},"north":{"uv":[4.347826,11.130435,5.2173915,12.0],"rotation":0,"texture":"#0","tintindex":0},"west":{"uv":[13.043478,11.130435,13.086957,12.0],"rotation":0,"texture":"#0","tintindex":0},"up":{"uv":[13.913043,12.217391,13.043478,12.173913],"rotation":0,"texture":"#0","tintindex":0},"down":{"uv":[13.913043,12.521739,13.043478,12.565217],"rotation":0,"texture":"#0","tintindex":0}}}],"display":{"head":{"translation":[0.0,-6.4,0.0],"scale":[4.0,4.0,4.0]}}}