{"textures":{"0":"modelengine:entity/broom"},"elements":[{"from":[8.0,6.9142857,6.857143],"to":[8.057143,9.771429,9.714286],"rotation":{"angle":22.5,"axis":"x","origin":[8.0,8.0,8.0]},"faces":{"east":{"uv":[10.782609,11.130435,11.652174,12.0],"rotation":0,"texture":"#0","tintindex":0},"south":{"uv":[6.4347825,13.217391,6.478261,14.086957],"rotation":0,"texture":"#0","tintindex":0},"north":{"uv":[4.869565,13.217391,4.9130435,14.086957],"rotation":0,"texture":"#0","tintindex":0},"west":{"uv":[11.304348,6.6086955,12.173913,7.478261],"rotation":0,"texture":"#0","tintindex":0},"up":{"uv":[6.826087,14.086957,6.7826085,13.217391],"rotation":0,"texture":"#0","tintindex":0},"down":{"uv":[7.521739,13.217391,7.478261,14.086957],"rotation":0,"texture":"#0","tintindex":0}}}],"display":{"head":{"translation":[0.0,-6.4,0.0],"scale":[4.0,4.0,4.0]}}}