{"textures":{"0":"modelengine:entity/broom"},"elements":[{"from":[7.428571,7.209895,6.85714],"to":[8.571428,8.352753,21.142857],"rotation":{"angle":0.0,"axis":"y","origin":[8.0,1.4956088,16.571426]},"faces":{"east":{"uv":[10.434783,5.5652175,14.782609,5.9130435],"rotation":0,"texture":"#0","tintindex":0},"south":{"uv":[12.521739,8.347826,12.869565,8.695652],"rotation":0,"texture":"#0","tintindex":0},"north":{"uv":[12.521739,2.7826087,12.869565,3.1304348],"rotation":0,"texture":"#0","tintindex":0},"west":{"uv":[10.434783,6.0869565,14.782609,6.4347825],"rotation":0,"texture":"#0","tintindex":0},"up":{"uv":[11.130435,10.956522,10.782609,6.6086955],"rotation":0,"texture":"#0","tintindex":0},"down":{"uv":[4.173913,11.130435,3.826087,15.478261],"rotation":0,"texture":"#0","tintindex":0}}},{"from":[7.4857144,6.6545067,4.3491654],"to":[8.514286,7.6830783,7.2063084],"rotation":{"angle":-22.5,"axis":"x","origin":[8.0,7.1687922,5.4920225]},"faces":{"east":{"uv":[12.521739,0.6956522,13.391304,1.0],"rotation":0,"texture":"#0","tintindex":0},"south":{"uv":[8.0,12.695652,8.304348,13.0],"rotation":0,"texture":"#0","tintindex":0},"north":{"uv":[7.478261,12.695652,7.7826085,13.0],"rotation":0,"texture":"#0","tintindex":0},"west":{"uv":[12.521739,1.2173913,13.391304,1.5217391],"rotation":0,"texture":"#0","tintindex":0},"up":{"uv":[12.826087,2.6086957,12.521739,1.7391304],"rotation":0,"texture":"#0","tintindex":0},"down":{"uv":[12.826087,7.304348,12.521739,8.173913],"rotation":0,"texture":"#0","tintindex":0}}},{"from":[7.428571,6.81604,1.5754337],"to":[8.571428,7.958897,5.004005],"rotation":{"angle":22.5,"axis":"x","origin":[8.0,7.387469,3.2897196]},"faces":{"east":{"uv":[11.304348,10.434783,12.347826,10.782609],"rotation":0,"texture":"#0","tintindex":0},"south":{"uv":[12.521739,9.391304,12.869565,9.73913],"rotation":0,"texture":"#0","tintindex":0},"north":{"uv":[12.521739,8.869565,12.869565,9.217391],"rotation":0,"texture":"#0","tintindex":0},"west":{"uv":[11.826087,10.956522,12.869565,11.304348],"rotation":0,"texture":"#0","tintindex":0},"up":{"uv":[12.173913,12.521739,11.826087,11.478261],"rotation":0,"texture":"#0","tintindex":0},"down":{"uv":[4.695652,12.173913,4.347826,13.217391],"rotation":0,"texture":"#0","tintindex":0}}},{"from":[7.142857,6.924181,21.142857],"to":[8.857143,8.638467,23.42857],"rotation":{"angle":0.0,"axis":"y","origin":[8.0,1.4956088,16.571426]},"faces":{"east":{"uv":[4.869565,12.173913,5.5652175,12.695652],"rotation":0,"texture":"#0","tintindex":0},"south":{"uv":[12.347826,11.478261,12.869565,12.0],"rotation":0,"texture":"#0","tintindex":0},"north":{"uv":[12.347826,6.6086955,12.869565,7.130435],"rotation":0,"texture":"#0","tintindex":0},"west":{"uv":[10.608696,12.173913,11.304348,12.695652],"rotation":0,"texture":"#0","tintindex":0},"up":{"uv":[6.2608695,12.869565,5.7391305,12.173913],"rotation":0,"texture":"#0","tintindex":0},"down":{"uv":[6.9565215,12.347826,6.4347825,13.043478],"rotation":0,"texture":"#0","tintindex":0}}},{"from":[7.9428573,5.209895,23.42857],"to":[8.0,10.352753,32.0],"rotation":{"angle":0.0,"axis":"y","origin":[8.0,1.4956088,16.571426]},"faces":{"east":{"uv":[7.652174,5.5652175,10.26087,7.130435],"rotation":0,"texture":"#0","tintindex":0},"south":{"uv":[8.521739,12.695652,8.565217,14.26087],"rotation":0,"texture":"#0","tintindex":0},"north":{"uv":[10.434783,6.6086955,10.478261,8.173913],"rotation":0,"texture":"#0","tintindex":0},"west":{"uv":[7.652174,7.304348,10.26087,8.869565],"rotation":0,"texture":"#0","tintindex":0},"up":{"uv":[11.521739,14.782609,11.478261,12.173913],"rotation":0,"texture":"#0","tintindex":0},"down":{"uv":[7.173913,12.695652,7.130435,15.304348],"rotation":0,"texture":"#0","tintindex":0}}},{"from":[5.428571,7.781324,23.42857],"to":[10.571428,7.8384666,32.0],"rotation":{"angle":0.0,"axis":"y","origin":[8.0,1.4956088,16.571426]},"faces":{"east":{"uv":[12.521739,3.3043478,15.130435,3.347826],"rotation":0,"texture":"#0","tintindex":0},"south":{"uv":[11.826087,12.869565,13.391304,12.913043],"rotation":0,"texture":"#0","tintindex":0},"north":{"uv":[8.869565,12.695652,10.434783,12.73913],"rotation":0,"texture":"#0","tintindex":0},"west":{"uv":[12.695652,3.652174,15.304348,3.6956522],"rotation":0,"texture":"#0","tintindex":0},"up":{"uv":[5.3913045,10.956522,3.826087,8.347826],"rotation":0,"texture":"#0","tintindex":0},"down":{"uv":[7.130435,8.347826,5.5652175,10.956522],"rotation":0,"texture":"#0","tintindex":0}}},{"from":[5.428571,7.7241807,23.42857],"to":[10.571428,7.781324,32.0],"rotation":{"angle":45.0,"axis":"z","origin":[8.0,7.781324,25.999998]},"faces":{"east":{"uv":[12.695652,4.0,15.304348,4.0434785],"rotation":0,"texture":"#0","tintindex":0},"south":{"uv":[13.043478,2.0869565,14.608696,2.1304348],"rotation":0,"texture":"#0","tintindex":0},"north":{"uv":[13.043478,1.7391304,14.608696,1.7826087],"rotation":0,"texture":"#0","tintindex":0},"west":{"uv":[12.695652,4.347826,15.304348,4.3913045],"rotation":0,"texture":"#0","tintindex":0},"up":{"uv":[8.869565,11.652174,7.304348,9.043478],"rotation":0,"texture":"#0","tintindex":0},"down":{"uv":[10.608696,9.043478,9.043478,11.652174],"rotation":0,"texture":"#0","tintindex":0}}},{"from":[5.428571,7.7241807,23.42857],"to":[10.571428,7.781324,32.0],"rotation":{"angle":-45.0,"axis":"z","origin":[8.0,7.781324,25.999998]},"faces":{"east":{"uv":[12.695652,4.695652,15.304348,4.7391305],"rotation":0,"texture":"#0","tintindex":0},"south":{"uv":[13.043478,2.7826087,14.608696,2.826087],"rotation":0,"texture":"#0","tintindex":0},"north":{"uv":[13.043478,2.4347825,14.608696,2.4782608],"rotation":0,"texture":"#0","tintindex":0},"west":{"uv":[12.695652,5.0434785,15.304348,5.0869565],"rotation":0,"texture":"#0","tintindex":0},"up":{"uv":[11.652174,2.6086957,10.086957,0.0],"rotation":0,"texture":"#0","tintindex":0},"down":{"uv":[11.652174,2.7826087,10.086957,5.3913045],"rotation":0,"texture":"#0","tintindex":0}}},{"from":[7.142857,6.924181,20.971426],"to":[8.857143,8.638467,21.02857],"rotation":{"angle":0.0,"axis":"y","origin":[8.0,1.4956088,16.571426]},"faces":{"east":{"uv":[8.173913,13.217391,8.217391,13.73913],"rotation":0,"texture":"#0","tintindex":0},"south":{"uv":[12.521739,0.0,13.043478,0.5217391],"rotation":0,"texture":"#0","tintindex":0},"north":{"uv":[12.347826,12.173913,12.869565,12.695652],"rotation":0,"texture":"#0","tintindex":0},"west":{"uv":[4.347826,13.391304,4.3913045,13.913043],"rotation":0,"texture":"#0","tintindex":0},"up":{"uv":[5.7391305,13.434783,5.2173915,13.391304],"rotation":0,"texture":"#0","tintindex":0},"down":{"uv":[13.913043,6.6086955,13.391304,6.652174],"rotation":0,"texture":"#0","tintindex":0}}}],"display":{"head":{"translation":[0.0,-6.4,27.730164],"scale":[4.0,4.0,4.0]}}}