{"textures":{"0":"modelengine:entity/pet_rednose_wolf","1":"modelengine:entity/pet_rednose"},"elements":[{"name":"cube","from":[6.5,7.406523,6.233967],"to":[9.5,10.406523,9.233967],"rotation":{"angle":0.0,"axis":"x","origin":[7.7,4.406523,8.633967]},"faces":{"down":{"uv":[7.492,6.508,5.008,8.992],"rotation":0,"texture":"#1","tintindex":0},"east":{"uv":[2.492,6.508,0.008,8.992],"rotation":0,"texture":"#1","tintindex":0},"north":{"uv":[0.008,4.008,2.492,6.492],"rotation":0,"texture":"#1","tintindex":0},"south":{"uv":[5.008,4.008,7.492,6.492],"rotation":0,"texture":"#1","tintindex":0},"up":{"uv":[4.992,8.992,2.508,6.508],"rotation":0,"texture":"#1","tintindex":0},"west":{"uv":[0.008,6.508,2.492,8.992],"rotation":0,"texture":"#1","tintindex":0}}},{"name":"cube","from":[7.1,7.406523,5.033967],"to":[8.9,9.206524,6.233967],"rotation":{"angle":0.0,"axis":"x","origin":[7.7,4.406523,8.633967]},"faces":{"down":{"uv":[10.492,5.008,9.008,5.992],"rotation":0,"texture":"#1","tintindex":0},"east":{"uv":[1.508,9.008,2.492,10.492],"rotation":0,"texture":"#1","tintindex":0},"north":{"uv":[0.008,9.008,1.492,10.492],"rotation":0,"texture":"#1","tintindex":0},"south":{"uv":[3.008,9.008,4.492,10.492],"rotation":0,"texture":"#1","tintindex":0},"up":{"uv":[5.992,9.992,4.508,9.008],"rotation":0,"texture":"#1","tintindex":0},"west":{"uv":[9.008,3.508,9.992,4.992],"rotation":0,"texture":"#1","tintindex":0}}},{"name":"cube","from":[7.4,8.6065235,4.433967],"to":[8.6,9.806523,5.6339674],"rotation":{"angle":0.0,"axis":"x","origin":[7.7,4.406523,8.633967]},"faces":{"down":{"uv":[6.992,10.508,6.008,11.492],"rotation":0,"texture":"#1","tintindex":0},"east":{"uv":[4.008,10.508,4.992,11.492],"rotation":0,"texture":"#1","tintindex":0},"north":{"uv":[10.508,3.508,11.492,4.492],"rotation":0,"texture":"#1","tintindex":0},"south":{"uv":[10.508,4.508,11.492,5.492],"rotation":0,"texture":"#1","tintindex":0},"up":{"uv":[11.492,6.492,10.508,5.508],"rotation":0,"texture":"#1","tintindex":0},"west":{"uv":[5.008,10.508,5.992,11.492],"rotation":0,"texture":"#1","tintindex":0}}},{"name":"cube","from":[7.1,10.406523,7.433967],"to":[7.1,12.806523,11.633967],"rotation":{"angle":0.0,"axis":"x","origin":[7.7,4.406523,8.633967]},"faces":{"down":{"uv":[0.008,0.008,-0.016,3.492],"rotation":0,"texture":"#1","tintindex":0},"east":{"uv":[0.008,0.008,3.492,1.992],"rotation":0,"texture":"#1","tintindex":0},"north":{"uv":[0.008,0.008,-0.016,1.992],"rotation":0,"texture":"#1","tintindex":0},"south":{"uv":[0.008,0.008,-0.016,1.992],"rotation":0,"texture":"#1","tintindex":0},"up":{"uv":[0.008,3.492,-0.016,0.008],"rotation":0,"texture":"#1","tintindex":0},"west":{"uv":[3.492,0.008,0.008,1.992],"rotation":0,"texture":"#1","tintindex":0}}},{"name":"cube","from":[8.9,10.406523,7.433967],"to":[8.9,12.806523,11.633967],"rotation":{"angle":0.0,"axis":"x","origin":[7.7,4.406523,8.633967]},"faces":{"down":{"uv":[0.008,0.008,-0.016,3.492],"rotation":0,"texture":"#1","tintindex":0},"east":{"uv":[0.008,0.008,3.492,1.992],"rotation":0,"texture":"#1","tintindex":0},"north":{"uv":[0.008,0.008,-0.016,1.992],"rotation":0,"texture":"#1","tintindex":0},"south":{"uv":[0.008,0.008,-0.016,1.992],"rotation":0,"texture":"#1","tintindex":0},"up":{"uv":[0.008,3.492,-0.016,0.008],"rotation":0,"texture":"#1","tintindex":0},"west":{"uv":[3.492,0.008,0.008,1.992],"rotation":0,"texture":"#1","tintindex":0}}},{"name":"cube","from":[4.7,9.806523,8.033967],"to":[7.7,11.6065235,8.033967],"rotation":{"angle":-22.5,"axis":"x","origin":[6.5,12.206523,8.783967]},"faces":{"down":{"uv":[2.492,0.008,0.008,-0.016],"rotation":0,"texture":"#1","tintindex":0},"east":{"uv":[0.008,0.008,-0.016,1.492],"rotation":0,"texture":"#1","tintindex":0},"north":{"uv":[7.508,7.008,9.992,8.492],"rotation":0,"texture":"#1","tintindex":0},"south":{"uv":[6.492,11.508,4.008,12.992],"rotation":0,"texture":"#1","tintindex":0},"up":{"uv":[2.492,0.008,0.008,-0.016],"rotation":0,"texture":"#1","tintindex":0},"west":{"uv":[0.008,0.008,-0.016,1.492],"rotation":0,"texture":"#1","tintindex":0}}},{"name":"cube","from":[8.3,9.806523,8.033967],"to":[11.3,11.6065235,8.033967],"rotation":{"angle":-22.5,"axis":"x","origin":[8.9,12.206523,8.783967]},"faces":{"down":{"uv":[0.008,0.008,2.492,-0.016],"rotation":0,"texture":"#1","tintindex":0},"east":{"uv":[0.008,0.008,-0.016,1.492],"rotation":0,"texture":"#1","tintindex":0},"north":{"uv":[9.992,7.008,7.508,8.492],"rotation":0,"texture":"#1","tintindex":0},"south":{"uv":[4.008,11.508,6.492,12.992],"rotation":0,"texture":"#1","tintindex":0},"up":{"uv":[0.008,0.008,2.492,-0.016],"rotation":0,"texture":"#1","tintindex":0},"west":{"uv":[0.008,0.008,-0.016,1.492],"rotation":0,"texture":"#1","tintindex":0}}}],"display":{"head":{"translation":[0.0,-6.4,0.0],"rotation":[0.0,0.0,0.0],"scale":[3.8095,3.8095,3.8095]}}}