{"textures":{"0":"modelengine:entity/sm_artoriasknight"},"elements":[{"name":"cube","from":[7.55,6.455716,6.2749996],"to":[10.55,11.255716,9.875],"rotation":{"angle":0.0,"axis":"x","origin":[11.216572,13.741247,4.6346817]},"faces":{"down":{"uv":[11.25,6.5,10.625,7.25],"rotation":0,"texture":"#0","tintindex":0},"east":{"uv":[3.75,8.625,4.5,9.625],"rotation":0,"texture":"#0","tintindex":0},"north":{"uv":[9.75,10.0,10.375,11.0],"rotation":0,"texture":"#0","tintindex":0},"south":{"uv":[9.75,10.0,10.375,11.0],"rotation":0,"texture":"#0","tintindex":0},"up":{"uv":[11.25,7.25,10.625,6.5],"rotation":0,"texture":"#0","tintindex":0},"west":{"uv":[3.75,8.625,4.5,9.625],"rotation":0,"texture":"#0","tintindex":0}}},{"name":"cube","from":[7.55,5.255716,5.975],"to":[11.15,10.055716,10.175],"rotation":{"angle":0.0,"axis":"x","origin":[11.216572,13.741247,4.6346817]},"faces":{"down":{"uv":[10.25,5.875,9.5,6.75],"rotation":0,"texture":"#0","tintindex":0},"east":{"uv":[5.5,6.875,6.375,7.875],"rotation":0,"texture":"#0","tintindex":0},"north":{"uv":[7.375,8.625,8.125,9.625],"rotation":0,"texture":"#0","tintindex":0},"south":{"uv":[8.125,8.625,7.375,9.625],"rotation":0,"texture":"#0","tintindex":0},"up":{"uv":[2.875,10.375,2.125,9.5],"rotation":0,"texture":"#0","tintindex":0},"west":{"uv":[6.375,6.875,7.25,7.875],"rotation":0,"texture":"#0","tintindex":0}}},{"name":"cube","from":[7.4900002,9.845716,6.215],"to":[10.610001,11.765717,9.934999],"rotation":{"angle":0.0,"axis":"x","origin":[11.216572,13.741247,4.6346817]},"faces":{"down":{"uv":[11.0,10.625,10.375,11.375],"rotation":0,"texture":"#0","tintindex":0},"east":{"uv":[6.875,12.5,7.625,12.875],"rotation":0,"texture":"#0","tintindex":0},"north":{"uv":[10.0,13.0,9.375,13.375],"rotation":0,"texture":"#0","tintindex":0},"south":{"uv":[9.375,13.0,10.0,13.375],"rotation":0,"texture":"#0","tintindex":0},"up":{"uv":[11.25,8.75,10.625,8.0],"rotation":0,"texture":"#0","tintindex":0},"west":{"uv":[6.875,12.5,7.625,12.875],"rotation":0,"texture":"#0","tintindex":0}}},{"name":"cube","from":[8.15,2.882852,6.2749996],"to":[10.55,6.482852,9.275],"rotation":{"angle":0.0,"axis":"x","origin":[11.216572,13.741247,4.6346817]},"faces":{"down":{"uv":[9.0,12.25,8.5,12.875],"rotation":0,"texture":"#0","tintindex":0},"east":{"uv":[10.875,0.0,11.5,0.75],"rotation":0,"texture":"#0","tintindex":0},"north":{"uv":[0.5,11.875,1.0,12.625],"rotation":0,"texture":"#0","tintindex":0},"south":{"uv":[0.5,11.875,1.0,12.625],"rotation":0,"texture":"#0","tintindex":0},"up":{"uv":[9.0,12.875,8.5,12.25],"rotation":0,"texture":"#0","tintindex":0},"west":{"uv":[11.5,0.0,10.875,0.75],"rotation":0,"texture":"#0","tintindex":0}}}],"display":{"head":{"translation":[0.0,-6.4,0.0],"rotation":[0.0,0.0,0.0],"scale":[3.8095,3.8095,3.8095]}}}