{"textures":{"0":"modelengine:entity/manta_ray"},"elements":[{"from":[7.0049233,5.8200474,5.946286],"to":[10.433495,10.391477,10.517715],"rotation":{"angle":0.0,"axis":"y","origin":[9.004923,6.391476,8.80343]},"faces":{"east":{"uv":[2.5,5.5,3.5,6.5],"rotation":0,"texture":"#0","tintindex":0},"south":{"uv":[4.25,10.0,5.0,11.0],"rotation":0,"texture":"#0","tintindex":0},"north":{"uv":[3.5,10.0,4.25,11.0],"rotation":0,"texture":"#0","tintindex":0},"west":{"uv":[1.5,7.5,2.5,8.5],"rotation":0,"texture":"#0","tintindex":0},"up":{"uv":[5.75,11.0,5.0,10.0],"rotation":0,"texture":"#0","tintindex":0},"down":{"uv":[0.75,10.125,0.0,11.125],"rotation":0,"texture":"#0","tintindex":0}}},{"from":[7.5763516,3.5343332,6.517715],"to":[8.719209,5.8200474,9.946287],"rotation":{"angle":0.0,"axis":"y","origin":[18.433495,4.677191,15.660573]},"faces":{"east":{"uv":[10.5,8.25,11.25,8.75],"rotation":0,"texture":"#0","tintindex":0},"south":{"uv":[6.875,10.875,7.125,11.375],"rotation":0,"texture":"#0","tintindex":0},"north":{"uv":[10.875,1.5,11.125,2.0],"rotation":0,"texture":"#0","tintindex":0},"west":{"uv":[6.125,10.625,6.875,11.125],"rotation":0,"texture":"#0","tintindex":0},"up":{"uv":[10.375,11.375,10.125,10.625],"rotation":0,"texture":"#0","tintindex":0},"down":{"uv":[2.0,10.75,1.75,11.5],"rotation":0,"texture":"#0","tintindex":0}}},{"from":[7.465765,0.7294502,6.517715],"to":[8.608623,3.0151649,11.089144],"rotation":{"angle":22.5,"axis":"z","origin":[6.21604,3.5527277,7.0891438]},"faces":{"east":{"uv":[9.5,10.125,10.5,10.625],"rotation":0,"texture":"#0","tintindex":0},"south":{"uv":[10.75,5.5,11.0,6.0],"rotation":0,"texture":"#0","tintindex":0},"north":{"uv":[2.5,10.75,2.75,11.25],"rotation":0,"texture":"#0","tintindex":0},"west":{"uv":[1.75,10.25,2.75,10.75],"rotation":0,"texture":"#0","tintindex":0},"up":{"uv":[9.875,11.625,9.625,10.625],"rotation":0,"texture":"#0","tintindex":0},"down":{"uv":[10.125,10.625,9.875,11.625],"rotation":0,"texture":"#0","tintindex":0}}},{"from":[11.864965,-4.870454,6.517715],"to":[13.007822,-3.7275963,8.80343],"rotation":{"angle":-22.5,"axis":"z","origin":[22.722109,1.9866896,15.089144]},"faces":{"east":{"uv":[2.5,6.5,3.0,6.75],"rotation":0,"texture":"#0","tintindex":0},"south":{"uv":[6.25,9.375,6.5,9.625],"rotation":0,"texture":"#0","tintindex":0},"north":{"uv":[7.75,8.625,8.0,8.875],"rotation":0,"texture":"#0","tintindex":0},"west":{"uv":[3.0,6.5,3.5,6.75],"rotation":0,"texture":"#0","tintindex":0},"up":{"uv":[2.25,11.25,2.0,10.75],"rotation":0,"texture":"#0","tintindex":0},"down":{"uv":[2.5,10.75,2.25,11.25],"rotation":0,"texture":"#0","tintindex":0}}},{"from":[2.8467069,5.809849,6.517715],"to":[3.989564,8.095563,11.089144],"rotation":{"angle":45.0,"axis":"z","origin":[13.70385,11.524135,16.232002]},"faces":{"east":{"uv":[0.75,10.125,1.75,10.625],"rotation":0,"texture":"#0","tintindex":0},"south":{"uv":[2.25,8.5,2.5,9.0],"rotation":0,"texture":"#0","tintindex":0},"north":{"uv":[2.0,8.5,2.25,9.0],"rotation":0,"texture":"#0","tintindex":0},"west":{"uv":[8.5,10.125,9.5,10.625],"rotation":0,"texture":"#0","tintindex":0},"up":{"uv":[1.75,11.625,1.5,10.625],"rotation":0,"texture":"#0","tintindex":0},"down":{"uv":[9.625,10.625,9.375,11.625],"rotation":0,"texture":"#0","tintindex":0}}}],"display":{"head":{"translation":[0.0,-6.4,0.0],"scale":[4.0,4.0,4.0]}}}