{"textures":{"0":"modelengine:entity/manta_ray"},"elements":[{"from":[5.5665054,5.8200474,5.946286],"to":[8.995077,10.391477,10.517715],"rotation":{"angle":0.0,"axis":"y","origin":[6.9950767,6.391476,8.80343]},"faces":{"east":{"uv":[2.5,7.5,1.5,8.5],"rotation":0,"texture":"#0","tintindex":0},"south":{"uv":[5.0,10.0,4.25,11.0],"rotation":0,"texture":"#0","tintindex":0},"north":{"uv":[4.25,10.0,3.5,11.0],"rotation":0,"texture":"#0","tintindex":0},"west":{"uv":[3.5,5.5,2.5,6.5],"rotation":0,"texture":"#0","tintindex":0},"up":{"uv":[5.0,11.0,5.75,10.0],"rotation":0,"texture":"#0","tintindex":0},"down":{"uv":[0.0,10.125,0.75,11.125],"rotation":0,"texture":"#0","tintindex":0}}},{"from":[7.2807913,3.5343332,6.517715],"to":[8.423648,5.8200474,9.946287],"rotation":{"angle":0.0,"axis":"y","origin":[-2.4334946,4.677191,15.660573]},"faces":{"east":{"uv":[6.875,10.625,6.125,11.125],"rotation":0,"texture":"#0","tintindex":0},"south":{"uv":[7.125,10.875,6.875,11.375],"rotation":0,"texture":"#0","tintindex":0},"north":{"uv":[11.125,1.5,10.875,2.0],"rotation":0,"texture":"#0","tintindex":0},"west":{"uv":[11.25,8.25,10.5,8.75],"rotation":0,"texture":"#0","tintindex":0},"up":{"uv":[10.125,11.375,10.375,10.625],"rotation":0,"texture":"#0","tintindex":0},"down":{"uv":[1.75,10.75,2.0,11.5],"rotation":0,"texture":"#0","tintindex":0}}},{"from":[7.391378,0.7294502,6.517715],"to":[8.534235,3.0151649,11.089144],"rotation":{"angle":-22.5,"axis":"z","origin":[9.78396,3.5527277,7.0891438]},"faces":{"east":{"uv":[2.75,10.25,1.75,10.75],"rotation":0,"texture":"#0","tintindex":0},"south":{"uv":[11.0,5.5,10.75,6.0],"rotation":0,"texture":"#0","tintindex":0},"north":{"uv":[2.75,10.75,2.5,11.25],"rotation":0,"texture":"#0","tintindex":0},"west":{"uv":[10.5,10.125,9.5,10.625],"rotation":0,"texture":"#0","tintindex":0},"up":{"uv":[9.625,11.625,9.875,10.625],"rotation":0,"texture":"#0","tintindex":0},"down":{"uv":[9.875,10.625,10.125,11.625],"rotation":0,"texture":"#0","tintindex":0}}},{"from":[2.9921775,-4.870454,6.517715],"to":[4.135035,-3.7275963,8.80343],"rotation":{"angle":22.5,"axis":"z","origin":[-6.722109,1.9866896,15.089144]},"faces":{"east":{"uv":[3.5,6.5,3.0,6.75],"rotation":0,"texture":"#0","tintindex":0},"south":{"uv":[6.5,9.375,6.25,9.625],"rotation":0,"texture":"#0","tintindex":0},"north":{"uv":[8.0,8.625,7.75,8.875],"rotation":0,"texture":"#0","tintindex":0},"west":{"uv":[3.0,6.5,2.5,6.75],"rotation":0,"texture":"#0","tintindex":0},"up":{"uv":[2.0,11.25,2.25,10.75],"rotation":0,"texture":"#0","tintindex":0},"down":{"uv":[2.25,10.75,2.5,11.25],"rotation":0,"texture":"#0","tintindex":0}}},{"from":[12.010436,5.809849,6.517715],"to":[13.153294,8.095563,11.089144],"rotation":{"angle":-45.0,"axis":"z","origin":[2.2961497,11.524135,16.232002]},"faces":{"east":{"uv":[9.5,10.125,8.5,10.625],"rotation":0,"texture":"#0","tintindex":0},"south":{"uv":[2.5,8.5,2.25,9.0],"rotation":0,"texture":"#0","tintindex":0},"north":{"uv":[2.25,8.5,2.0,9.0],"rotation":0,"texture":"#0","tintindex":0},"west":{"uv":[1.75,10.125,0.75,10.625],"rotation":0,"texture":"#0","tintindex":0},"up":{"uv":[1.5,11.625,1.75,10.625],"rotation":0,"texture":"#0","tintindex":0},"down":{"uv":[9.375,10.625,9.625,11.625],"rotation":0,"texture":"#0","tintindex":0}}}],"display":{"head":{"translation":[0.0,-6.4,0.0],"scale":[4.0,4.0,4.0]}}}