{"textures":{"0":"modelengine:entity/pet_santa_evil","1":"modelengine:entity/pet_santa"},"elements":[{"name":"cube","from":[5.0,5.6922836,4.8381114],"to":[11.0,9.892283,7.2381115],"rotation":{"angle":22.5,"axis":"x","origin":[8.0,7.7922835,6.0381117]},"faces":{"down":{"uv":[8.975,0.025,6.525,0.975],"rotation":0,"texture":"#1","tintindex":0},"east":{"uv":[6.025,6.775,6.975,8.475],"rotation":0,"texture":"#1","tintindex":0},"north":{"uv":[0.025,0.025,2.475,1.725],"rotation":0,"texture":"#1","tintindex":0},"south":{"uv":[0.025,1.775,2.475,3.475],"rotation":0,"texture":"#1","tintindex":0},"up":{"uv":[8.475,6.725,6.025,5.775],"rotation":0,"texture":"#1","tintindex":0},"west":{"uv":[7.025,6.775,7.975,8.475],"rotation":0,"texture":"#1","tintindex":0}}},{"name":"cube","from":[5.6,8.092283,5.4381113],"to":[10.4,12.292284,10.2381115],"rotation":{"angle":0.0,"axis":"x","origin":[8.0,1.4922832,7.2381115]},"faces":{"down":{"uv":[4.475,2.025,2.525,3.975],"rotation":0,"texture":"#1","tintindex":0},"east":{"uv":[2.025,4.025,3.975,5.725],"rotation":0,"texture":"#1","tintindex":0},"north":{"uv":[0.025,3.525,1.975,5.225],"rotation":0,"texture":"#1","tintindex":0},"south":{"uv":[4.025,4.025,5.975,5.725],"rotation":0,"texture":"#1","tintindex":0},"up":{"uv":[4.475,1.975,2.525,0.025],"rotation":0,"texture":"#1","tintindex":0},"west":{"uv":[4.525,0.025,6.475,1.725],"rotation":0,"texture":"#1","tintindex":0}}},{"name":"cube","from":[7.1,11.092283,7.2381115],"to":[8.9,12.892283,11.438112],"rotation":{"angle":22.5,"axis":"x","origin":[8.0,12.592283,9.038112]},"faces":{"down":{"uv":[4.725,7.275,4.025,8.975],"rotation":0,"texture":"#1","tintindex":0},"east":{"uv":[6.525,2.525,8.225,3.225],"rotation":0,"texture":"#1","tintindex":0},"north":{"uv":[6.275,8.525,6.975,9.225],"rotation":0,"texture":"#1","tintindex":0},"south":{"uv":[7.025,8.525,7.725,9.225],"rotation":0,"texture":"#1","tintindex":0},"up":{"uv":[3.975,8.975,3.275,7.275],"rotation":0,"texture":"#1","tintindex":0},"west":{"uv":[1.525,7.275,3.225,7.975],"rotation":0,"texture":"#1","tintindex":0}}},{"name":"cube","from":[6.8,8.092283,10.2381115],"to":[9.2,10.492283,12.638112],"rotation":{"angle":0.0,"axis":"x","origin":[8.0,9.592283,11.738112]},"faces":{"down":{"uv":[8.975,7.775,8.025,8.725],"rotation":0,"texture":"#1","tintindex":0},"east":{"uv":[1.525,8.025,2.475,8.975],"rotation":0,"texture":"#1","tintindex":0},"north":{"uv":[4.775,7.275,5.725,8.225],"rotation":0,"texture":"#1","tintindex":0},"south":{"uv":[8.025,3.775,8.975,4.725],"rotation":0,"texture":"#1","tintindex":0},"up":{"uv":[8.975,7.725,8.025,6.775],"rotation":0,"texture":"#1","tintindex":0},"west":{"uv":[8.025,4.775,8.975,5.725],"rotation":0,"texture":"#1","tintindex":0}}}],"display":{"head":{"translation":[0.0,-6.4,0.0],"rotation":[0.0,0.0,0.0],"scale":[3.8095,3.8095,3.8095]}}}