{"textures":{"0":"modelengine:entity/jackpot_mc"},"elements":[{"from":[7.1262884,6.9942856,7.201668],"to":[8.040574,10.194286,8.23024],"rotation":{"angle":-22.5,"axis":"y","origin":[7.4120026,8.022857,7.224525]},"faces":{"east":{"uv":[5.75,9.0,6.0,9.75],"rotation":0,"texture":"#0","tintindex":0},"south":{"uv":[6.0,9.0,6.25,9.75],"rotation":0,"texture":"#0","tintindex":0},"north":{"uv":[5.5,9.0,5.75,9.75],"rotation":0,"texture":"#0","tintindex":0},"west":{"uv":[9.0,6.25,9.25,7.0],"rotation":0,"texture":"#0","tintindex":0},"up":{"uv":[11.125,5.75,10.875,5.5],"rotation":0,"texture":"#0","tintindex":0},"down":{"uv":[4.0,11.0,3.75,11.25],"rotation":0,"texture":"#0","tintindex":0}}},{"from":[8.184003,6.8519998,7.2022395],"to":[9.554289,8.508,8.229668],"rotation":{"angle":-22.5,"axis":"y","origin":[7.4120026,8.022857,7.224525]},"faces":{"east":{"uv":[11.875,3.25,12.125,3.625],"rotation":0,"texture":"#0","tintindex":0},"south":{"uv":[11.875,3.625,12.125,4.0],"rotation":0,"texture":"#0","tintindex":0},"north":{"uv":[11.875,2.875,12.125,3.25],"rotation":0,"texture":"#0","tintindex":0},"west":{"uv":[11.875,4.0,12.125,4.375],"rotation":0,"texture":"#0","tintindex":0},"up":{"uv":[11.25,8.75,11.0,8.5],"rotation":0,"texture":"#0","tintindex":0},"down":{"uv":[13.125,6.5,12.875,6.75],"rotation":0,"texture":"#0","tintindex":0}}},{"from":[8.497717,6.9942856,7.201668],"to":[9.412003,8.365714,8.23024],"rotation":{"angle":-22.5,"axis":"y","origin":[7.4120026,8.022857,7.224525]},"faces":{"east":{"uv":[12.875,6.75,13.125,7.0],"rotation":0,"texture":"#0","tintindex":0},"south":{"uv":[7.0,12.875,7.25,13.125],"rotation":0,"texture":"#0","tintindex":0},"north":{"uv":[6.75,12.875,7.0,13.125],"rotation":0,"texture":"#0","tintindex":0},"west":{"uv":[12.875,7.0,13.125,7.25],"rotation":0,"texture":"#0","tintindex":0},"up":{"uv":[7.5,13.125,7.25,12.875],"rotation":0,"texture":"#0","tintindex":0},"down":{"uv":[13.125,7.25,12.875,7.5],"rotation":0,"texture":"#0","tintindex":0}}},{"from":[8.040574,6.9942856,7.201668],"to":[8.497717,7.9085712,8.23024],"rotation":{"angle":-22.5,"axis":"y","origin":[7.4120026,8.022857,7.224525]},"faces":{"east":{"uv":[12.875,7.5,13.125,7.75],"rotation":0,"texture":"#0","tintindex":0},"south":{"uv":[1.875,10.75,2.0,11.0],"rotation":0,"texture":"#0","tintindex":0},"north":{"uv":[6.125,10.5,6.25,10.75],"rotation":0,"texture":"#0","tintindex":0},"west":{"uv":[12.875,7.75,13.125,8.0],"rotation":0,"texture":"#0","tintindex":0},"up":{"uv":[10.875,9.0,10.75,8.75],"rotation":0,"texture":"#0","tintindex":0},"down":{"uv":[11.0,10.625,10.875,10.875],"rotation":0,"texture":"#0","tintindex":0}}},{"from":[6.9840026,6.8519998,7.2022395],"to":[8.18286,10.336572,8.229668],"rotation":{"angle":-22.5,"axis":"y","origin":[7.4120026,8.022857,7.224525]},"faces":{"east":{"uv":[7.0,9.0,7.25,9.75],"rotation":0,"texture":"#0","tintindex":0},"south":{"uv":[9.0,7.0,9.25,7.75],"rotation":0,"texture":"#0","tintindex":0},"north":{"uv":[6.75,9.0,7.0,9.75],"rotation":0,"texture":"#0","tintindex":0},"west":{"uv":[7.25,9.0,7.5,9.75],"rotation":0,"texture":"#0","tintindex":0},"up":{"uv":[13.125,10.625,12.875,10.375],"rotation":0,"texture":"#0","tintindex":0},"down":{"uv":[13.125,10.625,12.875,10.875],"rotation":0,"texture":"#0","tintindex":0}}}],"display":{"head":{"translation":[0.0,-6.4,0.0],"scale":[4.0,4.0,4.0]}}}