{"textures":{"0":"modelengine:entity/jackpot_mc"},"elements":[{"from":[7.3714285,8.342857,7.4857144],"to":[8.285714,9.257143,8.514286],"rotation":{"angle":0.0,"axis":"y","origin":[16.514286,7.0857143,7.714286]},"faces":{"east":{"uv":[13.125,7.0,13.375,7.25],"rotation":0,"texture":"#0","tintindex":0},"south":{"uv":[7.125,13.125,7.375,13.375],"rotation":0,"texture":"#0","tintindex":0},"north":{"uv":[6.875,13.125,7.125,13.375],"rotation":0,"texture":"#0","tintindex":0},"west":{"uv":[13.125,7.25,13.375,7.5],"rotation":0,"texture":"#0","tintindex":0},"up":{"uv":[13.375,7.75,13.125,7.5],"rotation":0,"texture":"#0","tintindex":0},"down":{"uv":[8.0,13.125,7.75,13.375],"rotation":0,"texture":"#0","tintindex":0}}},{"from":[7.2291427,8.200571,7.4862857],"to":[8.142285,9.399428,8.513714],"rotation":{"angle":0.0,"axis":"y","origin":[16.514286,7.0857143,7.714286]},"faces":{"east":{"uv":[8.0,13.125,8.25,13.375],"rotation":0,"texture":"#0","tintindex":0},"south":{"uv":[8.25,13.125,8.5,13.375],"rotation":0,"texture":"#0","tintindex":0},"north":{"uv":[13.125,7.75,13.375,8.0],"rotation":0,"texture":"#0","tintindex":0},"west":{"uv":[13.125,8.25,13.375,8.5],"rotation":0,"texture":"#0","tintindex":0},"up":{"uv":[13.375,8.75,13.125,8.5],"rotation":0,"texture":"#0","tintindex":0},"down":{"uv":[13.375,8.75,13.125,9.0],"rotation":0,"texture":"#0","tintindex":0}}},{"from":[8.285714,6.0571427,7.4857144],"to":[9.2,9.257143,8.514286],"rotation":{"angle":0.0,"axis":"y","origin":[16.514286,7.0857143,7.714286]},"faces":{"east":{"uv":[9.25,9.75,9.5,10.5],"rotation":0,"texture":"#0","tintindex":0},"south":{"uv":[9.5,9.75,9.75,10.5],"rotation":0,"texture":"#0","tintindex":0},"north":{"uv":[9.75,9.0,10.0,9.75],"rotation":0,"texture":"#0","tintindex":0},"west":{"uv":[9.75,9.75,10.0,10.5],"rotation":0,"texture":"#0","tintindex":0},"up":{"uv":[13.375,9.25,13.125,9.0],"rotation":0,"texture":"#0","tintindex":0},"down":{"uv":[13.375,9.25,13.125,9.5],"rotation":0,"texture":"#0","tintindex":0}}},{"from":[8.143429,5.914857,7.4862857],"to":[9.342286,9.399428,8.513714],"rotation":{"angle":0.0,"axis":"y","origin":[16.514286,7.0857143,7.714286]},"faces":{"east":{"uv":[0.25,10.0,0.5,10.75],"rotation":0,"texture":"#0","tintindex":0},"south":{"uv":[0.5,10.0,0.75,10.75],"rotation":0,"texture":"#0","tintindex":0},"north":{"uv":[0.0,10.0,0.25,10.75],"rotation":0,"texture":"#0","tintindex":0},"west":{"uv":[0.75,10.0,1.0,10.75],"rotation":0,"texture":"#0","tintindex":0},"up":{"uv":[13.375,9.75,13.125,9.5],"rotation":0,"texture":"#0","tintindex":0},"down":{"uv":[13.375,9.75,13.125,10.0],"rotation":0,"texture":"#0","tintindex":0}}},{"from":[7.3714285,6.9714284,7.4857144],"to":[8.285714,7.885714,8.514286],"rotation":{"angle":0.0,"axis":"y","origin":[16.514286,7.0857143,7.714286]},"faces":{"east":{"uv":[13.125,10.25,13.375,10.5],"rotation":0,"texture":"#0","tintindex":0},"south":{"uv":[13.125,10.5,13.375,10.75],"rotation":0,"texture":"#0","tintindex":0},"north":{"uv":[13.125,10.0,13.375,10.25],"rotation":0,"texture":"#0","tintindex":0},"west":{"uv":[13.125,10.75,13.375,11.0],"rotation":0,"texture":"#0","tintindex":0},"up":{"uv":[13.375,11.25,13.125,11.0],"rotation":0,"texture":"#0","tintindex":0},"down":{"uv":[13.375,11.25,13.125,11.5],"rotation":0,"texture":"#0","tintindex":0}}},{"from":[7.2291427,6.8291426,7.4862857],"to":[8.142285,8.028,8.513714],"rotation":{"angle":0.0,"axis":"y","origin":[16.514286,7.0857143,7.714286]},"faces":{"east":{"uv":[13.125,12.375,13.375,12.625],"rotation":0,"texture":"#0","tintindex":0},"south":{"uv":[12.625,13.125,12.875,13.375],"rotation":0,"texture":"#0","tintindex":0},"north":{"uv":[13.125,11.875,13.375,12.125],"rotation":0,"texture":"#0","tintindex":0},"west":{"uv":[13.125,12.625,13.375,12.875],"rotation":0,"texture":"#0","tintindex":0},"up":{"uv":[13.125,13.375,12.875,13.125],"rotation":0,"texture":"#0","tintindex":0},"down":{"uv":[13.375,13.125,13.125,13.375],"rotation":0,"texture":"#0","tintindex":0}}},{"from":[7.3714285,7.885714,7.4857144],"to":[7.8285713,8.342857,8.514286],"rotation":{"angle":0.0,"axis":"y","origin":[16.514286,7.0857143,7.714286]},"faces":{"east":{"uv":[13.5,4.125,13.75,4.25],"rotation":0,"texture":"#0","tintindex":0},"south":{"uv":[6.375,11.125,6.5,11.25],"rotation":0,"texture":"#0","tintindex":0},"north":{"uv":[11.125,5.625,11.25,5.75],"rotation":0,"texture":"#0","tintindex":0},"west":{"uv":[13.5,8.0,13.75,8.125],"rotation":0,"texture":"#0","tintindex":0},"up":{"uv":[8.625,13.75,8.5,13.5],"rotation":0,"texture":"#0","tintindex":0},"down":{"uv":[8.75,13.5,8.625,13.75],"rotation":0,"texture":"#0","tintindex":0}}},{"from":[7.2291427,8.029143,7.4862857],"to":[7.970857,8.199429,8.513714],"rotation":{"angle":0.0,"axis":"y","origin":[16.514286,7.0857143,7.714286]},"faces":{"east":{"uv":[13.5,8.125,13.75,8.25],"rotation":0,"texture":"#0","tintindex":0},"south":{"uv":[10.875,11.25,11.0,11.375],"rotation":0,"texture":"#0","tintindex":0},"north":{"uv":[11.25,10.5,11.375,10.625],"rotation":0,"texture":"#0","tintindex":0},"west":{"uv":[8.75,13.5,9.0,13.625],"rotation":0,"texture":"#0","tintindex":0},"up":{"uv":[9.125,13.75,9.0,13.5],"rotation":0,"texture":"#0","tintindex":0},"down":{"uv":[9.25,13.5,9.125,13.75],"rotation":0,"texture":"#0","tintindex":0}}}],"display":{"head":{"translation":[0.0,-6.4,0.0],"scale":[4.0,4.0,4.0]}}}