{"textures":{"0":"modelengine:entity/chest"},"elements":[{"from":[7.714286,7.931788,6.5215564],"to":[8.285714,8.503217,7.950128],"rotation":{"angle":22.5,"axis":"x","origin":[7.285714,7.931788,7.3786993]},"faces":{"east":{"uv":[11.625,5.0,12.0,5.125],"rotation":0,"texture":"#0","tintindex":0},"south":{"uv":[4.75,9.5,4.875,9.625],"rotation":0,"texture":"#0","tintindex":0},"north":{"uv":[8.875,7.25,9.0,7.375],"rotation":0,"texture":"#0","tintindex":0},"west":{"uv":[9.875,14.125,10.25,14.25],"rotation":0,"texture":"#0","tintindex":0},"up":{"uv":[4.875,4.375,4.75,4.0],"rotation":0,"texture":"#0","tintindex":0},"down":{"uv":[7.375,3.5,7.25,3.875],"rotation":0,"texture":"#0","tintindex":0}}},{"from":[7.714286,8.681194,6.426614],"to":[8.285714,9.252624,6.9980426],"rotation":{"angle":45.0,"axis":"x","origin":[8.0,8.966909,6.2837567]},"faces":{"east":{"uv":[7.5,12.75,7.625,12.875],"rotation":0,"texture":"#0","tintindex":0},"south":{"uv":[10.625,13.0,10.75,13.125],"rotation":0,"texture":"#0","tintindex":0},"north":{"uv":[4.5,9.875,4.625,10.0],"rotation":0,"texture":"#0","tintindex":0},"west":{"uv":[13.375,12.0,13.5,12.125],"rotation":0,"texture":"#0","tintindex":0},"up":{"uv":[11.5,15.125,11.375,15.0],"rotation":0,"texture":"#0","tintindex":0},"down":{"uv":[15.125,11.375,15.0,11.5],"rotation":0,"texture":"#0","tintindex":0}}}],"display":{"head":{"translation":[0.0,-6.4,0.0],"scale":[4.0,4.0,4.0]}}}