{"textures":{"0":"modelengine:entity/chest"},"elements":[{"from":[7.714286,7.96407,6.2623878],"to":[8.285714,8.535499,7.9766736],"rotation":{"angle":22.5,"axis":"x","origin":[8.0,7.96407,7.405245]},"faces":{"east":{"uv":[14.75,10.75,15.125,10.875],"rotation":0,"texture":"#0","tintindex":0},"south":{"uv":[13.25,15.0,13.375,15.125],"rotation":0,"texture":"#0","tintindex":0},"north":{"uv":[15.0,13.125,15.125,13.25],"rotation":0,"texture":"#0","tintindex":0},"west":{"uv":[11.375,14.75,11.75,14.875],"rotation":0,"texture":"#0","tintindex":0},"up":{"uv":[11.875,13.625,11.75,13.25],"rotation":0,"texture":"#0","tintindex":0},"down":{"uv":[12.0,14.75,11.875,15.125],"rotation":0,"texture":"#0","tintindex":0}}},{"from":[7.714286,8.92383,6.2310357],"to":[8.285714,9.495258,6.8024645],"rotation":{"angle":45.0,"axis":"x","origin":[8.0,9.209544,5.945321]},"faces":{"east":{"uv":[13.75,15.0,13.875,15.125],"rotation":0,"texture":"#0","tintindex":0},"south":{"uv":[14.0,15.0,14.125,15.125],"rotation":0,"texture":"#0","tintindex":0},"north":{"uv":[13.5,15.0,13.625,15.125],"rotation":0,"texture":"#0","tintindex":0},"west":{"uv":[15.0,14.125,15.125,14.25],"rotation":0,"texture":"#0","tintindex":0},"up":{"uv":[14.375,15.125,14.25,15.0],"rotation":0,"texture":"#0","tintindex":0},"down":{"uv":[15.125,14.375,15.0,14.5],"rotation":0,"texture":"#0","tintindex":0}}}],"display":{"head":{"translation":[0.0,-6.4,0.0],"scale":[4.0,4.0,4.0]}}}