{"textures":{"0":"modelengine:entity/chest"},"elements":[{"from":[7.714286,7.939209,5.9460764],"to":[8.285714,8.510638,7.9460764],"rotation":{"angle":22.5,"axis":"x","origin":[8.828571,7.939209,7.3746476]},"faces":{"east":{"uv":[13.0,14.75,13.375,14.875],"rotation":0,"texture":"#0","tintindex":0},"south":{"uv":[15.125,0.75,15.25,0.875],"rotation":0,"texture":"#0","tintindex":0},"north":{"uv":[0.75,15.125,0.875,15.25],"rotation":0,"texture":"#0","tintindex":0},"west":{"uv":[14.75,14.625,15.125,14.75],"rotation":0,"texture":"#0","tintindex":0},"up":{"uv":[12.25,15.125,12.125,14.75],"rotation":0,"texture":"#0","tintindex":0},"down":{"uv":[0.125,14.875,0.0,15.25],"rotation":0,"texture":"#0","tintindex":0}}},{"from":[7.714286,9.008307,5.936473],"to":[8.285714,9.579737,6.5079017],"rotation":{"angle":45.0,"axis":"x","origin":[8.0,9.294022,5.6507587]},"faces":{"east":{"uv":[15.125,0.0,15.25,0.125],"rotation":0,"texture":"#0","tintindex":0},"south":{"uv":[0.25,15.125,0.375,15.25],"rotation":0,"texture":"#0","tintindex":0},"north":{"uv":[14.5,15.0,14.625,15.125],"rotation":0,"texture":"#0","tintindex":0},"west":{"uv":[15.125,0.25,15.25,0.375],"rotation":0,"texture":"#0","tintindex":0},"up":{"uv":[0.625,15.25,0.5,15.125],"rotation":0,"texture":"#0","tintindex":0},"down":{"uv":[15.25,0.5,15.125,0.625],"rotation":0,"texture":"#0","tintindex":0}}}],"display":{"head":{"translation":[0.0,-6.4,0.0],"scale":[4.0,4.0,4.0]}}}