{"textures":{"0":"modelengine:entity/chest"},"elements":[{"from":[7.714286,7.9566483,6.8378677],"to":[8.285714,8.528077,7.9807253],"rotation":{"angle":22.5,"axis":"x","origin":[8.714286,7.9566483,7.4092965]},"faces":{"east":{"uv":[5.625,13.625,5.875,13.75],"rotation":0,"texture":"#0","tintindex":0},"south":{"uv":[13.0,15.0,13.125,15.125],"rotation":0,"texture":"#0","tintindex":0},"north":{"uv":[15.0,12.875,15.125,13.0],"rotation":0,"texture":"#0","tintindex":0},"west":{"uv":[6.0,14.875,6.25,15.0],"rotation":0,"texture":"#0","tintindex":0},"up":{"uv":[7.625,8.25,7.5,8.0],"rotation":0,"texture":"#0","tintindex":0},"down":{"uv":[5.125,9.0,5.0,9.25],"rotation":0,"texture":"#0","tintindex":0}}},{"from":[7.714286,8.495702,6.6793346],"to":[8.285714,9.067131,7.2507634],"rotation":{"angle":45.0,"axis":"x","origin":[8.0,8.781416,6.6793346]},"faces":{"east":{"uv":[15.0,11.625,15.125,11.75],"rotation":0,"texture":"#0","tintindex":0},"south":{"uv":[15.0,11.875,15.125,12.0],"rotation":0,"texture":"#0","tintindex":0},"north":{"uv":[11.625,15.0,11.75,15.125],"rotation":0,"texture":"#0","tintindex":0},"west":{"uv":[15.0,12.125,15.125,12.25],"rotation":0,"texture":"#0","tintindex":0},"up":{"uv":[15.125,12.5,15.0,12.375],"rotation":0,"texture":"#0","tintindex":0},"down":{"uv":[15.125,12.625,15.0,12.75],"rotation":0,"texture":"#0","tintindex":0}}}],"display":{"head":{"translation":[0.0,-6.4,0.0],"scale":[4.0,4.0,4.0]}}}