{"textures":{"0":"modelengine:entity/chest"},"elements":[{"from":[6.4686527,8.050235,7.714286],"to":[7.897224,8.621664,8.285714],"rotation":{"angle":-22.5,"axis":"z","origin":[7.1829386,8.050235,8.142858]},"faces":{"east":{"uv":[1.0,15.125,1.125,15.25],"rotation":0,"texture":"#0","tintindex":0},"south":{"uv":[0.75,14.875,1.125,15.0],"rotation":0,"texture":"#0","tintindex":0},"north":{"uv":[0.25,14.875,0.625,15.0],"rotation":0,"texture":"#0","tintindex":0},"west":{"uv":[2.5,15.125,2.625,15.25],"rotation":0,"texture":"#0","tintindex":0},"up":{"uv":[2.875,15.0,2.5,14.875],"rotation":0,"texture":"#0","tintindex":0},"down":{"uv":[15.25,2.875,14.875,3.0],"rotation":0,"texture":"#0","tintindex":0}}},{"from":[6.0771217,8.744973,7.714286],"to":[6.934264,9.3164015,8.285714],"rotation":{"angle":-45.0,"axis":"z","origin":[6.219979,9.030687,8.0]},"faces":{"east":{"uv":[2.75,15.125,2.875,15.25],"rotation":0,"texture":"#0","tintindex":0},"south":{"uv":[14.875,6.5,15.125,6.625],"rotation":0,"texture":"#0","tintindex":0},"north":{"uv":[6.375,14.875,6.625,15.0],"rotation":0,"texture":"#0","tintindex":0},"west":{"uv":[15.125,3.125,15.25,3.25],"rotation":0,"texture":"#0","tintindex":0},"up":{"uv":[15.125,7.25,14.875,7.125],"rotation":0,"texture":"#0","tintindex":0},"down":{"uv":[15.125,7.75,14.875,7.875],"rotation":0,"texture":"#0","tintindex":0}}}],"display":{"head":{"translation":[0.0,-6.4,0.0],"scale":[4.0,4.0,4.0]}}}