{"textures":{"0":"modelengine:entity/chest"},"elements":[{"from":[7.073347,7.264179,7.751761],"to":[9.359061,7.835608,10.037476],"rotation":{"angle":0.0,"axis":"y","origin":[8.216204,7.264179,8.894618]},"faces":{"east":{"uv":[14.625,4.625,15.125,4.75],"rotation":0,"texture":"#0","tintindex":0},"south":{"uv":[14.625,5.375,15.125,5.5],"rotation":0,"texture":"#0","tintindex":0},"north":{"uv":[14.625,4.375,15.125,4.5],"rotation":0,"texture":"#0","tintindex":0},"west":{"uv":[5.5,14.625,6.0,14.75],"rotation":0,"texture":"#0","tintindex":0},"up":{"uv":[12.875,2.0,12.375,1.5],"rotation":0,"texture":"#0","tintindex":0},"down":{"uv":[13.25,10.5,12.75,11.0],"rotation":0,"texture":"#0","tintindex":0}}},{"from":[7.6447754,7.0070367,9.866047],"to":[8.787633,7.578465,10.723189],"rotation":{"angle":22.5,"axis":"x","origin":[8.216204,7.549894,10.466047]},"faces":{"east":{"uv":[14.75,14.875,15.0,15.0],"rotation":0,"texture":"#0","tintindex":0},"south":{"uv":[15.0,1.375,15.25,1.5],"rotation":0,"texture":"#0","tintindex":0},"north":{"uv":[14.875,10.0,15.125,10.125],"rotation":0,"texture":"#0","tintindex":0},"west":{"uv":[15.0,1.625,15.25,1.75],"rotation":0,"texture":"#0","tintindex":0},"up":{"uv":[14.875,5.875,14.625,5.625],"rotation":0,"texture":"#0","tintindex":0},"down":{"uv":[14.875,10.375,14.625,10.625],"rotation":0,"texture":"#0","tintindex":0}}},{"from":[6.5019183,7.235608,10.437475],"to":[9.93049,7.292751,13.008904],"rotation":{"angle":22.5,"axis":"x","origin":[8.216204,7.549894,10.466047]},"faces":{"east":{"uv":[11.75,14.5,12.375,14.625],"rotation":0,"texture":"#0","tintindex":0},"south":{"uv":[14.5,3.875,15.25,4.0],"rotation":0,"texture":"#0","tintindex":0},"north":{"uv":[9.125,8.125,9.875,8.25],"rotation":0,"texture":"#0","tintindex":0},"west":{"uv":[14.5,13.875,15.125,14.0],"rotation":0,"texture":"#0","tintindex":0},"up":{"uv":[10.75,4.0,10.0,3.375],"rotation":0,"texture":"#0","tintindex":0},"down":{"uv":[10.75,8.125,10.0,8.75],"rotation":0,"texture":"#0","tintindex":0}}}],"display":{"head":{"translation":[0.0,-6.4,0.0],"scale":[4.0,4.0,4.0]}}}