{"textures":{"0":"modelengine:entity/chest"},"elements":[{"from":[5.390476,7.865576,4.760601],"to":[9.961905,9.579862,4.8177443],"rotation":{"angle":0.0,"axis":"y","origin":[7.6761904,-9.848711,4.760601]},"faces":{"east":{"uv":[3.5,14.875,3.625,15.25],"rotation":0,"texture":"#0","tintindex":0},"south":{"uv":[10.25,5.25,11.25,5.625],"rotation":0,"texture":"#0","tintindex":0},"north":{"uv":[2.75,8.0,3.75,8.375],"rotation":0,"texture":"#0","tintindex":0},"west":{"uv":[4.125,14.875,4.25,15.25],"rotation":0,"texture":"#0","tintindex":0},"up":{"uv":[14.75,7.875,13.75,7.75],"rotation":0,"texture":"#0","tintindex":0},"down":{"uv":[14.75,10.125,13.75,10.25],"rotation":0,"texture":"#0","tintindex":0}}},{"from":[5.390476,9.579862,4.760601],"to":[9.961905,13.008432,9.33203],"rotation":{"angle":0.0,"axis":"y","origin":[7.6761904,-9.848711,4.760601]},"faces":{"east":{"uv":[9.25,1.5,10.25,2.25],"rotation":0,"texture":"#0","tintindex":0},"south":{"uv":[0.0,9.375,1.0,10.125],"rotation":0,"texture":"#0","tintindex":0},"north":{"uv":[9.125,7.25,10.125,8.0],"rotation":0,"texture":"#0","tintindex":0},"west":{"uv":[1.125,9.375,2.125,10.125],"rotation":0,"texture":"#0","tintindex":0},"up":{"uv":[4.875,8.375,3.875,7.375],"rotation":0,"texture":"#0","tintindex":0},"down":{"uv":[8.5,4.125,7.5,5.125],"rotation":0,"texture":"#0","tintindex":0}}},{"from":[5.390476,7.865576,4.760601],"to":[5.447619,9.579862,8.760601],"rotation":{"angle":0.0,"axis":"y","origin":[7.6761904,-9.848711,4.760601]},"faces":{"east":{"uv":[10.25,8.875,11.125,9.25],"rotation":0,"texture":"#0","tintindex":0},"south":{"uv":[14.875,4.875,15.0,5.25],"rotation":0,"texture":"#0","tintindex":0},"north":{"uv":[4.375,14.875,4.5,15.25],"rotation":0,"texture":"#0","tintindex":0},"west":{"uv":[11.0,7.25,11.875,7.625],"rotation":0,"texture":"#0","tintindex":0},"up":{"uv":[2.125,4.375,2.0,3.5],"rotation":0,"texture":"#0","tintindex":0},"down":{"uv":[7.75,14.25,7.625,15.125],"rotation":0,"texture":"#0","tintindex":0}}},{"from":[9.904762,7.865576,4.760601],"to":[9.961905,9.579862,8.760601],"rotation":{"angle":0.0,"axis":"y","origin":[7.6761904,-9.848711,4.760601]},"faces":{"east":{"uv":[11.125,2.625,12.0,3.0],"rotation":0,"texture":"#0","tintindex":0},"south":{"uv":[5.25,14.875,5.375,15.25],"rotation":0,"texture":"#0","tintindex":0},"north":{"uv":[5.0,14.875,5.125,15.25],"rotation":0,"texture":"#0","tintindex":0},"west":{"uv":[11.25,8.75,12.125,9.125],"rotation":0,"texture":"#0","tintindex":0},"up":{"uv":[8.0,15.125,7.875,14.25],"rotation":0,"texture":"#0","tintindex":0},"down":{"uv":[4.0,14.5,3.875,15.375],"rotation":0,"texture":"#0","tintindex":0}}}],"display":{"head":{"translation":[0.0,-6.4,0.0],"scale":[4.0,4.0,4.0]}}}