{"textures":{"0":"modelengine:entity/chest"},"elements":[{"from":[7.9600835,7.680305,6.857143],"to":[8.531512,8.251734,9.142858],"rotation":{"angle":22.5,"axis":"z","origin":[8.531512,8.080305,8.0]},"faces":{"east":{"uv":[14.625,6.875,15.125,7.0],"rotation":0,"texture":"#0","tintindex":0},"south":{"uv":[15.125,3.625,15.25,3.75],"rotation":0,"texture":"#0","tintindex":0},"north":{"uv":[15.125,3.375,15.25,3.5],"rotation":0,"texture":"#0","tintindex":0},"west":{"uv":[14.75,1.125,15.25,1.25],"rotation":0,"texture":"#0","tintindex":0},"up":{"uv":[10.75,12.875,10.625,12.375],"rotation":0,"texture":"#0","tintindex":0},"down":{"uv":[1.375,14.75,1.25,15.25],"rotation":0,"texture":"#0","tintindex":0}}},{"from":[8.188655,5.394591,6.857143],"to":[8.245797,7.680305,9.142858],"rotation":{"angle":22.5,"axis":"z","origin":[8.531512,8.080305,8.0]},"faces":{"east":{"uv":[12.875,5.375,13.375,5.875],"rotation":0,"texture":"#0","tintindex":0},"south":{"uv":[1.75,14.75,1.875,15.25],"rotation":0,"texture":"#0","tintindex":0},"north":{"uv":[1.5,14.75,1.625,15.25],"rotation":0,"texture":"#0","tintindex":0},"west":{"uv":[12.875,6.0,13.375,6.5],"rotation":0,"texture":"#0","tintindex":0},"up":{"uv":[2.125,15.25,2.0,14.75],"rotation":0,"texture":"#0","tintindex":0},"down":{"uv":[2.375,14.75,2.25,15.25],"rotation":0,"texture":"#0","tintindex":0}}}],"display":{"head":{"translation":[0.0,-6.4,0.0],"scale":[4.0,4.0,4.0]}}}