{"textures":{"0":"modelengine:entity/chest"},"elements":[{"from":[8.040295,7.351101,6.857143],"to":[8.611723,7.922529,9.142858],"rotation":{"angle":-22.5,"axis":"z","origin":[8.645798,7.9768376,8.0]},"faces":{"east":{"uv":[14.75,8.75,15.25,8.875],"rotation":0,"texture":"#0","tintindex":0},"south":{"uv":[15.125,5.125,15.25,5.25],"rotation":0,"texture":"#0","tintindex":0},"north":{"uv":[15.125,4.875,15.25,5.0],"rotation":0,"texture":"#0","tintindex":0},"west":{"uv":[14.75,9.0,15.25,9.125],"rotation":0,"texture":"#0","tintindex":0},"up":{"uv":[11.0,15.25,10.875,14.75],"rotation":0,"texture":"#0","tintindex":0},"down":{"uv":[11.25,14.75,11.125,15.25],"rotation":0,"texture":"#0","tintindex":0}}},{"from":[8.326009,5.065387,6.857143],"to":[8.383152,7.351101,9.142858],"rotation":{"angle":-22.5,"axis":"z","origin":[8.645798,7.9768376,8.0]},"faces":{"east":{"uv":[13.0,1.5,13.5,2.0],"rotation":0,"texture":"#0","tintindex":0},"south":{"uv":[10.125,14.75,10.25,15.25],"rotation":0,"texture":"#0","tintindex":0},"north":{"uv":[9.875,14.75,10.0,15.25],"rotation":0,"texture":"#0","tintindex":0},"west":{"uv":[4.125,13.0,4.625,13.5],"rotation":0,"texture":"#0","tintindex":0},"up":{"uv":[10.5,15.25,10.375,14.75],"rotation":0,"texture":"#0","tintindex":0},"down":{"uv":[10.75,14.75,10.625,15.25],"rotation":0,"texture":"#0","tintindex":0}}}],"display":{"head":{"translation":[0.0,-6.4,0.0],"scale":[4.0,4.0,4.0]}}}