{"textures":{"0":"modelengine:entity/chest"},"elements":[{"from":[2.5714283,8.01675,1.1445379],"to":[13.428572,9.159608,2.8588238],"rotation":{"angle":0.0,"axis":"y","origin":[8.0,3.4453216,5.7159667]},"faces":{"east":{"uv":[13.0,4.625,13.375,4.875],"rotation":0,"texture":"#0","tintindex":0},"south":{"uv":[7.5,9.375,9.875,9.625],"rotation":0,"texture":"#0","tintindex":0},"north":{"uv":[5.0,9.375,7.375,9.625],"rotation":0,"texture":"#0","tintindex":0},"west":{"uv":[4.125,14.5,4.5,14.75],"rotation":0,"texture":"#0","tintindex":0},"up":{"uv":[7.375,8.375,5.0,8.0],"rotation":0,"texture":"#0","tintindex":0},"down":{"uv":[9.875,8.375,7.5,8.75],"rotation":0,"texture":"#0","tintindex":0}}},{"from":[2.5714283,6.3024645,1.773109],"to":[13.428572,8.01675,1.8302522],"rotation":{"angle":0.0,"axis":"y","origin":[8.0,3.4453216,5.7159667]},"faces":{"east":{"uv":[3.0,14.875,3.125,15.25],"rotation":0,"texture":"#0","tintindex":0},"south":{"uv":[8.625,2.375,11.0,2.75],"rotation":0,"texture":"#0","tintindex":0},"north":{"uv":[2.75,8.5,5.125,8.875],"rotation":0,"texture":"#0","tintindex":0},"west":{"uv":[3.25,14.875,3.375,15.25],"rotation":0,"texture":"#0","tintindex":0},"up":{"uv":[14.375,7.625,12.0,7.5],"rotation":0,"texture":"#0","tintindex":0},"down":{"uv":[14.5,6.875,12.125,7.0],"rotation":0,"texture":"#0","tintindex":0}}},{"from":[12.857143,7.4418077,-0.72038555],"to":[15.714286,8.584665,2.1367574],"rotation":{"angle":22.5,"axis":"x","origin":[14.285715,7.4989505,0.7081857]},"faces":{"east":{"uv":[2.625,13.625,3.25,13.875],"rotation":0,"texture":"#0","tintindex":0},"south":{"uv":[3.375,13.625,4.0,13.875],"rotation":0,"texture":"#0","tintindex":0},"north":{"uv":[13.625,1.5,14.25,1.75],"rotation":0,"texture":"#0","tintindex":0},"west":{"uv":[4.125,13.625,4.75,13.875],"rotation":0,"texture":"#0","tintindex":0},"up":{"uv":[8.625,10.75,8.0,10.125],"rotation":0,"texture":"#0","tintindex":0},"down":{"uv":[9.375,10.125,8.75,10.75],"rotation":0,"texture":"#0","tintindex":0}}},{"from":[13.428572,8.006922,1.7176089],"to":[15.142858,12.578351,3.4318948],"rotation":{"angle":45.0,"axis":"x","origin":[14.285715,10.349779,1.8890376]},"faces":{"east":{"uv":[9.75,10.875,10.125,11.875],"rotation":0,"texture":"#0","tintindex":0},"south":{"uv":[10.25,10.875,10.625,11.875],"rotation":0,"texture":"#0","tintindex":0},"north":{"uv":[9.25,10.875,9.625,11.875],"rotation":0,"texture":"#0","tintindex":0},"west":{"uv":[10.75,10.875,11.125,11.875],"rotation":0,"texture":"#0","tintindex":0},"up":{"uv":[7.625,14.0,7.25,13.625],"rotation":0,"texture":"#0","tintindex":0},"down":{"uv":[10.75,13.875,10.375,14.25],"rotation":0,"texture":"#0","tintindex":0}}},{"from":[2.5714283,8.386148,1.2975478],"to":[13.428572,11.81472,2.440405],"rotation":{"angle":45.0,"axis":"x","origin":[8.0,8.957577,2.1546907]},"faces":{"east":{"uv":[4.125,12.125,4.375,12.875],"rotation":0,"texture":"#0","tintindex":0},"south":{"uv":[4.75,3.125,7.125,3.875],"rotation":0,"texture":"#0","tintindex":0},"north":{"uv":[4.75,2.25,7.125,3.0],"rotation":0,"texture":"#0","tintindex":0},"west":{"uv":[12.625,13.125,12.875,13.875],"rotation":0,"texture":"#0","tintindex":0},"up":{"uv":[4.625,9.75,2.25,9.5],"rotation":0,"texture":"#0","tintindex":0},"down":{"uv":[12.125,0.0,9.75,0.25],"rotation":0,"texture":"#0","tintindex":0}}},{"from":[6.5142856,8.386148,1.0118332],"to":[9.485714,9.529006,1.2975478],"rotation":{"angle":45.0,"axis":"x","origin":[8.0,8.957577,2.1546907]},"faces":{"east":{"uv":[7.75,10.5,7.875,10.75],"rotation":0,"texture":"#0","tintindex":0},"south":{"uv":[6.5,13.625,7.125,13.875],"rotation":0,"texture":"#0","tintindex":0},"north":{"uv":[4.875,13.625,5.5,13.875],"rotation":0,"texture":"#0","tintindex":0},"west":{"uv":[6.0,10.875,6.125,11.125],"rotation":0,"texture":"#0","tintindex":0},"up":{"uv":[15.25,2.25,14.625,2.125],"rotation":0,"texture":"#0","tintindex":0},"down":{"uv":[15.25,2.375,14.625,2.5],"rotation":0,"texture":"#0","tintindex":0}}},{"from":[6.5714283,7.075924,0.94250727],"to":[9.428572,9.361638,1.2282214],"rotation":{"angle":0.0,"axis":"y","origin":[8.0,8.79021,1.0853643]},"faces":{"east":{"uv":[11.0,10.125,11.125,10.625],"rotation":0,"texture":"#0","tintindex":0},"south":{"uv":[11.375,5.875,12.0,6.375],"rotation":0,"texture":"#0","tintindex":0},"north":{"uv":[11.375,5.25,12.0,5.75],"rotation":0,"texture":"#0","tintindex":0},"west":{"uv":[7.5,12.125,7.625,12.625],"rotation":0,"texture":"#0","tintindex":0},"up":{"uv":[15.25,2.75,14.625,2.625],"rotation":0,"texture":"#0","tintindex":0},"down":{"uv":[15.25,4.125,14.625,4.25],"rotation":0,"texture":"#0","tintindex":0}}},{"from":[0.28571415,7.4418077,-0.72038555],"to":[3.142857,8.584665,2.1367574],"rotation":{"angle":22.5,"axis":"x","origin":[1.7142854,7.4989505,0.7081857]},"faces":{"east":{"uv":[13.625,8.375,14.25,8.625],"rotation":0,"texture":"#0","tintindex":0},"south":{"uv":[13.625,12.0,14.25,12.25],"rotation":0,"texture":"#0","tintindex":0},"north":{"uv":[13.625,8.0,14.25,8.25],"rotation":0,"texture":"#0","tintindex":0},"west":{"uv":[13.625,12.375,14.25,12.625],"rotation":0,"texture":"#0","tintindex":0},"up":{"uv":[10.125,10.75,9.5,10.125],"rotation":0,"texture":"#0","tintindex":0},"down":{"uv":[0.625,10.25,0.0,10.875],"rotation":0,"texture":"#0","tintindex":0}}},{"from":[0.85714245,8.006922,1.7176089],"to":[2.5714283,12.578351,3.4318948],"rotation":{"angle":45.0,"axis":"x","origin":[1.7142854,10.349779,1.8890376]},"faces":{"east":{"uv":[0.5,11.0,0.875,12.0],"rotation":0,"texture":"#0","tintindex":0},"south":{"uv":[1.0,11.0,1.375,12.0],"rotation":0,"texture":"#0","tintindex":0},"north":{"uv":[0.0,11.0,0.375,12.0],"rotation":0,"texture":"#0","tintindex":0},"west":{"uv":[1.5,11.0,1.875,12.0],"rotation":0,"texture":"#0","tintindex":0},"up":{"uv":[11.625,14.25,11.25,13.875],"rotation":0,"texture":"#0","tintindex":0},"down":{"uv":[0.75,14.0,0.375,14.375],"rotation":0,"texture":"#0","tintindex":0}}},{"from":[12.857143,7.4418077,7.0094614],"to":[15.714286,8.584665,9.866605],"rotation":{"angle":-22.5,"axis":"x","origin":[14.285715,7.4989505,8.438033]},"faces":{"east":{"uv":[13.625,13.125,14.25,13.375],"rotation":0,"texture":"#0","tintindex":0},"south":{"uv":[8.125,13.75,8.75,14.0],"rotation":0,"texture":"#0","tintindex":0},"north":{"uv":[13.625,12.75,14.25,13.0],"rotation":0,"texture":"#0","tintindex":0},"west":{"uv":[8.875,13.75,9.5,14.0],"rotation":0,"texture":"#0","tintindex":0},"up":{"uv":[1.375,10.875,0.75,10.25],"rotation":0,"texture":"#0","tintindex":0},"down":{"uv":[2.125,10.25,1.5,10.875],"rotation":0,"texture":"#0","tintindex":0}}},{"from":[13.428572,8.006922,5.714324],"to":[15.142858,12.578351,7.42861],"rotation":{"angle":-45.0,"axis":"x","origin":[14.285715,10.349779,7.257181]},"faces":{"east":{"uv":[2.5,11.0,2.875,12.0],"rotation":0,"texture":"#0","tintindex":0},"south":{"uv":[3.0,11.0,3.375,12.0],"rotation":0,"texture":"#0","tintindex":0},"north":{"uv":[2.0,11.0,2.375,12.0],"rotation":0,"texture":"#0","tintindex":0},"west":{"uv":[3.5,11.0,3.875,12.0],"rotation":0,"texture":"#0","tintindex":0},"up":{"uv":[1.25,14.375,0.875,14.0],"rotation":0,"texture":"#0","tintindex":0},"down":{"uv":[3.0,14.0,2.625,14.375],"rotation":0,"texture":"#0","tintindex":0}}},{"from":[0.28571415,7.4418077,7.0094614],"to":[3.142857,8.584665,9.866605],"rotation":{"angle":-22.5,"axis":"x","origin":[1.7142854,7.4989505,8.438033]},"faces":{"east":{"uv":[13.75,9.75,14.375,10.0],"rotation":0,"texture":"#0","tintindex":0},"south":{"uv":[11.75,13.75,12.375,14.0],"rotation":0,"texture":"#0","tintindex":0},"north":{"uv":[9.625,13.75,10.25,14.0],"rotation":0,"texture":"#0","tintindex":0},"west":{"uv":[13.75,13.5,14.375,13.75],"rotation":0,"texture":"#0","tintindex":0},"up":{"uv":[2.875,10.875,2.25,10.25],"rotation":0,"texture":"#0","tintindex":0},"down":{"uv":[3.625,10.25,3.0,10.875],"rotation":0,"texture":"#0","tintindex":0}}},{"from":[0.85714245,8.006922,5.714324],"to":[2.5714283,12.578351,7.42861],"rotation":{"angle":-45.0,"axis":"x","origin":[1.7142854,10.349779,7.257181]},