{"textures":{"0":"modelengine:entity/pet_elf"},"elements":[{"name":"cube","from":[4.926529,9.188582,7.556435],"to":[4.926529,11.588582,10.556435],"rotation":{"angle":-22.5,"axis":"y","origin":[4.926529,10.388582,9.056435]},"faces":{"down":{"uv":[0.016,0.016,0.016,2.484],"rotation":0,"texture":"#0","tintindex":0},"east":{"uv":[10.516,3.516,12.984,5.484],"rotation":0,"texture":"#0","tintindex":0},"north":{"uv":[0.016,0.016,0.016,1.984],"rotation":0,"texture":"#0","tintindex":0},"south":{"uv":[0.016,0.016,0.016,1.984],"rotation":0,"texture":"#0","tintindex":0},"up":{"uv":[0.016,2.484,0.016,0.016],"rotation":0,"texture":"#0","tintindex":0},"west":{"uv":[12.984,3.516,10.516,5.484],"rotation":0,"texture":"#0","tintindex":0}}},{"name":"cube","from":[10.87347,9.188582,7.556435],"to":[10.87347,11.588582,10.556435],"rotation":{"angle":22.5,"axis":"y","origin":[10.87347,10.388582,9.056435]},"faces":{"down":{"uv":[0.016,0.016,0.016,2.484],"rotation":0,"texture":"#0","tintindex":0},"east":{"uv":[10.516,3.516,12.984,5.484],"rotation":0,"texture":"#0","tintindex":0},"north":{"uv":[0.016,0.016,0.016,1.984],"rotation":0,"texture":"#0","tintindex":0},"south":{"uv":[0.016,0.016,0.016,1.984],"rotation":0,"texture":"#0","tintindex":0},"up":{"uv":[0.016,2.484,0.016,0.016],"rotation":0,"texture":"#0","tintindex":0},"west":{"uv":[12.984,3.516,10.516,5.484],"rotation":0,"texture":"#0","tintindex":0}}},{"name":"cube","from":[6.0999994,9.25709,5.525971],"to":[10.900001,11.057091,5.525971],"rotation":{"angle":22.5,"axis":"x","origin":[8.5,10.15709,5.525971]},"faces":{"down":{"uv":[3.984,0.016,0.016,0.016],"rotation":0,"texture":"#0","tintindex":0},"east":{"uv":[0.016,0.016,0.016,1.484],"rotation":0,"texture":"#0","tintindex":0},"north":{"uv":[10.016,8.516,13.984,9.984],"rotation":0,"texture":"#0","tintindex":0},"south":{"uv":[13.984,8.516,10.016,9.984],"rotation":0,"texture":"#0","tintindex":0},"up":{"uv":[3.984,0.016,0.016,0.016],"rotation":0,"texture":"#0","tintindex":0},"west":{"uv":[0.016,0.016,0.016,1.484],"rotation":0,"texture":"#0","tintindex":0}}},{"name":"cube","from":[5.5,7.988582,5.870386],"to":[10.299999,12.188582,10.070387],"rotation":{"angle":0.0,"axis":"x","origin":[7.9,3.7885818,7.6703863]},"faces":{"down":{"uv":[7.984,3.516,4.016,6.984],"rotation":0,"texture":"#0","tintindex":0},"east":{"uv":[0.016,7.016,3.484,10.484],"rotation":0,"texture":"#0","tintindex":0},"north":{"uv":[0.016,0.016,3.984,3.484],"rotation":0,"texture":"#0","tintindex":0},"south":{"uv":[0.016,3.516,3.984,6.984],"rotation":0,"texture":"#0","tintindex":0},"up":{"uv":[7.984,3.484,4.016,0.016],"rotation":0,"texture":"#0","tintindex":0},"west":{"uv":[3.516,7.016,6.984,10.484],"rotation":0,"texture":"#0","tintindex":0}}},{"name":"cube","from":[6.0999994,10.988583,6.470386],"to":[9.7,12.788583,10.670386],"rotation":{"angle":0.0,"axis":"x","origin":[7.9,4.9885817,7.6703863]},"faces":{"down":{"uv":[10.984,0.016,8.016,3.484],"rotation":0,"texture":"#0","tintindex":0},"east":{"uv":[0.016,10.516,3.484,11.984],"rotation":0,"texture":"#0","tintindex":0},"north":{"uv":[11.016,0.016,13.984,1.484],"rotation":0,"texture":"#0","tintindex":0},"south":{"uv":[11.016,1.516,13.984,2.984],"rotation":0,"texture":"#0","tintindex":0},"up":{"uv":[9.984,10.484,7.016,7.016],"rotation":0,"texture":"#0","tintindex":0},"west":{"uv":[3.516,10.516,6.984,11.984],"rotation":0,"texture":"#0","tintindex":0}}},{"name":"cube","from":[7.3,11.288583,9.020386],"to":[8.5,13.088582,12.020387],"rotation":{"angle":22.5,"axis":"x","origin":[7.9,12.188582,10.520386]},"faces":{"down":{"uv":[9.484,12.516,8.516,14.984],"rotation":0,"texture":"#0","tintindex":0},"east":{"uv":[5.016,12.516,7.484,13.984],"rotation":0,"texture":"#0","tintindex":0},"north":{"uv":[3.016,13.516,3.984,14.984],"rotation":0,"texture":"#0","tintindex":0},"south":{"uv":[4.016,13.516,4.984,14.984],"rotation":0,"texture":"#0","tintindex":0},"up":{"uv":[8.484,14.984,7.516,12.516],"rotation":0,"texture":"#0","tintindex":0},"west":{"uv":[12.516,5.516,14.984,6.984],"rotation":0,"texture":"#0","tintindex":0}}}],"display":{"head":{"translation":[0.0,-6.4,0.0],"rotation":[0.0,0.0,0.0],"scale":[3.8095,3.8095,3.8095]}}}