{"textures":{"0":"modelengine:entity/goblinking"},"elements":[{"from":[7.428571,7.428571,7.428571],"to":[8.571428,8.571428,8.571428],"rotation":{"angle":0.0,"axis":"y","origin":[8.0,7.428571,8.0]},"faces":{"east":{"uv":[12.1875,0.875,12.4375,1.125],"rotation":0,"texture":"#0","tintindex":0},"south":{"uv":[12.1875,0.875,12.4375,1.125],"rotation":0,"texture":"#0","tintindex":0},"north":{"uv":[12.1875,0.875,12.4375,1.125],"rotation":0,"texture":"#0","tintindex":0},"west":{"uv":[12.1875,0.875,12.4375,1.125],"rotation":0,"texture":"#0","tintindex":0},"up":{"uv":[12.1875,0.875,12.4375,1.125],"rotation":0,"texture":"#0","tintindex":0},"down":{"uv":[12.1875,0.875,12.4375,1.125],"rotation":0,"texture":"#0","tintindex":0}}}],"display":{"head":{"translation":[0.0,-6.4,0.0],"scale":[4.0,4.0,4.0]}}}