{"textures":{"0":"modelengine:entity/goblinking"},"elements":[{"from":[6.6285715,6.8689504,7.499119],"to":[8.0,9.154665,9.32769],"rotation":{"angle":0.0,"axis":"y","origin":[8.0,8.697522,7.9562616]},"faces":{"east":{"uv":[8.25,9.75,7.75,10.375],"rotation":0,"texture":"#0","tintindex":0},"south":{"uv":[3.625,10.0,3.25,10.625],"rotation":0,"texture":"#0","tintindex":0},"north":{"uv":[0.375,10.0,0.0,10.625],"rotation":0,"texture":"#0","tintindex":0},"west":{"uv":[7.75,9.75,7.25,10.375],"rotation":0,"texture":"#0","tintindex":0},"up":{"uv":[1.125,7.25,1.5,6.75],"rotation":0,"texture":"#0","tintindex":0},"down":{"uv":[3.625,10.0,4.0,10.5],"rotation":0,"texture":"#0","tintindex":0}}},{"from":[6.6285715,5.040379,7.9562616],"to":[8.0,6.8689504,9.32769],"rotation":{"angle":0.0,"axis":"y","origin":[8.0,6.4118075,7.9562616]},"faces":{"east":{"uv":[9.375,10.25,9.0,10.75],"rotation":0,"texture":"#0","tintindex":0},"south":{"uv":[9.0,10.25,8.625,10.75],"rotation":0,"texture":"#0","tintindex":0},"north":{"uv":[6.75,10.0,6.375,10.5],"rotation":0,"texture":"#0","tintindex":0},"west":{"uv":[10.5,6.375,10.125,6.875],"rotation":0,"texture":"#0","tintindex":0},"up":{"uv":[10.25,8.125,10.625,7.75],"rotation":0,"texture":"#0","tintindex":0},"down":{"uv":[10.25,9.25,10.625,9.625],"rotation":0,"texture":"#0","tintindex":0}}},{"from":[6.6285715,1.4857144,7.885714],"to":[8.0,5.6,9.257143],"rotation":{"angle":22.5,"axis":"x","origin":[8.0,5.142857,7.885714]},"faces":{"east":{"uv":[2.25,9.25,1.875,10.375],"rotation":0,"texture":"#0","tintindex":0},"south":{"uv":[1.875,9.25,1.5,10.375],"rotation":0,"texture":"#0","tintindex":0},"north":{"uv":[9.5,9.125,9.125,10.25],"rotation":0,"texture":"#0","tintindex":0},"west":{"uv":[1.5,9.25,1.125,10.375],"rotation":0,"texture":"#0","tintindex":0},"up":{"uv":[1.125,10.75,1.5,10.375],"rotation":0,"texture":"#0","tintindex":0},"down":{"uv":[1.5,10.375,1.875,10.75],"rotation":0,"texture":"#0","tintindex":0}}},{"from":[6.4,4.2285714,7.6571426],"to":[8.228572,4.685714,9.485714],"rotation":{"angle":22.5,"axis":"x","origin":[8.0,5.142857,7.885714]},"faces":{"east":{"uv":[10.875,0.875,10.375,1.0],"rotation":0,"texture":"#0","tintindex":0},"south":{"uv":[10.875,0.75,10.375,0.875],"rotation":0,"texture":"#0","tintindex":0},"north":{"uv":[10.875,10.375,10.375,10.5],"rotation":0,"texture":"#0","tintindex":0},"west":{"uv":[10.875,0.625,10.375,0.75],"rotation":0,"texture":"#0","tintindex":0},"up":{"uv":[9.875,5.875,10.375,5.375],"rotation":0,"texture":"#0","tintindex":0},"down":{"uv":[9.875,5.875,10.375,6.375],"rotation":0,"texture":"#0","tintindex":0}}},{"from":[6.1714287,1.4857144,7.428571],"to":[8.457143,2.8571424,9.714286],"rotation":{"angle":22.5,"axis":"x","origin":[8.0,5.142857,7.885714]},"faces":{"east":{"uv":[10.625,1.125,10.0,1.5],"rotation":0,"texture":"#0","tintindex":0},"south":{"uv":[6.375,10.0,5.75,10.375],"rotation":0,"texture":"#0","tintindex":0},"north":{"uv":[8.125,0.75,7.5,1.125],"rotation":0,"texture":"#0","tintindex":0},"west":{"uv":[10.375,3.0,9.75,3.375],"rotation":0,"texture":"#0","tintindex":0},"up":{"uv":[9.25,1.25,9.875,0.625],"rotation":0,"texture":"#0","tintindex":0},"down":{"uv":[0.0,9.375,0.625,10.0],"rotation":0,"texture":"#0","tintindex":0}}},{"from":[6.6285715,-0.34285736,7.885714],"to":[8.457143,1.4857144,9.257143],"rotation":{"angle":22.5,"axis":"x","origin":[8.0,5.142857,7.885714]},"faces":{"east":{"uv":[10.625,2.25,10.25,2.75],"rotation":0,"texture":"#0","tintindex":0},"south":{"uv":[10.375,4.875,9.875,5.375],"rotation":0,"texture":"#0","tintindex":0},"north":{"uv":[10.375,4.375,9.875,4.875],"rotation":0,"texture":"#0","tintindex":0},"west":{"uv":[10.625,0.0,10.25,0.5],"rotation":0,"texture":"#0","tintindex":0},"up":{"uv":[10.25,3.75,10.75,3.375],"rotation":0,"texture":"#0","tintindex":0},"down":{"uv":[10.25,3.75,10.75,4.125],"rotation":0,"texture":"#0","tintindex":0}}}],"display":{"head":{"translation":[0.0,-6.4,0.0],"scale":[4.0,4.0,4.0]}}}