{"textures":{"0":"modelengine:entity/goblinking"},"elements":[{"from":[7.7714286,0.33488035,-2.6933851],"to":[8.914286,1.4777379,8.735187],"rotation":{"angle":22.5,"axis":"x","origin":[8.457143,-1.6079769,5.078044]},"faces":{"east":{"uv":[6.5,3.5,9.625,3.875],"rotation":0,"texture":"#0","tintindex":0},"south":{"uv":[2.25,10.375,2.625,10.75],"rotation":0,"texture":"#0","tintindex":0},"north":{"uv":[1.875,10.375,2.25,10.75],"rotation":0,"texture":"#0","tintindex":0},"west":{"uv":[1.125,7.25,4.25,7.625],"rotation":0,"texture":"#0","tintindex":0},"up":{"uv":[4.625,10.375,4.25,7.25],"rotation":0,"texture":"#0","tintindex":0},"down":{"uv":[5.0,7.25,4.625,10.375],"rotation":0,"texture":"#0","tintindex":0}}},{"from":[7.3142858,-0.122262955,1.8780437],"to":[9.3714285,1.9348807,2.7923298],"rotation":{"angle":22.5,"axis":"x","origin":[8.457143,-1.6079769,5.078044]},"faces":{"east":{"uv":[2.25,3.0,2.5,3.625],"rotation":0,"texture":"#0","tintindex":0},"south":{"uv":[9.375,1.25,10.0,1.875],"rotation":0,"texture":"#0","tintindex":0},"north":{"uv":[3.5,9.375,4.125,10.0],"rotation":0,"texture":"#0","tintindex":0},"west":{"uv":[2.25,3.625,2.5,4.25],"rotation":0,"texture":"#0","tintindex":0},"up":{"uv":[10.875,3.0,10.25,2.75],"rotation":0,"texture":"#0","tintindex":0},"down":{"uv":[10.875,4.125,10.25,4.375],"rotation":0,"texture":"#0","tintindex":0}}},{"from":[7.7714286,-0.57940483,-7.2648134],"to":[8.914286,2.3920236,-2.6933851],"rotation":{"angle":22.5,"axis":"x","origin":[8.457143,-1.6079769,5.078044]},"faces":{"east":{"uv":[2.375,7.625,3.625,8.5],"rotation":0,"texture":"#0","tintindex":0},"south":{"uv":[8.25,9.625,8.625,10.5],"rotation":0,"texture":"#0","tintindex":0},"north":{"uv":[9.5,8.5,9.875,9.375],"rotation":0,"texture":"#0","tintindex":0},"west":{"uv":[7.75,3.875,9.0,4.75],"rotation":0,"texture":"#0","tintindex":0},"up":{"uv":[1.125,9.875,0.75,8.625],"rotation":0,"texture":"#0","tintindex":0},"down":{"uv":[6.125,8.75,5.75,10.0],"rotation":0,"texture":"#0","tintindex":0}}},{"from":[7.7714286,2.3920236,-5.436242],"to":[8.914286,3.3063092,-4.5219564],"rotation":{"angle":22.5,"axis":"x","origin":[8.457143,-1.6079769,5.078044]},"faces":{"east":{"uv":[2.25,4.25,2.5,4.5],"rotation":0,"texture":"#0","tintindex":0},"south":{"uv":[7.5,10.375,7.875,10.625],"rotation":0,"texture":"#0","tintindex":0},"north":{"uv":[7.125,10.375,7.5,10.625],"rotation":0,"texture":"#0","tintindex":0},"west":{"uv":[6.25,5.0,6.5,5.25],"rotation":0,"texture":"#0","tintindex":0},"up":{"uv":[8.25,10.625,7.875,10.375],"rotation":0,"texture":"#0","tintindex":0},"down":{"uv":[9.875,10.375,9.5,10.625],"rotation":0,"texture":"#0","tintindex":0}}},{"from":[6.857143,3.3063092,-6.350528],"to":[9.828571,5.134881,-3.6076708],"rotation":{"angle":22.5,"axis":"x","origin":[8.457143,-1.6079769,5.078044]},"faces":{"east":{"uv":[9.375,6.5,10.125,7.0],"rotation":0,"texture":"#0","tintindex":0},"south":{"uv":[8.25,9.125,9.125,9.625],"rotation":0,"texture":"#0","tintindex":0},"north":{"uv":[8.25,6.0,9.125,6.5],"rotation":0,"texture":"#0","tintindex":0},"west":{"uv":[6.125,9.5,6.875,10.0],"rotation":0,"texture":"#0","tintindex":0},"up":{"uv":[2.0,9.25,1.125,8.5],"rotation":0,"texture":"#0","tintindex":0},"down":{"uv":[2.875,8.5,2.0,9.25],"rotation":0,"texture":"#0","tintindex":0}}},{"from":[8.114285,-4.2365475,-7.2648134],"to":[8.571428,-1.9508333,-3.6076708],"rotation":{"angle":22.5,"axis":"x","origin":[8.457143,-1.6079769,5.078044]},"faces":{"east":{"uv":[7.5,8.5,8.5,9.125],"rotation":0,"texture":"#0","tintindex":0},"south":{"uv":[4.875,10.375,5.0,11.0],"rotation":0,"texture":"#0","tintindex":0},"north":{"uv":[4.75,10.375,4.875,11.0],"rotation":0,"texture":"#0","tintindex":0},"west":{"uv":[8.5,8.5,9.5,9.125],"rotation":0,"texture":"#0","tintindex":0},"up":{"uv":[2.875,10.875,2.75,9.875],"rotation":0,"texture":"#0","tintindex":0},"down":{"uv":[0.5,10.0,0.375,11.0],"rotation":0,"texture":"#0","tintindex":0}}},{"from":[8.114285,-1.9508333,-7.2648134],"to":[8.571428,-0.57940483,-4.9790993],"rotation":{"angle":22.5,"axis":"x","origin":[8.457143,-1.6079769,5.078044]},"faces":{"east":{"uv":[10.0,1.5,10.625,1.875],"rotation":0,"texture":"#0","tintindex":0},"south":{"uv":[9.75,4.375,9.875,4.75],"rotation":0,"texture":"#0","tintindex":0},"north":{"uv":[9.625,4.375,9.75,4.75],"rotation":0,"texture":"#0","tintindex":0},"west":{"uv":[10.125,1.875,10.75,2.25],"rotation":0,"texture":"#0","tintindex":0},"up":{"uv":[10.0,11.0,9.875,10.375],"rotation":0,"texture":"#0","tintindex":0},"down":{"uv":[10.125,10.375,10.0,11.0],"rotation":0,"texture":"#0","tintindex":0}}},{"from":[8.114285,-0.7125807,-3.9524202],"to":[8.571428,1.5731335,-2.1238499],"rotation":{"angle":0.0,"axis":"y","origin":[8.342857,1.5731335,-5.7809925]},"faces":{"east":{"uv":[9.75,0.0,10.25,0.625],"rotation":0,"texture":"#0","tintindex":0},"south":{"uv":[6.25,10.375,6.375,11.0],"rotation":0,"texture":"#0","tintindex":0},"north":{"uv":[6.125,10.375,6.25,11.0],"rotation":0,"texture":"#0","tintindex":0},"west":{"uv":[9.75,2.375,10.25,3.0],"rotation":0,"texture":"#0","tintindex":0},"up":{"uv":[6.375,8.5,6.25,8.0],"rotation":0,"texture":"#0","tintindex":0},"down":{"uv":[6.5,8.0,6.375,8.5],"rotation":0,"texture":"#0","tintindex":0}}},{"from":[8.114285,-1.5863342,-2.8593626],"to":[8.571428,0.6993799,-1.0307913],"rotation":{"angle":-22.5,"axis":"x","origin":[8.342857,0.6993799,-4.687934]},"faces":{"east":{"uv":[9.75,7.0,10.25,7.625],"rotation":0,"texture":"#0","tintindex":0},"south":{"uv":[10.25,10.375,10.375,11.0],"rotation":0,"texture":"#0","tintindex":0},"north":{"uv":[10.125,10.375,10.25,11.0],"rotation":0,"texture":"#0","tintindex":0},"west":{"uv":[9.75,7.625,10.25,8.25],"rotation":0,"texture":"#0","tintindex":0},"up":{"uv":[3.375,10.0,3.25,9.5],"rotation":0,"texture":"#0","tintindex":0},"down":{"uv":[3.5,9.5,3.375,10.0],"rotation":0,"texture":"#0","tintindex":0}}},{"from":[8.0,6.8689504,7.499119],"to":[9.3714285,9.154665,9.32769],"rotation":{"angle":0.0,"axis":"y","origin":[8.0,8.697522,7.9562616]},"faces":{"east":{"uv":[7.25,9.75,7.75,10.375],"rotation":0,"texture":"#0","tintindex":0},"south":{"uv":[3.25,10.0,3.625,10.625],"rotation":0,"texture":"#0","tintindex":0},"north":{"uv":[0.0,10.0,0.375,10.625],"rotation":0,"texture":"#0","tintindex":0},"west":{"uv":[7.75,9.75,8.25,10.375],"rotation":0,"texture":"#0","tintindex":0},"up":{"uv":[1.5,7.25,1.125,6.75],"rotation":0,"texture":"#0","tintindex":0},"down":{"uv":[4.0,10.0,3.625,10.5],"rotation":0,"texture":"#0","tintindex":0}}},{"from":[8.0,5.040379,7.9562616],"to":[9.3714285,6.8689504,9.32769],"rotation":{"angle":0.0,"axis":"y","origin":[8.0,6.4118075,7.9562616]},"faces":{"east":{"uv":[10.125,6.375,10.5,6.875],"rotation":0,"texture":"#0","tintindex":0},"south":{"uv":[8.625,10.25,9.0,10.75],"rotation":0,"texture":"#0","tintindex":0},"north":{"uv":[6.375,10.0,6.75,10.5],"rotation":0,"texture":"#0","tintindex":0},"west":{"uv":[9.0,10.25,9.375,10.75],"rotation":0,"texture":"#0","tintindex":0},"up":{"uv":[10.625,8.125,10.25,7.75],"rotation":0,"texture":"#0","tintindex":0},"down":{"uv":[10.625,9.25,10.25,9.625],"rotation":0,"texture":"#0","tintindex":0}}},{"from":[8.0,1.4857144,7.885714],"to":[9.3714285,5.6,9.257143],"rotation":{"angle":22.5,"axis":"x","origin":[8.0,5.142857,7.885714]},"faces":{"east":{"uv":[1.125,9.25,1.5,10.375],"rotation":0,"texture":"#0","tintindex":0},"south":{"uv":[1.5,9.25,1.875,10.375],"rotation":0,"texture":"#0","tintindex":0},"north":{"uv":[9.125,9.125,9.5,10.25],"rotation":0,"texture":"#0","tintindex":0},"west":{"uv":[1.875,9.25,2.25,10.375],"rotation":0,"texture":"#0","tintindex":0},"up":{"uv":[1.5,10.75,1.125,10.375],"rotation":0,"texture":"#0","tintindex":0},"down":{"uv":[1.875,10.375,1.5,10.75],"rotation":0,"texture":"#0","tintindex":0}}},{"from":[7.7714286,4.2285714,7.6571426],"to":[9.6,4.685714,9.485714],"rotation":{"angle":22.5,"axis":"x","origin":[8.0,5.142857,7.885714]},"faces":{"east":{"uv":[10.375,0.625,10.875,0.75],"rotation":0,"texture":"#0","tintindex":0},