{"textures":{"0":"modelengine:entity/goblinking"},"elements":[{"from":[8.0,5.8483553,8.021074],"to":[9.3714285,9.505498,9.392504],"rotation":{"angle":22.5,"axis":"x","origin":[8.0,8.591212,8.021074]},"faces":{"east":{"uv":[2.875,9.5,3.25,10.5],"rotation":0,"texture":"#0","tintindex":0},"south":{"uv":[5.0,9.5,5.375,10.5],"rotation":0,"texture":"#0","tintindex":0},"north":{"uv":[9.375,2.375,9.75,3.375],"rotation":0,"texture":"#0","tintindex":0},"west":{"uv":[5.375,9.5,5.75,10.5],"rotation":0,"texture":"#0","tintindex":0},"up":{"uv":[8.5,1.125,8.125,0.75],"rotation":0,"texture":"#0","tintindex":0},"down":{"uv":[9.875,5.625,9.5,6.0],"rotation":0,"texture":"#0","tintindex":0}}},{"from":[8.0,2.9615364,7.4962516],"to":[9.3714285,6.1615367,8.867681],"rotation":{"angle":-22.5,"axis":"x","origin":[8.0,4.7901077,7.4962516]},"faces":{"east":{"uv":[6.875,9.5,7.25,10.375],"rotation":0,"texture":"#0","tintindex":0},"south":{"uv":[9.5,9.5,9.875,10.375],"rotation":0,"texture":"#0","tintindex":0},"north":{"uv":[1.5,5.625,1.875,6.5],"rotation":0,"texture":"#0","tintindex":0},"west":{"uv":[9.5,4.75,9.875,5.625],"rotation":0,"texture":"#0","tintindex":0},"up":{"uv":[10.625,7.375,10.25,7.0],"rotation":0,"texture":"#0","tintindex":0},"down":{"uv":[10.625,7.375,10.25,7.75],"rotation":0,"texture":"#0","tintindex":0}}},{"from":[7.7714286,3.4186792,7.26768],"to":[9.6,4.332965,9.0962515],"rotation":{"angle":-22.5,"axis":"x","origin":[8.0,4.7901077,7.4962516]},"faces":{"east":{"uv":[7.75,4.75,8.25,5.0],"rotation":0,"texture":"#0","tintindex":0},"south":{"uv":[10.25,9.625,10.75,9.875],"rotation":0,"texture":"#0","tintindex":0},"north":{"uv":[7.375,6.5,7.875,6.75],"rotation":0,"texture":"#0","tintindex":0},"west":{"uv":[4.25,10.375,4.75,10.625],"rotation":0,"texture":"#0","tintindex":0},"up":{"uv":[10.375,8.75,9.875,8.25],"rotation":0,"texture":"#0","tintindex":0},"down":{"uv":[10.375,8.75,9.875,9.25],"rotation":0,"texture":"#0","tintindex":0}}},{"from":[8.0,2.8571424,6.9714284],"to":[9.3714285,3.6571426,9.440001],"rotation":{"angle":0.0,"axis":"y","origin":[8.0,4.685714,7.885714]},"faces":{"east":{"uv":[6.75,6.5,7.375,6.75],"rotation":0,"texture":"#0","tintindex":0},"south":{"uv":[6.75,10.375,7.125,10.625],"rotation":0,"texture":"#0","tintindex":0},"north":{"uv":[5.75,10.375,6.125,10.625],"rotation":0,"texture":"#0","tintindex":0},"west":{"uv":[8.75,2.375,9.375,2.625],"rotation":0,"texture":"#0","tintindex":0},"up":{"uv":[1.125,10.5,0.75,9.875],"rotation":0,"texture":"#0","tintindex":0},"down":{"uv":[10.25,9.25,9.875,9.875],"rotation":0,"texture":"#0","tintindex":0}}}],"display":{"head":{"translation":[0.0,-6.4,0.0],"scale":[4.0,4.0,4.0]}}}