{"textures":{"0":"modelengine:entity/artoriasknight"},"elements":[{"name":"cube","from":[4.7609577,6.455268,4.5149126],"to":[10.400958,8.255171,8.8861065],"rotation":{"angle":-45.0,"axis":"x","origin":[-6.219043,7.3552194,6.7005095]},"faces":{"down":{"uv":[7.75,1.875,6.625,2.75],"rotation":0,"texture":"#0","tintindex":0},"east":{"uv":[12.75,2.5,11.875,2.875],"rotation":0,"texture":"#0","tintindex":0},"north":{"uv":[11.375,5.125,12.5,5.5],"rotation":0,"texture":"#0","tintindex":0},"south":{"uv":[12.5,5.125,11.375,5.5],"rotation":0,"texture":"#0","tintindex":0},"up":{"uv":[7.75,2.75,6.625,1.875],"rotation":0,"texture":"#0","tintindex":0},"west":{"uv":[11.875,2.5,12.75,2.875],"rotation":0,"texture":"#0","tintindex":0}}},{"name":"cube","from":[3.9282522,7.4983206,3.6303945],"to":[11.128253,10.069612,10.05862],"rotation":{"angle":-22.5,"axis":"x","origin":[7.5282526,8.783966,6.8445077]},"faces":{"down":{"uv":[3.25,0.0,1.75,1.375],"rotation":0,"texture":"#0","tintindex":0},"east":{"uv":[9.25,0.0,10.625,0.5],"rotation":0,"texture":"#0","tintindex":0},"north":{"uv":[8.75,2.25,10.25,2.75],"rotation":0,"texture":"#0","tintindex":0},"south":{"uv":[8.75,2.25,10.25,2.75],"rotation":0,"texture":"#0","tintindex":0},"up":{"uv":[3.25,1.375,1.75,0.0],"rotation":0,"texture":"#0","tintindex":0},"west":{"uv":[10.625,0.0,9.25,0.5],"rotation":0,"texture":"#0","tintindex":0}}},{"name":"cube","from":[6.328253,5.5854177,2.867311],"to":[10.528254,8.756708,2.867311],"rotation":{"angle":-22.5,"axis":"x","origin":[8.428253,7.621063,2.117311]},"faces":{"down":{"uv":[0.875,0.0,0.0,0.0],"rotation":0,"texture":"#0","tintindex":0},"east":{"uv":[0.0,0.0,0.0,0.625],"rotation":0,"texture":"#0","tintindex":0},"north":{"uv":[10.125,9.0,11.0,9.625],"rotation":0,"texture":"#0","tintindex":0},"south":{"uv":[11.0,9.0,10.125,9.625],"rotation":0,"texture":"#0","tintindex":0},"up":{"uv":[0.875,0.0,0.0,0.0],"rotation":0,"texture":"#0","tintindex":0},"west":{"uv":[0.0,0.0,0.0,0.625],"rotation":0,"texture":"#0","tintindex":0}}},{"name":"cube","from":[3.1568408,8.441351,3.2907813],"to":[11.856841,11.741351,11.390781],"rotation":{"angle":0.0,"axis":"x","origin":[7.5923657,10.24123,7.1263056]},"faces":{"down":{"uv":[1.75,0.0,0.0,1.625],"rotation":0,"texture":"#0","tintindex":0},"east":{"uv":[8.0,0.0,6.375,0.625],"rotation":0,"texture":"#0","tintindex":0},"north":{"uv":[2.75,6.25,4.5,6.875],"rotation":0,"texture":"#0","tintindex":0},"south":{"uv":[6.25,5.625,8.0,6.25],"rotation":0,"texture":"#0","tintindex":0},"up":{"uv":[1.75,1.625,0.0,0.0],"rotation":0,"texture":"#0","tintindex":0},"west":{"uv":[6.375,0.0,8.0,0.625],"rotation":0,"texture":"#0","tintindex":0}}},{"name":"cube","from":[3.456841,11.141351,3.2907813],"to":[11.556841,13.841351,8.390781],"rotation":{"angle":22.5,"axis":"x","origin":[6.9068413,11.29135,4.040781]},"faces":{"down":{"uv":[3.125,4.125,1.5,5.125],"rotation":0,"texture":"#0","tintindex":0},"east":{"uv":[10.375,5.125,11.375,5.625],"rotation":0,"texture":"#0","tintindex":0},"north":{"uv":[6.375,0.625,8.0,1.125],"rotation":0,"texture":"#0","tintindex":0},"south":{"uv":[7.875,6.25,9.5,6.75],"rotation":0,"texture":"#0","tintindex":0},"up":{"uv":[4.875,4.5,3.25,3.5],"rotation":0,"texture":"#0","tintindex":0},"west":{"uv":[10.5,1.5,11.5,2.0],"rotation":0,"texture":"#0","tintindex":0}}},{"name":"cube","from":[3.756841,11.29135,4.340781],"to":[11.256841,13.991351,11.240782],"rotation":{"angle":0.0,"axis":"x","origin":[6.9068413,11.29135,7.6407814]},"faces":{"down":{"uv":[1.5,3.25,0.0,4.625],"rotation":0,"texture":"#0","tintindex":0},"east":{"uv":[0.75,9.5,2.125,10.0],"rotation":0,"texture":"#0","tintindex":0},"north":{"uv":[9.0,3.625,10.5,4.125],"rotation":0,"texture":"#0","tintindex":0},"south":{"uv":[9.125,4.125,10.625,4.625],"rotation":0,"texture":"#0","tintindex":0},"up":{"uv":[3.25,4.125,1.75,2.75],"rotation":0,"texture":"#0","tintindex":0},"west":{"uv":[9.5,1.0,10.875,1.5],"rotation":0,"texture":"#0","tintindex":0}}},{"name":"cube","from":[4.356841,12.6713505,4.940781],"to":[10.656841,14.77135,10.640781],"rotation":{"angle":-22.5,"axis":"x","origin":[7.506841,13.54135,7.7907815]},"faces":{"down":{"uv":[6.375,0.0,5.125,1.125],"rotation":0,"texture":"#0","tintindex":0},"east":{"uv":[11.5,0.375,12.625,0.75],"rotation":0,"texture":"#0","tintindex":0},"north":{"uv":[10.875,9.625,12.125,10.0],"rotation":0,"texture":"#0","tintindex":0},"south":{"uv":[10.875,10.0,12.125,10.375],"rotation":0,"texture":"#0","tintindex":0},"up":{"uv":[6.125,5.875,4.875,4.75],"rotation":0,"texture":"#0","tintindex":0},"west":{"uv":[11.5,1.375,12.625,1.75],"rotation":0,"texture":"#0","tintindex":0}}},{"name":"cube","from":[2.8568406,10.24135,6.4407816],"to":[12.156841,14.741351,10.940782],"rotation":{"angle":45.0,"axis":"x","origin":[7.506841,12.641351,7.6407814]},"faces":{"down":{"uv":[5.125,1.75,3.25,2.625],"rotation":0,"texture":"#0","tintindex":0},"east":{"uv":[8.125,3.625,9.0,4.5],"rotation":0,"texture":"#0","tintindex":0},"north":{"uv":[3.25,1.75,5.125,2.625],"rotation":0,"texture":"#0","tintindex":0},"south":{"uv":[3.25,1.75,5.125,2.625],"rotation":0,"texture":"#0","tintindex":0},"up":{"uv":[5.125,2.625,3.25,1.75],"rotation":0,"texture":"#0","tintindex":0},"west":{"uv":[8.125,3.625,9.0,4.5],"rotation":0,"texture":"#0","tintindex":0}}},{"name":"cube","from":[5.706841,8.926809,2.4179347],"to":[10.506842,13.126567,2.4179347],"rotation":{"angle":0.0,"axis":"x","origin":[8.106842,11.026688,2.4179347]},"faces":{"down":{"uv":[1.0,0.0,0.0,0.0],"rotation":0,"texture":"#0","tintindex":0},"east":{"uv":[0.0,0.0,0.0,0.875],"rotation":0,"texture":"#0","tintindex":0},"north":{"uv":[7.25,6.875,8.25,7.75],"rotation":0,"texture":"#0","tintindex":0},"south":{"uv":[8.25,6.875,7.25,7.75],"rotation":0,"texture":"#0","tintindex":0},"up":{"uv":[1.0,0.0,0.0,0.0],"rotation":0,"texture":"#0","tintindex":0},"west":{"uv":[0.0,0.0,0.0,0.875],"rotation":0,"texture":"#0","tintindex":0}}},{"name":"cube","from":[10.243238,8.870642,3.4041054],"to":[12.043238,13.070401,3.4041054],"rotation":{"angle":-45.0,"axis":"y","origin":[11.143238,10.970522,3.2541056]},"faces":{"down":{"uv":[0.375,0.0,0.0,0.0],"rotation":0,"texture":"#0","tintindex":0},"east":{"uv":[0.0,0.0,0.0,0.875],"rotation":0,"texture":"#0","tintindex":0},"north":{"uv":[11.875,2.875,12.25,3.75],"rotation":0,"texture":"#0","tintindex":0},"south":{"uv":[12.25,2.875,11.875,3.75],"rotation":0,"texture":"#0","tintindex":0},"up":{"uv":[0.375,0.0,0.0,0.0],"rotation":0,"texture":"#0","tintindex":0},"west":{"uv":[0.0,0.0,0.0,0.875],"rotation":0,"texture":"#0","tintindex":0}}},{"name":"cube","from":[4.0782523,7.3939095,7.0109887],"to":[11.278253,9.793909,11.210989],"rotation":{"angle":0.0,"axis":"x","origin":[7.5923657,9.879555,9.539457]},"faces":{"down":{"uv":[2.625,5.125,1.125,6.0],"rotation":0,"texture":"#0","tintindex":0},"east":{"uv":[12.25,4.0,11.375,4.5],"rotation":0,"texture":"#0","tintindex":0},"north":{"uv":[9.125,6.75,10.625,7.25],"rotation":0,"texture":"#0","tintindex":0},"south":{"uv":[9.125,6.75,10.625,7.25],"rotation":0,"texture":"#0","tintindex":0},"up":{"uv":[2.625,6.0,1.125,5.125],"rotation":0,"texture":"#0","tintindex":0},"west":{"uv":[11.375,4.0,12.25,4.5],"rotation":0,"texture":"#0","tintindex":0}}}],"display":{"head":{"translation":[0.0,-6.4,0.0],"rotation":[0.0,0.0,0.0],"scale":[3.8095,3.8095,3.8095]}}}