{"textures":{"0":"modelengine:entity/artoriasknight"},"elements":[{"name":"cube","from":[6.7099996,8.94626,4.2584686],"to":[9.35,10.386259,6.2984686],"rotation":{"angle":-45.0,"axis":"x","origin":[7.8199997,11.54758,8.029789]},"faces":{"down":{"uv":[12.125,11.625,12.75,12.125],"rotation":0,"texture":"#0","tintindex":0},"east":{"uv":[1.375,13.375,1.875,13.75],"rotation":0,"texture":"#0","tintindex":0},"north":{"uv":[13.5,8.25,12.875,8.625],"rotation":0,"texture":"#0","tintindex":0},"south":{"uv":[13.5,10.0,12.875,10.375],"rotation":0,"texture":"#0","tintindex":0},"up":{"uv":[12.125,10.125,12.75,9.625],"rotation":0,"texture":"#0","tintindex":0},"west":{"uv":[1.875,13.375,1.375,13.75],"rotation":0,"texture":"#0","tintindex":0}}},{"name":"cube","from":[6.6799994,8.525552,6.992502],"to":[9.379999,10.025552,8.492502],"rotation":{"angle":-22.5,"axis":"x","origin":[8.03,11.238534,8.581332]},"faces":{"down":{"uv":[2.5,13.0,3.125,13.375],"rotation":0,"texture":"#0","tintindex":0},"east":{"uv":[12.875,13.75,12.5,14.125],"rotation":0,"texture":"#0","tintindex":0},"north":{"uv":[13.5,10.375,12.875,10.75],"rotation":0,"texture":"#0","tintindex":0},"south":{"uv":[13.5,10.75,12.875,11.125],"rotation":0,"texture":"#0","tintindex":0},"up":{"uv":[11.375,13.25,12.0,12.875],"rotation":0,"texture":"#0","tintindex":0},"west":{"uv":[14.125,11.375,13.75,11.75],"rotation":0,"texture":"#0","tintindex":0}}},{"name":"cube","from":[6.6499996,6.546895,8.529383],"to":[9.41,9.006895,10.089382],"rotation":{"angle":22.5,"axis":"x","origin":[8.03,10.129879,9.040552]},"faces":{"down":{"uv":[6.125,13.0,6.75,13.375],"rotation":0,"texture":"#0","tintindex":0},"east":{"uv":[9.0,12.875,9.375,13.5],"rotation":0,"texture":"#0","tintindex":0},"north":{"uv":[9.25,11.625,8.625,12.25],"rotation":0,"texture":"#0","tintindex":0},"south":{"uv":[9.875,11.625,9.25,12.25],"rotation":0,"texture":"#0","tintindex":0},"up":{"uv":[13.0,6.375,13.625,6.0],"rotation":0,"texture":"#0","tintindex":0},"west":{"uv":[9.375,12.875,9.0,13.5],"rotation":0,"texture":"#0","tintindex":0}}},{"name":"cube","from":[6.95,4.870364,6.859789],"to":[8.99,7.510364,8.899789],"rotation":{"angle":0.0,"axis":"x","origin":[6.140483,20.54512,5.251027]},"faces":{"down":{"uv":[1.0,12.625,1.5,13.125],"rotation":0,"texture":"#0","tintindex":0},"east":{"uv":[12.75,0.75,12.25,1.375],"rotation":0,"texture":"#0","tintindex":0},"north":{"uv":[12.625,12.125,12.125,12.75],"rotation":0,"texture":"#0","tintindex":0},"south":{"uv":[2.75,12.25,2.25,12.875],"rotation":0,"texture":"#0","tintindex":0},"up":{"uv":[12.625,0.5,13.125,0.0],"rotation":0,"texture":"#0","tintindex":0},"west":{"uv":[12.75,0.75,12.25,1.375],"rotation":0,"texture":"#0","tintindex":0}}},{"name":"cube","from":[7.0699997,2.7403638,6.979789],"to":[8.869999,5.1403637,8.779789],"rotation":{"angle":0.0,"axis":"x","origin":[6.140483,20.54512,5.251027]},"faces":{"down":{"uv":[5.625,12.625,6.125,13.125],"rotation":0,"texture":"#0","tintindex":0},"east":{"uv":[12.75,3.5,12.25,4.125],"rotation":0,"texture":"#0","tintindex":0},"north":{"uv":[4.0,12.25,3.5,12.875],"rotation":0,"texture":"#0","tintindex":0},"south":{"uv":[12.75,7.375,12.25,8.0],"rotation":0,"texture":"#0","tintindex":0},"up":{"uv":[12.625,2.5,13.125,2.0],"rotation":0,"texture":"#0","tintindex":0},"west":{"uv":[12.75,3.5,12.25,4.125],"rotation":0,"texture":"#0","tintindex":0}}},{"name":"cube","from":[7.1899996,0.46036482,7.0997887],"to":[8.75,3.220364,8.659789],"rotation":{"angle":0.0,"axis":"x","origin":[6.140483,20.54512,5.251027]},"faces":{"down":{"uv":[12.625,12.625,13.125,13.125],"rotation":0,"texture":"#0","tintindex":0},"east":{"uv":[12.25,7.5,11.75,8.25],"rotation":0,"texture":"#0","tintindex":0},"north":{"uv":[8.0,11.75,7.5,12.5],"rotation":0,"texture":"#0","tintindex":0},"south":{"uv":[12.25,10.375,11.75,11.125],"rotation":0,"texture":"#0","tintindex":0},"up":{"uv":[12.625,12.625,13.125,12.125],"rotation":0,"texture":"#0","tintindex":0},"west":{"uv":[12.25,7.5,11.75,8.25],"rotation":0,"texture":"#0","tintindex":0}}}],"display":{"head":{"translation":[0.0,-6.4,0.0],"rotation":[0.0,0.0,0.0],"scale":[3.8095,3.8095,3.8095]}}}