{"textures":{"0":"modelengine:entity/goblinshaman"},"elements":[{"from":[6.7164836,9.694472,6.468948],"to":[9.459341,13.808758,8.29752],"rotation":{"angle":-45.0,"axis":"x","origin":[8.087913,12.43733,6.468948]},"faces":{"east":{"uv":[3.5,6.75,3.875,7.625],"rotation":0,"texture":"#0","tintindex":0},"south":{"uv":[4.375,5.25,5.0,6.125],"rotation":0,"texture":"#0","tintindex":0},"north":{"uv":[3.75,5.25,4.375,6.125],"rotation":0,"texture":"#0","tintindex":0},"west":{"uv":[3.875,6.75,4.25,7.625],"rotation":0,"texture":"#0","tintindex":0},"up":{"uv":[7.375,6.5,6.75,6.125],"rotation":0,"texture":"#0","tintindex":0},"down":{"uv":[7.5,0.5,6.875,0.875],"rotation":0,"texture":"#0","tintindex":0}}},{"from":[5.8021975,8.670058,7.4547453],"to":[10.373627,11.870059,9.740459],"rotation":{"angle":0.0,"axis":"y","origin":[8.087913,10.498631,7.911888]},"faces":{"east":{"uv":[2.5,6.375,3.0,7.125],"rotation":0,"texture":"#0","tintindex":0},"south":{"uv":[4.875,1.5,5.875,2.25],"rotation":0,"texture":"#0","tintindex":0},"north":{"uv":[4.875,0.75,5.875,1.5],"rotation":0,"texture":"#0","tintindex":0},"west":{"uv":[3.0,6.375,3.5,7.125],"rotation":0,"texture":"#0","tintindex":0},"up":{"uv":[6.625,2.75,5.625,2.25],"rotation":0,"texture":"#0","tintindex":0},"down":{"uv":[6.625,2.75,5.625,3.25],"rotation":0,"texture":"#0","tintindex":0}}},{"from":[4.887912,5.4700584,5.626174],"to":[11.287912,9.584345,9.740459],"rotation":{"angle":22.5,"axis":"x","origin":[8.087913,7.29863,7.911888]},"faces":{"east":{"uv":[1.0,0.0,1.875,0.875],"rotation":0,"texture":"#0","tintindex":0},"south":{"uv":[3.5,0.0,4.875,0.875],"rotation":0,"texture":"#0","tintindex":0},"north":{"uv":[3.5,3.5,4.875,4.375],"rotation":0,"texture":"#0","tintindex":0},"west":{"uv":[4.75,2.625,5.625,3.5],"rotation":0,"texture":"#0","tintindex":0},"up":{"uv":[4.875,1.75,3.5,0.875],"rotation":0,"texture":"#0","tintindex":0},"down":{"uv":[4.875,1.75,3.5,2.625],"rotation":0,"texture":"#0","tintindex":0}}},{"from":[4.659341,3.1516151,4.9260907],"to":[11.516483,7.151615,10.068948],"rotation":{"angle":0.0,"axis":"y","origin":[8.087913,5.4373293,4.640376]},"faces":{"east":{"uv":[7.625,2.75,8.75,3.625],"rotation":0,"texture":"#0","tintindex":0},"south":{"uv":[7.5,0.875,9.0,1.75],"rotation":0,"texture":"#0","tintindex":0},"north":{"uv":[7.5,0.0,9.0,0.875],"rotation":0,"texture":"#0","tintindex":0},"west":{"uv":[7.625,1.875,8.75,2.75],"rotation":0,"texture":"#0","tintindex":0},"up":{"uv":[7.625,3.625,9.125,4.75],"rotation":0,"texture":"#0","tintindex":0},"down":{"uv":[7.625,4.875,9.125,6.0],"rotation":0,"texture":"#0","tintindex":0}}},{"from":[7.169055,12.656758,4.027805],"to":[9.006769,15.107044,4.640376],"rotation":{"angle":0.0,"axis":"y","origin":[8.087913,6.5310435,4.640376]},"faces":{"east":{"uv":[6.0,5.5,6.125,6.0],"rotation":0,"texture":"#0","tintindex":0},"south":{"uv":[6.875,4.625,7.25,5.125],"rotation":0,"texture":"#0","tintindex":0},"north":{"uv":[6.875,0.875,7.25,1.375],"rotation":0,"texture":"#0","tintindex":0},"west":{"uv":[4.875,6.125,5.0,6.625],"rotation":0,"texture":"#0","tintindex":0},"up":{"uv":[6.5,4.0,6.125,3.875],"rotation":0,"texture":"#0","tintindex":0},"down":{"uv":[7.625,5.0,7.25,5.125],"rotation":0,"texture":"#0","tintindex":0}}}],"display":{"head":{"translation":[0.0,-6.4,0.0],"scale":[4.0,4.0,4.0]}}}