{"textures":{"0":"modelengine:entity/goblinshaman"},"elements":[{"from":[7.9292574,4.472434,6.1606717],"to":[9.757829,9.501005,7.9892435],"rotation":{"angle":22.5,"axis":"x","origin":[7.9292574,5.8438625,6.1606717]},"faces":{"east":{"uv":[5.0,6.0,5.375,7.125],"rotation":0,"texture":"#0","tintindex":0},"south":{"uv":[5.375,6.0,5.75,7.125],"rotation":0,"texture":"#0","tintindex":0},"north":{"uv":[5.875,0.5,6.25,1.625],"rotation":0,"texture":"#0","tintindex":0},"west":{"uv":[5.75,6.0,6.125,7.125],"rotation":0,"texture":"#0","tintindex":0},"up":{"uv":[7.5,4.375,7.125,4.0],"rotation":0,"texture":"#0","tintindex":0},"down":{"uv":[7.5,5.5,7.125,5.875],"rotation":0,"texture":"#0","tintindex":0}}},{"from":[7.9292574,3.8770633,2.2966566],"to":[9.757829,5.705635,7.3252287],"rotation":{"angle":0.0,"axis":"y","origin":[7.9292574,3.4199204,5.4966574]},"faces":{"east":{"uv":[5.0,4.625,6.125,5.0],"rotation":0,"texture":"#0","tintindex":0},"south":{"uv":[2.125,7.25,2.5,7.625],"rotation":0,"texture":"#0","tintindex":0},"north":{"uv":[1.75,7.25,2.125,7.625],"rotation":0,"texture":"#0","tintindex":0},"west":{"uv":[5.875,1.625,7.0,2.0],"rotation":0,"texture":"#0","tintindex":0},"up":{"uv":[2.125,7.25,1.75,6.125],"rotation":0,"texture":"#0","tintindex":0},"down":{"uv":[2.5,6.125,2.125,7.25],"rotation":0,"texture":"#0","tintindex":0}}},{"from":[6.911542,3.8770633,1.3070416],"to":[9.197256,6.162778,3.135613],"rotation":{"angle":22.5,"axis":"y","origin":[7.368685,3.4199204,1.3070416]},"faces":{"east":{"uv":[6.125,7.0,6.5,7.5],"rotation":0,"texture":"#0","tintindex":0},"south":{"uv":[6.75,0.0,7.25,0.5],"rotation":0,"texture":"#0","tintindex":0},"north":{"uv":[1.5,3.5,2.0,4.0],"rotation":0,"texture":"#0","tintindex":0},"west":{"uv":[6.5,7.0,6.875,7.5],"rotation":0,"texture":"#0","tintindex":0},"up":{"uv":[7.375,7.375,6.875,7.0],"rotation":0,"texture":"#0","tintindex":0},"down":{"uv":[7.5,1.375,7.0,1.75],"rotation":0,"texture":"#0","tintindex":0}}},{"from":[6.443543,12.643863,1.5892429],"to":[9.872114,20.21529,2.1606717],"rotation":{"angle":-45.0,"axis":"x","origin":[8.157828,12.78672,1.5892429]},"faces":{"east":{"uv":[1.25,5.125,1.375,6.75],"rotation":0,"texture":"#0","tintindex":0},"south":{"uv":[0.0,2.5,0.75,4.125],"rotation":0,"texture":"#0","tintindex":0},"north":{"uv":[0.0,2.5,0.75,4.125],"rotation":0,"texture":"#0","tintindex":0},"west":{"uv":[1.375,5.125,1.5,6.75],"rotation":0,"texture":"#0","tintindex":0},"up":{"uv":[11.125,0.75,10.375,0.625],"rotation":0,"texture":"#0","tintindex":0},"down":{"uv":[10.75,2.0,10.0,2.125],"rotation":0,"texture":"#0","tintindex":0}}},{"from":[6.443543,12.643863,1.5892429],"to":[9.872114,20.21529,2.1606717],"rotation":{"angle":-45.0,"axis":"z","origin":[8.157828,12.78672,1.5892429]},"faces":{"east":{"uv":[1.25,5.125,1.375,6.75],"rotation":0,"texture":"#0","tintindex":0},"south":{"uv":[0.0,2.5,0.75,4.125],"rotation":0,"texture":"#0","tintindex":0},"north":{"uv":[0.0,2.5,0.75,4.125],"rotation":0,"texture":"#0","tintindex":0},"west":{"uv":[1.375,5.125,1.5,6.75],"rotation":0,"texture":"#0","tintindex":0},"up":{"uv":[11.125,0.75,10.375,0.625],"rotation":0,"texture":"#0","tintindex":0},"down":{"uv":[10.75,2.0,10.0,2.125],"rotation":0,"texture":"#0","tintindex":0}}},{"from":[7.6435432,-2.4989958,1.5606713],"to":[8.557829,14.758148,2.4749575],"rotation":{"angle":0.0,"axis":"y","origin":[7.6435432,6.3010054,1.5606713]},"faces":{"east":{"uv":[0.25,4.125,0.5,7.875],"rotation":0,"texture":"#0","tintindex":0},"south":{"uv":[0.5,4.125,0.75,7.875],"rotation":0,"texture":"#0","tintindex":0},"north":{"uv":[0.0,4.125,0.25,7.875],"rotation":0,"texture":"#0","tintindex":0},"west":{"uv":[1.5,4.875,1.75,8.625],"rotation":0,"texture":"#0","tintindex":0},"up":{"uv":[1.0,3.5,0.75,3.25],"rotation":0,"texture":"#0","tintindex":0},"down":{"uv":[2.75,6.125,2.5,6.375],"rotation":0,"texture":"#0","tintindex":0}}},{"from":[7.5864,9.929577,-0.6964712],"to":[10.443543,12.78672,2.1606717],"rotation":{"angle":0.0,"axis":"y","origin":[7.5864,9.929577,1.5892429]},"faces":{"east":{"uv":[6.125,6.125,6.75,6.75],"rotation":0,"texture":"#0","tintindex":0},"south":{"uv":[6.125,3.25,6.75,3.875],"rotation":0,"texture":"#0","tintindex":0},"north":{"uv":[4.25,6.125,4.875,6.75],"rotation":0,"texture":"#0","tintindex":0},"west":{"uv":[6.125,5.5,6.75,6.125],"rotation":0,"texture":"#0","tintindex":0},"up":{"uv":[6.25,0.5,6.875,1.125],"rotation":0,"texture":"#0","tintindex":0},"down":{"uv":[6.25,4.625,6.875,5.25],"rotation":0,"texture":"#0","tintindex":0}}},{"from":[6.443543,7.6438622,0.44638586],"to":[9.300686,10.501005,3.3035288],"rotation":{"angle":45.0,"axis":"y","origin":[6.443543,7.6438622,2.7321]},"faces":{"east":{"uv":[6.125,6.125,6.75,6.75],"rotation":0,"texture":"#0","tintindex":0},"south":{"uv":[6.125,3.25,6.75,3.875],"rotation":0,"texture":"#0","tintindex":0},"north":{"uv":[4.25,6.125,4.875,6.75],"rotation":0,"texture":"#0","tintindex":0},"west":{"uv":[6.125,5.5,6.75,6.125],"rotation":0,"texture":"#0","tintindex":0},"up":{"uv":[6.25,0.5,6.875,1.125],"rotation":0,"texture":"#0","tintindex":0},"down":{"uv":[6.25,4.625,6.875,5.25],"rotation":0,"texture":"#0","tintindex":0}}}],"display":{"head":{"translation":[0.0,-6.4,0.0],"scale":[4.0,4.0,4.0]}}}