{"textures":{"0":"modelengine:entity/crate5"},"elements":[{"name":"cube","from":[13.885196,16.722836,8.9],"to":[18.685196,19.122837,11.900001],"rotation":{"angle":22.5,"axis":"z","origin":[15.5,18.2,10.4]},"faces":{"down":{"uv":[10.125,4.75,11.125,4.125],"rotation":0,"texture":"#0","tintindex":0},"east":{"uv":[7.75,13.75,8.375,14.25],"rotation":0,"texture":"#0","tintindex":0},"north":{"uv":[4.625,11.375,3.625,11.875],"rotation":0,"texture":"#0","tintindex":0},"south":{"uv":[3.625,11.375,4.625,11.875],"rotation":0,"texture":"#0","tintindex":0},"up":{"uv":[1.125,10.125,2.125,10.75],"rotation":0,"texture":"#0","tintindex":0},"west":{"uv":[10.5,3.625,11.125,4.125],"rotation":0,"texture":"#0","tintindex":0}}},{"name":"cube","from":[17.78895,20.26649,9.5],"to":[20.788952,22.06649,11.3],"rotation":{"angle":45.0,"axis":"z","origin":[20.488949,19.966492,10.4]},"faces":{"down":{"uv":[1.0,14.875,1.625,15.25],"rotation":0,"texture":"#0","tintindex":0},"east":{"uv":[10.375,15.125,10.75,15.5],"rotation":0,"texture":"#0","tintindex":0},"north":{"uv":[14.75,1.375,15.375,1.75],"rotation":0,"texture":"#0","tintindex":0},"south":{"uv":[15.375,1.375,14.75,1.75],"rotation":0,"texture":"#0","tintindex":0},"up":{"uv":[13.875,15.125,14.5,14.75],"rotation":0,"texture":"#0","tintindex":0},"west":{"uv":[11.75,4.125,12.125,4.5],"rotation":0,"texture":"#0","tintindex":0}}}],"display":{"head":{"translation":[0.0,-6.4,0.0],"rotation":[0.0,0.0,0.0],"scale":[3.8095,3.8095,3.8095]}}}