{"textures":{"0":"modelengine:entity/crate5"},"elements":[{"name":"cube","from":[6.7296104,6.5,7.054328],"to":[9.72961,9.5,10.054328],"rotation":{"angle":-22.5,"axis":"z","origin":[8.22961,8.0,8.554328]},"faces":{"down":{"uv":[8.75,13.625,9.375,13.0],"rotation":0,"texture":"#0","tintindex":0},"east":{"uv":[2.125,12.875,2.75,13.5],"rotation":0,"texture":"#0","tintindex":0},"north":{"uv":[12.875,1.875,13.5,2.5],"rotation":0,"texture":"#0","tintindex":0},"south":{"uv":[12.875,1.875,13.5,2.5],"rotation":0,"texture":"#0","tintindex":0},"up":{"uv":[8.75,13.625,9.375,13.0],"rotation":0,"texture":"#0","tintindex":0},"west":{"uv":[13.5,1.875,12.875,2.5],"rotation":0,"texture":"#0","tintindex":0}}},{"name":"cube","from":[7.538265,8.74078,7.3543277],"to":[9.938265,11.74078,9.754328],"rotation":{"angle":0.0,"axis":"x","origin":[9.338265,10.540779,8.554328]},"faces":{"down":{"uv":[10.875,14.625,10.375,15.125],"rotation":0,"texture":"#0","tintindex":0},"east":{"uv":[14.25,5.625,14.75,6.25],"rotation":0,"texture":"#0","tintindex":0},"north":{"uv":[5.625,14.25,6.125,14.875],"rotation":0,"texture":"#0","tintindex":0},"south":{"uv":[5.625,14.25,6.125,14.875],"rotation":0,"texture":"#0","tintindex":0},"up":{"uv":[11.375,15.125,11.875,14.625],"rotation":0,"texture":"#0","tintindex":0},"west":{"uv":[6.125,14.25,5.625,14.875],"rotation":0,"texture":"#0","tintindex":0}}},{"name":"cube","from":[9.338265,8.1407795,7.654328],"to":[12.938266,9.94078,10.054328],"rotation":{"angle":0.0,"axis":"x","origin":[9.338265,10.540779,8.554328]},"faces":{"down":{"uv":[2.625,13.5,1.875,14.0],"rotation":0,"texture":"#0","tintindex":0},"east":{"uv":[15.125,0.0,15.625,0.375],"rotation":0,"texture":"#0","tintindex":0},"north":{"uv":[14.5,3.0,15.25,3.375],"rotation":0,"texture":"#0","tintindex":0},"south":{"uv":[14.5,3.375,15.25,3.75],"rotation":0,"texture":"#0","tintindex":0},"up":{"uv":[14.25,2.125,13.5,1.625],"rotation":0,"texture":"#0","tintindex":0},"west":{"uv":[4.625,15.125,5.125,15.5],"rotation":0,"texture":"#0","tintindex":0}}},{"name":"cube","from":[6.938265,11.440781,7.654328],"to":[8.738265,13.840781,9.454329],"rotation":{"angle":22.5,"axis":"z","origin":[8.738265,13.240781,8.554328]},"faces":{"down":{"uv":[12.625,15.125,12.25,15.5],"rotation":0,"texture":"#0","tintindex":0},"east":{"uv":[5.5,15.125,5.125,15.625],"rotation":0,"texture":"#0","tintindex":0},"north":{"uv":[5.125,15.125,5.5,15.625],"rotation":0,"texture":"#0","tintindex":0},"south":{"uv":[5.125,15.125,5.5,15.625],"rotation":0,"texture":"#0","tintindex":0},"up":{"uv":[15.125,12.625,15.5,12.25],"rotation":0,"texture":"#0","tintindex":0},"west":{"uv":[5.5,15.125,5.125,15.625],"rotation":0,"texture":"#0","tintindex":0}}},{"name":"cube","from":[5.717944,13.059348,7.9543276],"to":[6.917944,15.459349,9.154327],"rotation":{"angle":45.0,"axis":"z","origin":[7.217944,14.559348,8.554328]},"faces":{"down":{"uv":[10.75,7.0,10.5,7.25],"rotation":0,"texture":"#0","tintindex":0},"east":{"uv":[14.125,15.125,13.875,15.625],"rotation":0,"texture":"#0","tintindex":0},"north":{"uv":[13.875,15.125,14.125,15.625],"rotation":0,"texture":"#0","tintindex":0},"south":{"uv":[13.875,15.125,14.125,15.625],"rotation":0,"texture":"#0","tintindex":0},"up":{"uv":[10.625,5.625,10.875,5.375],"rotation":0,"texture":"#0","tintindex":0},"west":{"uv":[14.125,15.125,13.875,15.625],"rotation":0,"texture":"#0","tintindex":0}}},{"name":"cube","from":[7.6988,14.148801,7.0987997],"to":[12.5012,16.5512,9.5012],"rotation":{"angle":0.0,"axis":"x","origin":[14.0,6.5,13.400001]},"faces":{"down":{"uv":[12.875,2.0,11.875,2.5],"rotation":0,"texture":"#0","tintindex":0},"east":{"uv":[10.875,14.625,11.375,15.125],"rotation":0,"texture":"#0","tintindex":0},"north":{"uv":[0.0,11.875,1.0,12.375],"rotation":0,"texture":"#0","tintindex":0},"south":{"uv":[0.0,11.875,1.0,12.375],"rotation":0,"texture":"#0","tintindex":0},"up":{"uv":[12.875,2.5,11.875,2.0],"rotation":0,"texture":"#0","tintindex":0},"west":{"uv":[14.625,11.25,15.125,11.75],"rotation":0,"texture":"#0","tintindex":0}}}],"display":{"head":{"translation":[0.0,-6.4,0.0],"rotation":[0.0,0.0,0.0],"scale":[3.8095,3.8095,3.8095]}}}