{"textures":{"0":"modelengine:entity/crate5"},"elements":[{"name":"cube","from":[6.27039,6.5,5.945672],"to":[9.27039,9.5,8.945672],"rotation":{"angle":22.5,"axis":"z","origin":[7.7703896,8.0,7.445672]},"faces":{"down":{"uv":[8.75,13.625,9.375,13.0],"rotation":0,"texture":"#0","tintindex":0},"east":{"uv":[13.5,1.875,12.875,2.5],"rotation":0,"texture":"#0","tintindex":0},"north":{"uv":[12.875,1.875,13.5,2.5],"rotation":0,"texture":"#0","tintindex":0},"south":{"uv":[12.875,1.875,13.5,2.5],"rotation":0,"texture":"#0","tintindex":0},"up":{"uv":[13.5,1.25,12.875,0.625],"rotation":0,"texture":"#0","tintindex":0},"west":{"uv":[13.5,1.875,12.875,2.5],"rotation":0,"texture":"#0","tintindex":0}}},{"name":"cube","from":[6.061734,8.74078,6.245672],"to":[8.461735,11.74078,8.645672],"rotation":{"angle":0.0,"axis":"x","origin":[6.6617346,10.540779,7.445672]},"faces":{"down":{"uv":[9.875,14.625,9.375,15.125],"rotation":0,"texture":"#0","tintindex":0},"east":{"uv":[6.125,14.25,5.625,14.875],"rotation":0,"texture":"#0","tintindex":0},"north":{"uv":[5.625,14.25,6.125,14.875],"rotation":0,"texture":"#0","tintindex":0},"south":{"uv":[5.625,14.25,6.125,14.875],"rotation":0,"texture":"#0","tintindex":0},"up":{"uv":[11.875,14.625,11.375,15.125],"rotation":0,"texture":"#0","tintindex":0},"west":{"uv":[5.625,14.25,6.125,14.875],"rotation":0,"texture":"#0","tintindex":0}}},{"name":"cube","from":[3.0617347,8.1407795,5.945672],"to":[6.6617346,9.94078,8.345673],"rotation":{"angle":0.0,"axis":"x","origin":[6.6617346,10.540779,7.445672]},"faces":{"down":{"uv":[14.25,1.125,13.5,1.625],"rotation":0,"texture":"#0","tintindex":0},"east":{"uv":[15.0,14.125,15.5,14.5],"rotation":0,"texture":"#0","tintindex":0},"north":{"uv":[1.125,14.5,1.875,14.875],"rotation":0,"texture":"#0","tintindex":0},"south":{"uv":[15.25,3.0,14.5,3.375],"rotation":0,"texture":"#0","tintindex":0},"up":{"uv":[3.375,13.5,2.625,14.0],"rotation":0,"texture":"#0","tintindex":0},"west":{"uv":[15.0,14.5,15.5,14.875],"rotation":0,"texture":"#0","tintindex":0}}},{"name":"cube","from":[7.261735,11.440781,6.5456724],"to":[9.061735,13.840781,8.345673],"rotation":{"angle":-22.5,"axis":"z","origin":[7.261735,13.240781,7.445672]},"faces":{"down":{"uv":[12.25,15.125,11.875,15.5],"rotation":0,"texture":"#0","tintindex":0},"east":{"uv":[5.125,15.125,5.5,15.625],"rotation":0,"texture":"#0","tintindex":0},"north":{"uv":[5.5,15.125,5.125,15.625],"rotation":0,"texture":"#0","tintindex":0},"south":{"uv":[5.5,15.125,5.125,15.625],"rotation":0,"texture":"#0","tintindex":0},"up":{"uv":[15.5,12.625,15.125,12.25],"rotation":0,"texture":"#0","tintindex":0},"west":{"uv":[5.125,15.125,5.5,15.625],"rotation":0,"texture":"#0","tintindex":0}}},{"name":"cube","from":[9.082056,13.059348,6.845672],"to":[10.282057,15.459349,8.045672],"rotation":{"angle":-45.0,"axis":"z","origin":[8.782056,14.559348,7.445672]},"faces":{"down":{"uv":[10.5,7.0,10.25,7.25],"rotation":0,"texture":"#0","tintindex":0},"east":{"uv":[13.875,15.125,14.125,15.625],"rotation":0,"texture":"#0","tintindex":0},"north":{"uv":[14.125,15.125,13.875,15.625],"rotation":0,"texture":"#0","tintindex":0},"south":{"uv":[14.125,15.125,13.875,15.625],"rotation":0,"texture":"#0","tintindex":0},"up":{"uv":[10.875,5.625,10.625,5.375],"rotation":0,"texture":"#0","tintindex":0},"west":{"uv":[15.125,13.625,15.375,14.125],"rotation":0,"texture":"#0","tintindex":0}}},{"name":"cube","from":[3.4987998,14.148801,6.4988003],"to":[8.3012,16.5512,8.901199],"rotation":{"angle":0.0,"axis":"x","origin":[1.9999998,6.5,2.6]},"faces":{"down":{"uv":[11.875,2.5,12.875,2.0],"rotation":0,"texture":"#0","tintindex":0},"east":{"uv":[14.625,11.25,15.125,11.75],"rotation":0,"texture":"#0","tintindex":0},"north":{"uv":[0.0,11.875,1.0,12.375],"rotation":0,"texture":"#0","tintindex":0},"south":{"uv":[0.0,11.875,1.0,12.375],"rotation":0,"texture":"#0","tintindex":0},"up":{"uv":[11.875,2.0,12.875,2.5],"rotation":0,"texture":"#0","tintindex":0},"west":{"uv":[9.875,14.625,10.375,15.125],"rotation":0,"texture":"#0","tintindex":0}}}],"display":{"head":{"translation":[0.0,-6.4,0.0],"rotation":[0.0,0.0,0.0],"scale":[3.8095,3.8095,3.8095]}}}