{"textures":{"0":"modelengine:entity/crate5"},"elements":[{"name":"cube","from":[-2.6851954,16.722836,8.9],"to":[2.1148047,19.122837,11.900001],"rotation":{"angle":-22.5,"axis":"z","origin":[0.49999976,18.2,10.4]},"faces":{"down":{"uv":[11.125,4.75,10.125,4.125],"rotation":0,"texture":"#0","tintindex":0},"east":{"uv":[13.875,3.0,14.5,3.5],"rotation":0,"texture":"#0","tintindex":0},"north":{"uv":[3.625,11.375,4.625,11.875],"rotation":0,"texture":"#0","tintindex":0},"south":{"uv":[0.0,11.375,1.0,11.875],"rotation":0,"texture":"#0","tintindex":0},"up":{"uv":[2.125,10.125,1.125,10.75],"rotation":0,"texture":"#0","tintindex":0},"west":{"uv":[7.75,13.75,8.375,14.25],"rotation":0,"texture":"#0","tintindex":0}}},{"name":"cube","from":[-4.7889504,20.26649,9.5],"to":[-1.7889504,22.06649,11.3],"rotation":{"angle":-45.0,"axis":"z","origin":[-4.4889503,19.966492,10.4]},"faces":{"down":{"uv":[1.625,14.875,1.0,15.25],"rotation":0,"texture":"#0","tintindex":0},"east":{"uv":[10.75,15.125,11.125,15.5],"rotation":0,"texture":"#0","tintindex":0},"north":{"uv":[11.875,14.75,12.5,15.125],"rotation":0,"texture":"#0","tintindex":0},"south":{"uv":[12.5,14.75,11.875,15.125],"rotation":0,"texture":"#0","tintindex":0},"up":{"uv":[14.5,15.125,13.875,14.75],"rotation":0,"texture":"#0","tintindex":0},"west":{"uv":[10.375,15.125,10.75,15.5],"rotation":0,"texture":"#0","tintindex":0}}}],"display":{"head":{"translation":[0.0,-6.4,0.0],"rotation":[0.0,0.0,0.0],"scale":[3.8095,3.8095,3.8095]}}}