{"textures":{"0":"modelengine:entity/crate5"},"elements":[{"name":"cube","from":[7.6988,14.148801,6.4988003],"to":[12.5012,16.5512,8.901199],"rotation":{"angle":0.0,"axis":"x","origin":[9.8,15.35,7.7]},"faces":{"down":{"uv":[12.875,2.5,11.875,2.0],"rotation":0,"texture":"#0","tintindex":0},"east":{"uv":[4.0,14.625,4.5,15.125],"rotation":0,"texture":"#0","tintindex":0},"north":{"uv":[1.0,11.875,0.0,12.375],"rotation":0,"texture":"#0","tintindex":0},"south":{"uv":[1.0,11.875,0.0,12.375],"rotation":0,"texture":"#0","tintindex":0},"up":{"uv":[12.875,2.0,11.875,2.5],"rotation":0,"texture":"#0","tintindex":0},"west":{"uv":[15.125,11.25,14.625,11.75],"rotation":0,"texture":"#0","tintindex":0}}},{"name":"cube","from":[6.7296104,6.5,5.945672],"to":[9.72961,9.5,8.945672],"rotation":{"angle":-22.5,"axis":"z","origin":[8.22961,8.0,7.445672]},"faces":{"down":{"uv":[8.75,13.625,9.375,13.0],"rotation":0,"texture":"#0","tintindex":0},"east":{"uv":[12.875,1.875,13.5,2.5],"rotation":0,"texture":"#0","tintindex":0},"north":{"uv":[13.5,1.875,12.875,2.5],"rotation":0,"texture":"#0","tintindex":0},"south":{"uv":[13.625,1.875,13.0,2.5],"rotation":0,"texture":"#0","tintindex":0},"up":{"uv":[13.375,9.0,12.75,8.375],"rotation":0,"texture":"#0","tintindex":0},"west":{"uv":[12.875,1.875,13.5,2.5],"rotation":0,"texture":"#0","tintindex":0}}},{"name":"cube","from":[7.538265,8.74078,6.245672],"to":[9.938265,11.74078,8.645672],"rotation":{"angle":0.0,"axis":"x","origin":[9.338265,10.540779,7.445672]},"faces":{"down":{"uv":[15.125,7.125,14.625,7.625],"rotation":0,"texture":"#0","tintindex":0},"east":{"uv":[5.625,14.25,6.125,14.875],"rotation":0,"texture":"#0","tintindex":0},"north":{"uv":[6.125,14.25,5.625,14.875],"rotation":0,"texture":"#0","tintindex":0},"south":{"uv":[6.125,14.25,5.625,14.875],"rotation":0,"texture":"#0","tintindex":0},"up":{"uv":[11.375,14.625,11.875,15.125],"rotation":0,"texture":"#0","tintindex":0},"west":{"uv":[5.625,14.25,6.125,14.875],"rotation":0,"texture":"#0","tintindex":0}}},{"name":"cube","from":[9.338265,8.1407795,5.945672],"to":[12.938266,9.94078,8.345673],"rotation":{"angle":0.0,"axis":"x","origin":[9.338265,10.540779,7.445672]},"faces":{"down":{"uv":[13.5,13.375,12.75,13.875],"rotation":0,"texture":"#0","tintindex":0},"east":{"uv":[2.875,15.0,3.375,15.375],"rotation":0,"texture":"#0","tintindex":0},"north":{"uv":[8.625,14.375,9.375,14.75],"rotation":0,"texture":"#0","tintindex":0},"south":{"uv":[14.5,3.0,15.25,3.375],"rotation":0,"texture":"#0","tintindex":0},"up":{"uv":[2.625,13.5,3.375,14.0],"rotation":0,"texture":"#0","tintindex":0},"west":{"uv":[3.375,15.0,3.875,15.375],"rotation":0,"texture":"#0","tintindex":0}}},{"name":"cube","from":[6.938265,11.440781,6.5456724],"to":[8.738265,13.840781,8.345673],"rotation":{"angle":22.5,"axis":"z","origin":[8.738265,13.240781,7.445672]},"faces":{"down":{"uv":[11.875,15.125,11.5,15.5],"rotation":0,"texture":"#0","tintindex":0},"east":{"uv":[5.125,15.125,5.5,15.625],"rotation":0,"texture":"#0","tintindex":0},"north":{"uv":[5.5,15.125,5.125,15.625],"rotation":0,"texture":"#0","tintindex":0},"south":{"uv":[5.5,15.125,5.125,15.625],"rotation":0,"texture":"#0","tintindex":0},"up":{"uv":[15.5,11.5,15.125,11.125],"rotation":0,"texture":"#0","tintindex":0},"west":{"uv":[5.125,15.125,5.5,15.625],"rotation":0,"texture":"#0","tintindex":0}}},{"name":"cube","from":[5.717944,13.059348,6.845672],"to":[6.917944,15.459349,8.045672],"rotation":{"angle":45.0,"axis":"z","origin":[7.217944,14.559348,7.445672]},"faces":{"down":{"uv":[2.375,10.125,2.125,10.375],"rotation":0,"texture":"#0","tintindex":0},"east":{"uv":[13.875,15.125,14.125,15.625],"rotation":0,"texture":"#0","tintindex":0},"north":{"uv":[14.125,15.125,13.875,15.625],"rotation":0,"texture":"#0","tintindex":0},"south":{"uv":[14.125,15.125,13.875,15.625],"rotation":0,"texture":"#0","tintindex":0},"up":{"uv":[7.375,3.875,7.125,3.625],"rotation":0,"texture":"#0","tintindex":0},"west":{"uv":[13.875,15.125,14.125,15.625],"rotation":0,"texture":"#0","tintindex":0}}}],"display":{"head":{"translation":[0.0,-6.4,0.0],"rotation":[0.0,0.0,0.0],"scale":[3.8095,3.8095,3.8095]}}}