{"textures":{"0":"modelengine:entity/crate5"},"elements":[{"name":"cube","from":[6.27039,6.5,7.054328],"to":[9.27039,9.5,10.054328],"rotation":{"angle":22.5,"axis":"z","origin":[8.0,8.0,8.0]},"faces":{"down":{"uv":[8.75,13.625,9.375,13.0],"rotation":0,"texture":"#0","tintindex":0},"east":{"uv":[12.875,1.875,13.5,2.5],"rotation":0,"texture":"#0","tintindex":0},"north":{"uv":[13.5,1.875,12.875,2.5],"rotation":0,"texture":"#0","tintindex":0},"south":{"uv":[13.5,1.875,12.875,2.5],"rotation":0,"texture":"#0","tintindex":0},"up":{"uv":[9.375,13.625,8.75,13.0],"rotation":0,"texture":"#0","tintindex":0},"west":{"uv":[5.25,13.0,5.875,13.625],"rotation":0,"texture":"#0","tintindex":0}}},{"name":"cube","from":[6.061734,8.74078,7.3543277],"to":[8.461735,11.74078,9.754328],"rotation":{"angle":0.0,"axis":"x","origin":[6.6617346,10.540779,8.554328]},"faces":{"down":{"uv":[15.125,11.75,14.625,12.25],"rotation":0,"texture":"#0","tintindex":0},"east":{"uv":[5.625,14.25,6.125,14.875],"rotation":0,"texture":"#0","tintindex":0},"north":{"uv":[6.125,14.25,5.625,14.875],"rotation":0,"texture":"#0","tintindex":0},"south":{"uv":[6.125,14.25,5.625,14.875],"rotation":0,"texture":"#0","tintindex":0},"up":{"uv":[11.875,15.125,11.375,14.625],"rotation":0,"texture":"#0","tintindex":0},"west":{"uv":[3.5,14.375,4.0,15.0],"rotation":0,"texture":"#0","tintindex":0}}},{"name":"cube","from":[3.0617347,8.1407795,7.654328],"to":[6.6617346,9.94078,10.054328],"rotation":{"angle":0.0,"axis":"x","origin":[6.6617346,10.540779,8.554328]},"faces":{"down":{"uv":[14.25,5.25,13.5,5.75],"rotation":0,"texture":"#0","tintindex":0},"east":{"uv":[8.75,15.125,9.25,15.5],"rotation":0,"texture":"#0","tintindex":0},"north":{"uv":[15.25,3.0,14.5,3.375],"rotation":0,"texture":"#0","tintindex":0},"south":{"uv":[14.5,4.125,15.25,4.5],"rotation":0,"texture":"#0","tintindex":0},"up":{"uv":[3.375,14.0,2.625,13.5],"rotation":0,"texture":"#0","tintindex":0},"west":{"uv":[15.125,9.0,15.625,9.375],"rotation":0,"texture":"#0","tintindex":0}}},{"name":"cube","from":[7.261735,11.440781,7.654328],"to":[9.061735,13.840781,9.454329],"rotation":{"angle":-22.5,"axis":"z","origin":[7.261735,13.240781,8.554328]},"faces":{"down":{"uv":[13.0,15.125,12.625,15.5],"rotation":0,"texture":"#0","tintindex":0},"east":{"uv":[5.125,15.125,5.5,15.625],"rotation":0,"texture":"#0","tintindex":0},"north":{"uv":[5.5,15.125,5.125,15.625],"rotation":0,"texture":"#0","tintindex":0},"south":{"uv":[5.5,15.125,5.125,15.625],"rotation":0,"texture":"#0","tintindex":0},"up":{"uv":[15.5,12.625,15.125,12.25],"rotation":0,"texture":"#0","tintindex":0},"west":{"uv":[5.125,15.125,5.5,15.625],"rotation":0,"texture":"#0","tintindex":0}}},{"name":"cube","from":[9.082056,13.059348,7.9543276],"to":[10.282057,15.459349,9.154327],"rotation":{"angle":-45.0,"axis":"z","origin":[8.782056,14.559348,8.554328]},"faces":{"down":{"uv":[11.0,7.0,10.75,7.25],"rotation":0,"texture":"#0","tintindex":0},"east":{"uv":[13.875,15.125,14.125,15.625],"rotation":0,"texture":"#0","tintindex":0},"north":{"uv":[14.125,15.125,13.875,15.625],"rotation":0,"texture":"#0","tintindex":0},"south":{"uv":[14.125,15.125,13.875,15.625],"rotation":0,"texture":"#0","tintindex":0},"up":{"uv":[10.875,5.625,10.625,5.375],"rotation":0,"texture":"#0","tintindex":0},"west":{"uv":[0.875,15.25,1.125,15.75],"rotation":0,"texture":"#0","tintindex":0}}},{"name":"cube","from":[3.4987998,14.148801,7.0987997],"to":[8.3012,16.5512,9.5012],"rotation":{"angle":0.0,"axis":"x","origin":[1.9999998,6.5,13.400001]},"faces":{"down":{"uv":[11.875,2.0,12.875,2.5],"rotation":0,"texture":"#0","tintindex":0},"east":{"uv":[15.125,11.25,14.625,11.75],"rotation":0,"texture":"#0","tintindex":0},"north":{"uv":[2.625,11.875,3.625,12.375],"rotation":0,"texture":"#0","tintindex":0},"south":{"uv":[1.0,11.875,0.0,12.375],"rotation":0,"texture":"#0","tintindex":0},"up":{"uv":[11.875,2.5,12.875,2.0],"rotation":0,"texture":"#0","tintindex":0},"west":{"uv":[14.625,13.125,15.125,13.625],"rotation":0,"texture":"#0","tintindex":0}}}],"display":{"head":{"translation":[0.0,-6.4,0.0],"rotation":[0.0,0.0,0.0],"scale":[3.8095,3.8095,3.8095]}}}