{"textures":{"0":"modelengine:entity/crate5"},"elements":[{"name":"cube","from":[-2.6851954,16.722836,4.1],"to":[2.1148047,19.122837,7.1],"rotation":{"angle":-22.5,"axis":"z","origin":[0.49999976,18.2,5.6]},"faces":{"down":{"uv":[11.125,4.125,10.125,4.75],"rotation":0,"texture":"#0","tintindex":0},"east":{"uv":[7.125,13.75,7.75,14.25],"rotation":0,"texture":"#0","tintindex":0},"north":{"uv":[3.625,11.375,4.625,11.875],"rotation":0,"texture":"#0","tintindex":0},"south":{"uv":[4.625,11.375,3.625,11.875],"rotation":0,"texture":"#0","tintindex":0},"up":{"uv":[2.125,10.75,1.125,10.125],"rotation":0,"texture":"#0","tintindex":0},"west":{"uv":[7.75,13.75,8.375,14.25],"rotation":0,"texture":"#0","tintindex":0}}},{"name":"cube","from":[-4.7889504,20.26649,4.7],"to":[-1.7889504,22.06649,6.5],"rotation":{"angle":-45.0,"axis":"z","origin":[-4.4889503,19.966492,5.6]},"faces":{"down":{"uv":[1.625,14.875,1.0,15.25],"rotation":0,"texture":"#0","tintindex":0},"east":{"uv":[10.0,15.125,10.375,15.5],"rotation":0,"texture":"#0","tintindex":0},"north":{"uv":[11.875,14.75,12.5,15.125],"rotation":0,"texture":"#0","tintindex":0},"south":{"uv":[12.5,14.75,11.875,15.125],"rotation":0,"texture":"#0","tintindex":0},"up":{"uv":[14.5,15.125,13.875,14.75],"rotation":0,"texture":"#0","tintindex":0},"west":{"uv":[10.375,15.125,10.75,15.5],"rotation":0,"texture":"#0","tintindex":0}}}],"display":{"head":{"translation":[0.0,-6.4,0.0],"rotation":[0.0,0.0,0.0],"scale":[3.8095,3.8095,3.8095]}}}