{"textures":{"0":"modelengine:entity/sm_artoriasknight"},"elements":[{"name":"cube","from":[6.6751995,6.9870925,6.30387],"to":[9.3248005,11.296533,9.483391],"rotation":{"angle":0.0,"axis":"x","origin":[8.0,7.5870924,6.436351]},"faces":{"down":{"uv":[12.375,5.5,11.875,6.125],"rotation":0,"texture":"#0","tintindex":0},"east":{"uv":[2.75,10.625,3.375,11.375],"rotation":0,"texture":"#0","tintindex":0},"north":{"uv":[9.875,11.625,10.375,12.375],"rotation":0,"texture":"#0","tintindex":0},"south":{"uv":[7.0,11.75,7.5,12.5],"rotation":0,"texture":"#0","tintindex":0},"up":{"uv":[5.75,9.375,5.25,8.75],"rotation":0,"texture":"#0","tintindex":0},"west":{"uv":[10.625,3.5,11.25,4.25],"rotation":0,"texture":"#0","tintindex":0}}},{"name":"cube","from":[6.14528,11.296533,6.833791],"to":[9.85472,12.886293,10.013311],"rotation":{"angle":0.0,"axis":"x","origin":[8.0,7.5870924,6.436351]},"faces":{"down":{"uv":[11.375,4.25,10.625,4.875],"rotation":0,"texture":"#0","tintindex":0},"east":{"uv":[8.875,5.875,9.5,6.25],"rotation":0,"texture":"#0","tintindex":0},"north":{"uv":[12.5,5.125,13.25,5.5],"rotation":0,"texture":"#0","tintindex":0},"south":{"uv":[12.5,6.75,13.25,7.125],"rotation":0,"texture":"#0","tintindex":0},"up":{"uv":[4.875,11.25,4.125,10.625],"rotation":0,"texture":"#0","tintindex":0},"west":{"uv":[6.875,12.875,7.5,13.25],"rotation":0,"texture":"#0","tintindex":0}}},{"name":"cube","from":[9.58976,11.698729,8.069846],"to":[10.11968,13.288489,11.249366],"rotation":{"angle":-22.5,"axis":"x","origin":[8.00096,11.963689,9.262166]},"faces":{"down":{"uv":[4.125,11.375,4.0,12.0],"rotation":0,"texture":"#0","tintindex":0},"east":{"uv":[12.875,7.875,13.5,8.25],"rotation":0,"texture":"#0","tintindex":0},"north":{"uv":[3.125,4.125,3.25,4.5],"rotation":0,"texture":"#0","tintindex":0},"south":{"uv":[8.625,1.5,8.75,1.875],"rotation":0,"texture":"#0","tintindex":0},"up":{"uv":[10.625,4.125,10.5,3.5],"rotation":0,"texture":"#0","tintindex":0},"west":{"uv":[8.0,12.875,8.625,13.25],"rotation":0,"texture":"#0","tintindex":0}}},{"name":"cube","from":[9.58976,11.168808,7.539926],"to":[10.11968,11.698729,10.189526],"rotation":{"angle":-22.5,"axis":"x","origin":[8.00096,11.963689,9.262166]},"faces":{"down":{"uv":[2.25,12.375,2.125,12.875],"rotation":0,"texture":"#0","tintindex":0},"east":{"uv":[11.375,5.5,11.875,5.625],"rotation":0,"texture":"#0","tintindex":0},"north":{"uv":[6.0,4.625,6.125,4.75],"rotation":0,"texture":"#0","tintindex":0},"south":{"uv":[7.125,4.5,7.25,4.625],"rotation":0,"texture":"#0","tintindex":0},"up":{"uv":[4.875,11.75,4.75,11.25],"rotation":0,"texture":"#0","tintindex":0},"west":{"uv":[12.5,4.75,13.0,4.875],"rotation":0,"texture":"#0","tintindex":0}}},{"name":"cube","from":[6.6751995,11.948892,5.408371],"to":[9.3248005,12.47881,7.1306114],"rotation":{"angle":-22.5,"axis":"x","origin":[8.0,12.213852,6.269491]},"faces":{"down":{"uv":[13.75,5.125,13.25,5.5],"rotation":0,"texture":"#0","tintindex":0},"east":{"uv":[0.75,5.875,1.125,6.0],"rotation":0,"texture":"#0","tintindex":0},"north":{"uv":[14.375,2.0,14.875,2.125],"rotation":0,"texture":"#0","tintindex":0},"south":{"uv":[5.625,14.375,6.125,14.5],"rotation":0,"texture":"#0","tintindex":0},"up":{"uv":[13.75,4.0,13.25,3.625],"rotation":0,"texture":"#0","tintindex":0},"west":{"uv":[7.875,6.75,8.25,6.875],"rotation":0,"texture":"#0","tintindex":0}}},{"name":"cube","from":[6.94016,10.570698,4.220318],"to":[9.05984,11.630538,5.8100777],"rotation":{"angle":-22.5,"axis":"x","origin":[8.0,11.100618,5.0151978]},"faces":{"down":{"uv":[13.75,7.375,13.25,7.75],"rotation":0,"texture":"#0","tintindex":0},"east":{"uv":[2.75,6.0,3.125,6.25],"rotation":0,"texture":"#0","tintindex":0},"north":{"uv":[13.875,11.125,14.375,11.375],"rotation":0,"texture":"#0","tintindex":0},"south":{"uv":[14.0,10.0,14.5,10.25],"rotation":0,"texture":"#0","tintindex":0},"up":{"uv":[13.75,7.125,13.25,6.75],"rotation":0,"texture":"#0","tintindex":0},"west":{"uv":[6.25,9.375,6.625,9.625],"rotation":0,"texture":"#0","tintindex":0}}},{"name":"cube","from":[7.07264,9.797363,4.066821],"to":[8.927361,11.122164,4.861701],"rotation":{"angle":0.0,"axis":"x","origin":[8.0,10.539251,4.331781]},"faces":{"down":{"uv":[1.5,10.875,1.125,11.0],"rotation":0,"texture":"#0","tintindex":0},"east":{"uv":[6.125,5.625,6.25,5.875],"rotation":0,"texture":"#0","tintindex":0},"north":{"uv":[10.25,6.5,10.625,6.75],"rotation":0,"texture":"#0","tintindex":0},"south":{"uv":[4.125,10.375,4.5,10.625],"rotation":0,"texture":"#0","tintindex":0},"up":{"uv":[7.0,8.625,6.625,8.5],"rotation":0,"texture":"#0","tintindex":0},"west":{"uv":[2.75,10.375,2.875,10.625],"rotation":0,"texture":"#0","tintindex":0}}},{"name":"cube","from":[7.47008,8.914525,4.253542],"to":[8.52992,9.974365,4.783462],"rotation":{"angle":-22.5,"axis":"x","origin":[8.0,9.444444,4.518502]},"faces":{"down":{"uv":[9.5,0.5,9.25,0.625],"rotation":0,"texture":"#0","tintindex":0},"east":{"uv":[10.875,10.375,11.0,10.625],"rotation":0,"texture":"#0","tintindex":0},"north":{"uv":[14.375,5.75,14.625,6.0],"rotation":0,"texture":"#0","tintindex":0},"south":{"uv":[14.375,6.0,14.625,6.25],"rotation":0,"texture":"#0","tintindex":0},"up":{"uv":[4.75,8.75,4.5,8.625],"rotation":0,"texture":"#0","tintindex":0},"west":{"uv":[11.125,3.25,11.25,3.5],"rotation":0,"texture":"#0","tintindex":0}}},{"name":"cube","from":[7.7823725,10.754658,4.846913],"to":[9.372133,11.814497,7.7614727],"rotation":{"angle":-22.5,"axis":"x","origin":[8.00096,10.772179,6.033543]},"faces":{"down":{"uv":[9.0,12.875,8.625,13.5],"rotation":0,"texture":"#0","tintindex":0},"east":{"uv":[13.75,1.625,14.375,1.875],"rotation":0,"texture":"#0","tintindex":0},"north":{"uv":[10.625,8.75,11.0,9.0],"rotation":0,"texture":"#0","tintindex":0},"south":{"uv":[11.875,3.75,12.25,4.0],"rotation":0,"texture":"#0","tintindex":0},"up":{"uv":[4.0,13.5,3.625,12.875],"rotation":0,"texture":"#0","tintindex":0},"west":{"uv":[13.75,1.875,14.375,2.125],"rotation":0,"texture":"#0","tintindex":0}}},{"name":"cube","from":[9.372133,9.164896,4.846913],"to":[9.372133,10.754658,7.496513],"rotation":{"angle":-22.5,"axis":"x","origin":[8.00096,10.772179,6.033543]},"faces":{"down":{"uv":[0.0,0.0,0.0,0.5],"rotation":0,"texture":"#0","tintindex":0},"east":{"uv":[13.25,8.625,13.75,9.0],"rotation":0,"texture":"#0","tintindex":0},"north":{"uv":[0.0,0.0,0.0,0.375],"rotation":0,"texture":"#0","tintindex":0},"south":{"uv":[0.0,0.0,0.0,0.375],"rotation":0,"texture":"#0","tintindex":0},"up":{"uv":[0.0,0.5,0.0,0.0],"rotation":0,"texture":"#0","tintindex":0},"west":{"uv":[13.25,9.25,13.75,9.625],"rotation":0,"texture":"#0","tintindex":0}}},{"name":"cube","from":[6.41024,12.62133,6.833791],"to":[9.58976,13.151252,10.013311],"rotation":{"angle":-22.5,"axis":"x","origin":[8.0,12.886293,8.423552]},"faces":{"down":{"uv":[8.625,11.625,8.0,12.25],"rotation":0,"texture":"#0","tintindex":0},"east":{"uv":[11.75,8.25,12.375,8.375],"rotation":0,"texture":"#0","tintindex":0},"north":{"uv":[10.875,1.375,11.5,1.5],"rotation":0,"texture":"#0","tintindex":0},"south":{"uv":[14.125,7.625,14.75,7.75],"rotation":0,"texture":"#0","tintindex":0},"up":{"uv":[12.25,1.375,11.625,0.75],"rotation":0,"texture":"#0","tintindex":0},"west":{"uv":[14.125,9.5,14.75,9.625],"rotation":0,"texture":"#0","tintindex":0}}},{"name":"cube","from":[7.20512,12.479218,7.851731],"to":[8.79488,14.06898,10.501331],"rotation":{"angle":-22.5,"axis":"x","origin":[8.0,13.2740965,9.176531]},"faces":{"down":{"uv":[4.875,6.25,4.5,6.75],"rotation":0,"texture":"#0","tintindex":0},"east":{"uv":[11.125,13.25,11.625,13.625],"rotation":0,"texture":"#0","tintindex":0},"north":{"uv":[13.75,6.75,14.125,7.125],"rotation":0,"texture":"#0","tintindex":0},"south":{"uv":[13.75,7.375,14.125,7.75],"rotation":0,"texture":"#0","tintindex":0},"up":{"uv":[1.5,5.125,1.125,4.625],"rotation":0,"texture":"#0","tintindex":0},"west":{"uv":[13.25,11.375,13.75,11.75],"rotation":0,"texture":"#0","tintindex":0}}},{"name":"cube","from":[7.47008,12.171859,6.621873],"to":[8.52992,13.231699,8.211633],