{"textures":{"0":"modelengine:entity/sm_artoriasknight"},"elements":[{"name":"cube","from":[5.0843964,-2.8319354,6.7169447],"to":[7.304396,-1.2119346,8.936945],"rotation":{"angle":0.0,"axis":"x","origin":[7.994396,-11.771935,5.4269447]},"faces":{"down":{"uv":[10.375,12.75,10.875,13.25],"rotation":0,"texture":"#0","tintindex":0},"east":{"uv":[14.125,0.375,13.625,0.75],"rotation":0,"texture":"#0","tintindex":0},"north":{"uv":[14.0,12.5,13.5,12.875],"rotation":0,"texture":"#0","tintindex":0},"south":{"uv":[0.5,13.625,0.0,14.0],"rotation":0,"texture":"#0","tintindex":0},"up":{"uv":[12.75,9.75,13.25,9.25],"rotation":0,"texture":"#0","tintindex":0},"west":{"uv":[13.875,13.5,13.375,13.875],"rotation":0,"texture":"#0","tintindex":0}}},{"name":"cube","from":[4.994396,-2.3219347,7.3769445],"to":[7.3943963,-0.3719349,9.326944],"rotation":{"angle":-45.0,"axis":"x","origin":[6.194396,-1.7219348,7.826945]},"faces":{"down":{"uv":[13.625,5.875,14.125,6.25],"rotation":0,"texture":"#0","tintindex":0},"east":{"uv":[14.375,7.75,14.0,8.125],"rotation":0,"texture":"#0","tintindex":0},"north":{"uv":[1.0,13.625,0.5,14.0],"rotation":0,"texture":"#0","tintindex":0},"south":{"uv":[14.125,1.25,13.625,1.625],"rotation":0,"texture":"#0","tintindex":0},"up":{"uv":[13.625,2.5,14.125,2.125],"rotation":0,"texture":"#0","tintindex":0},"west":{"uv":[14.375,6.25,14.0,6.625],"rotation":0,"texture":"#0","tintindex":0}}},{"name":"cube","from":[4.964396,-1.0716043,6.4030104],"to":[7.424396,1.388396,9.463011],"rotation":{"angle":0.0,"axis":"x","origin":[6.194396,-1.1916041,7.933011]},"faces":{"down":{"uv":[11.625,12.25,12.125,12.875],"rotation":0,"texture":"#0","tintindex":0},"east":{"uv":[1.5,12.375,2.125,12.875],"rotation":0,"texture":"#0","tintindex":0},"north":{"uv":[12.75,11.375,13.25,11.875],"rotation":0,"texture":"#0","tintindex":0},"south":{"uv":[13.25,11.375,12.75,11.875],"rotation":0,"texture":"#0","tintindex":0},"up":{"uv":[11.625,12.875,12.125,12.25],"rotation":0,"texture":"#0","tintindex":0},"west":{"uv":[2.125,12.375,1.5,12.875],"rotation":0,"texture":"#0","tintindex":0}}},{"name":"cube","from":[4.574396,-0.08160448,6.7930107],"to":[7.8143964,2.5583954,9.433011],"rotation":{"angle":45.0,"axis":"x","origin":[6.194396,1.6583959,7.933011]},"faces":{"down":{"uv":[8.875,11.0,9.625,11.625],"rotation":0,"texture":"#0","tintindex":0},"east":{"uv":[12.125,11.625,11.5,12.25],"rotation":0,"texture":"#0","tintindex":0},"north":{"uv":[1.875,11.0,1.125,11.625],"rotation":0,"texture":"#0","tintindex":0},"south":{"uv":[8.875,11.0,8.125,11.625],"rotation":0,"texture":"#0","tintindex":0},"up":{"uv":[11.0,9.375,11.75,8.75],"rotation":0,"texture":"#0","tintindex":0},"west":{"uv":[11.5,11.625,10.875,12.25],"rotation":0,"texture":"#0","tintindex":0}}},{"name":"cube","from":[4.5443964,1.2341313,5.813305],"to":[7.8443966,3.9341314,9.713305],"rotation":{"angle":0.0,"axis":"x","origin":[6.194396,1.2341313,7.763305]},"faces":{"down":{"uv":[7.0,9.625,7.75,10.5],"rotation":0,"texture":"#0","tintindex":0},"east":{"uv":[10.25,2.875,11.125,3.5],"rotation":0,"texture":"#0","tintindex":0},"north":{"uv":[10.375,11.0,9.625,11.625],"rotation":0,"texture":"#0","tintindex":0},"south":{"uv":[11.75,10.375,11.0,11.0],"rotation":0,"texture":"#0","tintindex":0},"up":{"uv":[6.25,10.5,7.0,9.625],"rotation":0,"texture":"#0","tintindex":0},"west":{"uv":[11.125,2.875,10.25,3.5],"rotation":0,"texture":"#0","tintindex":0}}},{"name":"cube","from":[4.4543962,3.6941314,5.573305],"to":[7.9343963,4.774132,10.253305],"rotation":{"angle":0.0,"axis":"x","origin":[6.194396,1.2341313,7.763305]},"faces":{"down":{"uv":[9.125,8.25,9.875,9.25],"rotation":0,"texture":"#0","tintindex":0},"east":{"uv":[12.625,1.5,13.625,1.75],"rotation":0,"texture":"#0","tintindex":0},"north":{"uv":[8.0,5.375,7.25,5.625],"rotation":0,"texture":"#0","tintindex":0},"south":{"uv":[11.125,5.625,10.375,5.875],"rotation":0,"texture":"#0","tintindex":0},"up":{"uv":[9.125,8.25,9.875,7.25],"rotation":0,"texture":"#0","tintindex":0},"west":{"uv":[13.625,1.5,12.625,1.75],"rotation":0,"texture":"#0","tintindex":0}}},{"name":"cube","from":[4.094396,4.3841314,5.513305],"to":[8.294396,8.584131,10.313305],"rotation":{"angle":0.0,"axis":"x","origin":[6.194396,1.2341313,7.763305]},"faces":{"down":{"uv":[2.875,7.75,3.75,8.75],"rotation":0,"texture":"#0","tintindex":0},"east":{"uv":[2.0,7.75,1.0,8.625],"rotation":0,"texture":"#0","tintindex":0},"north":{"uv":[9.125,4.5,8.25,5.375],"rotation":0,"texture":"#0","tintindex":0},"south":{"uv":[9.125,6.75,8.25,7.625],"rotation":0,"texture":"#0","tintindex":0},"up":{"uv":[2.0,8.75,2.875,7.75],"rotation":0,"texture":"#0","tintindex":0},"west":{"uv":[2.0,7.75,1.0,8.625],"rotation":0,"texture":"#0","tintindex":0}}},{"name":"cube","from":[4.4543962,6.8141317,6.2933054],"to":[7.9343963,10.894133,10.373306],"rotation":{"angle":45.0,"axis":"x","origin":[6.194396,8.884131,7.9133053]},"faces":{"down":{"uv":[9.875,7.25,10.625,8.125],"rotation":0,"texture":"#0","tintindex":0},"east":{"uv":[9.25,2.75,8.375,3.625],"rotation":0,"texture":"#0","tintindex":0},"north":{"uv":[0.75,9.75,0.0,10.625],"rotation":0,"texture":"#0","tintindex":0},"south":{"uv":[3.625,9.75,2.875,10.625],"rotation":0,"texture":"#0","tintindex":0},"up":{"uv":[4.5,10.625,5.25,9.75],"rotation":0,"texture":"#0","tintindex":0},"west":{"uv":[9.125,7.625,8.25,8.5],"rotation":0,"texture":"#0","tintindex":0}}},{"name":"cube","from":[4.214396,4.5041313,10.103306],"to":[8.1743965,8.464132,11.063305],"rotation":{"angle":0.0,"axis":"x","origin":[6.194396,1.2341313,7.763305]},"faces":{"down":{"uv":[13.25,1.0,14.125,1.25],"rotation":0,"texture":"#0","tintindex":0},"east":{"uv":[8.25,13.25,8.5,14.125],"rotation":0,"texture":"#0","tintindex":0},"north":{"uv":[6.625,8.5,5.75,9.375],"rotation":0,"texture":"#0","tintindex":0},"south":{"uv":[9.125,8.5,8.25,9.375],"rotation":0,"texture":"#0","tintindex":0},"up":{"uv":[13.0,4.875,13.875,4.625],"rotation":0,"texture":"#0","tintindex":0},"west":{"uv":[8.5,13.25,8.25,14.125],"rotation":0,"texture":"#0","tintindex":0}}},{"name":"cube","from":[4.4843965,3.7241316,9.863306],"to":[7.9043965,4.7441316,10.883305],"rotation":{"angle":22.5,"axis":"x","origin":[6.194396,4.2341313,10.313305]},"faces":{"down":{"uv":[13.5,12.875,14.25,13.125],"rotation":0,"texture":"#0","tintindex":0},"east":{"uv":[12.75,14.375,12.5,14.625],"rotation":0,"texture":"#0","tintindex":0},"north":{"uv":[14.125,4.375,13.375,4.625],"rotation":0,"texture":"#0","tintindex":0},"south":{"uv":[14.25,7.125,13.5,7.375],"rotation":0,"texture":"#0","tintindex":0},"up":{"uv":[13.5,9.25,14.25,9.0],"rotation":0,"texture":"#0","tintindex":0},"west":{"uv":[14.625,11.125,14.375,11.375],"rotation":0,"texture":"#0","tintindex":0}}},{"name":"cube","from":[4.574396,1.8641315,9.443306],"to":[7.8143964,4.5041313,10.283305],"rotation":{"angle":22.5,"axis":"x","origin":[6.194396,3.1841314,9.863306]},"faces":{"down":{"uv":[13.625,2.5,14.375,2.75],"rotation":0,"texture":"#0","tintindex":0},"east":{"uv":[4.875,13.75,4.625,14.375],"rotation":0,"texture":"#0","tintindex":0},"north":{"uv":[11.75,11.0,11.0,11.625],"rotation":0,"texture":"#0","tintindex":0},"south":{"uv":[11.875,2.0,11.125,2.625],"rotation":0,"texture":"#0","tintindex":0},"up":{"uv":[13.625,1.0,14.375,0.75],"rotation":0,"texture":"#0","tintindex":0},"west":{"uv":[4.625,13.75,4.375,14.375],"rotation":0,"texture":"#0","tintindex":0}}},{"name":"cube","from":[4.996691,-0.8016043,5.8954945],"to":[6.3166914,1.118396,6.6154943],"rotation":{"angle":22.5,"axis":"y","origin":[6.172487,0.15839577,6.227971]},"faces":{"down":{"uv":[14.25,9.0,14.625,9.25],"rotation":0,"texture":"#0","tintindex":0},"east":{"uv":[9.875,14.125,9.625,14.625],"rotation":0,"texture":"#0","tintindex":0},"north":{"uv":[14.0,6.25,13.625,6.75],"rotation":0,"texture":"#0","tintindex":0},"south":{"uv":[11.5,13.625,11.125,14.125],"rotation":0,"texture":"#0","tintindex":0},"up":{"uv":[14.25,7.375,14.625,7.125],"rotation":0,"texture":"#0","tintindex":0},"west":{"uv":[14.375,8.5,14.125,9.0],