{"textures":{"0":"modelengine:entity/sm_artoriasknight"},"elements":[{"name":"cube","from":[7.9015718,6.1699953,3.9908512],"to":[9.1615715,8.629995,6.4508514],"rotation":{"angle":0.0,"axis":"x","origin":[7.6915717,7.3999953,5.2508516]},"faces":{"down":{"uv":[14.25,12.625,14.5,13.125],"rotation":0,"texture":"#0","tintindex":0},"east":{"uv":[3.625,12.875,3.125,13.375],"rotation":0,"texture":"#0","tintindex":0},"north":{"uv":[14.5,10.25,14.25,10.75],"rotation":0,"texture":"#0","tintindex":0},"south":{"uv":[14.5,11.625,14.25,12.125],"rotation":0,"texture":"#0","tintindex":0},"up":{"uv":[14.25,12.625,14.5,12.125],"rotation":0,"texture":"#0","tintindex":0},"west":{"uv":[2.5,12.875,2.0,13.375],"rotation":0,"texture":"#0","tintindex":0}}},{"name":"cube","from":[8.501572,6.199995,2.3708513],"to":[8.501572,8.599996,4.770851],"rotation":{"angle":0.0,"axis":"x","origin":[7.6915717,7.3999953,5.2508516]},"faces":{"down":{"uv":[0.0,0.0,0.0,0.5],"rotation":0,"texture":"#0","tintindex":0},"east":{"uv":[4.5,12.875,5.0,13.375],"rotation":0,"texture":"#0","tintindex":0},"north":{"uv":[0.0,0.0,0.0,0.5],"rotation":0,"texture":"#0","tintindex":0},"south":{"uv":[0.0,0.0,0.0,0.5],"rotation":0,"texture":"#0","tintindex":0},"up":{"uv":[0.0,0.5,0.0,0.0],"rotation":0,"texture":"#0","tintindex":0},"west":{"uv":[5.0,12.875,4.5,13.375],"rotation":0,"texture":"#0","tintindex":0}}},{"name":"cube","from":[7.184846,6.199995,10.65849],"to":[7.184846,8.599996,13.05849],"rotation":{"angle":0.0,"axis":"x","origin":[7.6915717,7.3999953,8.891764]},"faces":{"down":{"uv":[0.0,0.5,0.0,0.0],"rotation":0,"texture":"#0","tintindex":0},"east":{"uv":[5.0,12.875,4.5,13.375],"rotation":0,"texture":"#0","tintindex":0},"north":{"uv":[0.0,0.0,0.0,0.5],"rotation":0,"texture":"#0","tintindex":0},"south":{"uv":[0.0,0.0,0.0,0.5],"rotation":0,"texture":"#0","tintindex":0},"up":{"uv":[0.0,0.0,0.0,0.5],"rotation":0,"texture":"#0","tintindex":0},"west":{"uv":[4.5,12.875,5.0,13.375],"rotation":0,"texture":"#0","tintindex":0}}},{"name":"cube","from":[6.6448455,6.1699953,8.97849],"to":[7.9048457,8.629995,11.43849],"rotation":{"angle":0.0,"axis":"x","origin":[7.6915717,7.3999953,8.891764]},"faces":{"down":{"uv":[14.25,13.125,14.5,12.625],"rotation":0,"texture":"#0","tintindex":0},"east":{"uv":[3.125,12.875,3.625,13.375],"rotation":0,"texture":"#0","tintindex":0},"north":{"uv":[14.25,11.625,14.5,12.125],"rotation":0,"texture":"#0","tintindex":0},"south":{"uv":[14.25,10.25,14.5,10.75],"rotation":0,"texture":"#0","tintindex":0},"up":{"uv":[14.25,12.125,14.5,12.625],"rotation":0,"texture":"#0","tintindex":0},"west":{"uv":[2.0,12.875,2.5,13.375],"rotation":0,"texture":"#0","tintindex":0}}},{"name":"cube","from":[7.007985,6.1700125,6.2593365],"to":[8.267985,8.630014,9.739336],"rotation":{"angle":0.0,"axis":"x","origin":[7.637985,7.4000125,8.299337]},"faces":{"down":{"uv":[2.25,13.75,2.5,14.5],"rotation":0,"texture":"#0","tintindex":0},"east":{"uv":[12.625,2.0,11.875,2.5],"rotation":0,"texture":"#0","tintindex":0},"north":{"uv":[14.5,13.125,14.25,13.625],"rotation":0,"texture":"#0","tintindex":0},"south":{"uv":[13.5,14.25,13.25,14.75],"rotation":0,"texture":"#0","tintindex":0},"up":{"uv":[2.0,14.5,2.25,13.75],"rotation":0,"texture":"#0","tintindex":0},"west":{"uv":[2.25,11.875,1.5,12.375],"rotation":0,"texture":"#0","tintindex":0}}}],"display":{"head":{"translation":[0.0,-6.4,0.0],"rotation":[0.0,0.0,0.0],"scale":[3.8095,3.8095,3.8095]}}}