{"textures":{"0":"modelengine:entity/sm_artoriasknight"},"elements":[{"name":"cube","from":[6.059258,6.485508,6.8599997],"to":[7.1392584,8.165508,9.139999],"rotation":{"angle":-22.5,"axis":"z","origin":[7.2880883,5.6625247,8.0]},"faces":{"down":{"uv":[12.0,14.0,12.25,14.5],"rotation":0,"texture":"#0","tintindex":0},"east":{"uv":[12.625,13.25,12.125,13.625],"rotation":0,"texture":"#0","tintindex":0},"north":{"uv":[0.75,14.375,0.5,14.75],"rotation":0,"texture":"#0","tintindex":0},"south":{"uv":[14.625,0.75,14.375,1.125],"rotation":0,"texture":"#0","tintindex":0},"up":{"uv":[14.0,12.25,14.25,11.75],"rotation":0,"texture":"#0","tintindex":0},"west":{"uv":[12.125,13.25,11.625,13.625],"rotation":0,"texture":"#0","tintindex":0}}},{"name":"cube","from":[7.678088,6.202525,6.74],"to":[8.398088,8.122525,7.46],"rotation":{"angle":0.0,"axis":"x","origin":[8.038088,7.1625247,4.1]},"faces":{"down":{"uv":[10.875,14.375,11.125,14.625],"rotation":0,"texture":"#0","tintindex":0},"east":{"uv":[14.375,1.0,14.125,1.5],"rotation":0,"texture":"#0","tintindex":0},"north":{"uv":[12.5,14.0,12.25,14.5],"rotation":0,"texture":"#0","tintindex":0},"south":{"uv":[14.25,13.875,14.0,14.375],"rotation":0,"texture":"#0","tintindex":0},"up":{"uv":[10.625,14.625,10.875,14.375],"rotation":0,"texture":"#0","tintindex":0},"west":{"uv":[14.25,12.25,14.0,12.75],"rotation":0,"texture":"#0","tintindex":0}}},{"name":"cube","from":[7.5280886,4.042525,6.98],"to":[8.368088,6.6825247,7.8199997],"rotation":{"angle":22.5,"axis":"z","origin":[6.599258,3.9995413,8.0]},"faces":{"down":{"uv":[6.625,14.125,6.875,14.625],"rotation":0,"texture":"#0","tintindex":0},"east":{"uv":[12.5,6.75,12.0,7.375],"rotation":0,"texture":"#0","tintindex":0},"north":{"uv":[4.125,13.75,3.875,14.375],"rotation":0,"texture":"#0","tintindex":0},"south":{"uv":[4.375,13.75,4.125,14.375],"rotation":0,"texture":"#0","tintindex":0},"up":{"uv":[14.125,6.25,14.375,5.75],"rotation":0,"texture":"#0","tintindex":0},"west":{"uv":[12.5,6.125,12.0,6.75],"rotation":0,"texture":"#0","tintindex":0}}},{"name":"cube","from":[6.903824,4.4549494,8.030001],"to":[7.7438235,7.094949,8.87],"rotation":{"angle":22.5,"axis":"z","origin":[7.3238235,5.774949,8.45]},"faces":{"down":{"uv":[6.625,14.125,6.875,14.625],"rotation":0,"texture":"#0","tintindex":0},"east":{"uv":[12.5,6.75,12.0,7.375],"rotation":0,"texture":"#0","tintindex":0},"north":{"uv":[4.125,13.75,3.875,14.375],"rotation":0,"texture":"#0","tintindex":0},"south":{"uv":[4.375,13.75,4.125,14.375],"rotation":0,"texture":"#0","tintindex":0},"up":{"uv":[14.125,6.25,14.375,5.75],"rotation":0,"texture":"#0","tintindex":0},"west":{"uv":[12.5,6.125,12.0,6.75],"rotation":0,"texture":"#0","tintindex":0}}}],"display":{"head":{"translation":[0.0,-6.4,0.0],"rotation":[0.0,0.0,0.0],"scale":[3.8095,3.8095,3.8095]}}}