{"textures":{"0":"modelengine:entity/sm_artoriasknight"},"elements":[{"name":"cube","from":[8.860743,6.485508,6.8599997],"to":[9.9407425,8.165508,9.139999],"rotation":{"angle":22.5,"axis":"z","origin":[8.711912,5.6625247,8.0]},"faces":{"down":{"uv":[12.25,14.0,12.0,14.5],"rotation":0,"texture":"#0","tintindex":0},"east":{"uv":[11.625,13.25,12.125,13.625],"rotation":0,"texture":"#0","tintindex":0},"north":{"uv":[0.5,14.375,0.75,14.75],"rotation":0,"texture":"#0","tintindex":0},"south":{"uv":[14.375,0.75,14.625,1.125],"rotation":0,"texture":"#0","tintindex":0},"up":{"uv":[14.25,12.25,14.0,11.75],"rotation":0,"texture":"#0","tintindex":0},"west":{"uv":[12.125,13.25,12.625,13.625],"rotation":0,"texture":"#0","tintindex":0}}},{"name":"cube","from":[7.601912,6.202525,6.74],"to":[8.321912,8.122525,7.46],"rotation":{"angle":0.0,"axis":"x","origin":[7.9619117,7.1625247,4.1]},"faces":{"down":{"uv":[11.125,14.375,10.875,14.625],"rotation":0,"texture":"#0","tintindex":0},"east":{"uv":[14.0,12.25,14.25,12.75],"rotation":0,"texture":"#0","tintindex":0},"north":{"uv":[12.25,14.0,12.5,14.5],"rotation":0,"texture":"#0","tintindex":0},"south":{"uv":[14.0,13.875,14.25,14.375],"rotation":0,"texture":"#0","tintindex":0},"up":{"uv":[10.875,14.625,10.625,14.375],"rotation":0,"texture":"#0","tintindex":0},"west":{"uv":[14.125,1.0,14.375,1.5],"rotation":0,"texture":"#0","tintindex":0}}},{"name":"cube","from":[7.6319118,4.042525,6.98],"to":[8.471911,6.6825247,7.8199997],"rotation":{"angle":-22.5,"axis":"z","origin":[9.400742,3.9995413,8.0]},"faces":{"down":{"uv":[6.875,14.125,6.625,14.625],"rotation":0,"texture":"#0","tintindex":0},"east":{"uv":[12.0,6.125,12.5,6.75],"rotation":0,"texture":"#0","tintindex":0},"north":{"uv":[3.875,13.75,4.125,14.375],"rotation":0,"texture":"#0","tintindex":0},"south":{"uv":[4.125,13.75,4.375,14.375],"rotation":0,"texture":"#0","tintindex":0},"up":{"uv":[14.375,6.25,14.125,5.75],"rotation":0,"texture":"#0","tintindex":0},"west":{"uv":[12.0,6.75,12.5,7.375],"rotation":0,"texture":"#0","tintindex":0}}},{"name":"cube","from":[8.256176,4.4549494,8.030001],"to":[9.096176,7.094949,8.87],"rotation":{"angle":-22.5,"axis":"z","origin":[8.676176,5.774949,8.45]},"faces":{"down":{"uv":[6.875,14.125,6.625,14.625],"rotation":0,"texture":"#0","tintindex":0},"east":{"uv":[12.0,6.125,12.5,6.75],"rotation":0,"texture":"#0","tintindex":0},"north":{"uv":[3.875,13.75,4.125,14.375],"rotation":0,"texture":"#0","tintindex":0},"south":{"uv":[4.125,13.75,4.375,14.375],"rotation":0,"texture":"#0","tintindex":0},"up":{"uv":[14.375,6.25,14.125,5.75],"rotation":0,"texture":"#0","tintindex":0},"west":{"uv":[12.0,6.75,12.5,7.375],"rotation":0,"texture":"#0","tintindex":0}}}],"display":{"head":{"translation":[0.0,-6.4,0.0],"rotation":[0.0,0.0,0.0],"scale":[3.8095,3.8095,3.8095]}}}