{"textures":{"0":"modelengine:entity/crate4"},"elements":[{"from":[7.511335,9.917534,7.5802097],"to":[9.22562,11.060391,9.294496],"rotation":{"angle":-22.5,"axis":"z","origin":[8.024139,6.9667826,7.428571]},"faces":{"east":{"uv":[14.25,7.25,14.625,7.5],"rotation":0,"texture":"#0","tintindex":0},"south":{"uv":[14.625,7.25,14.25,7.5],"rotation":0,"texture":"#0","tintindex":0},"north":{"uv":[0.75,12.25,1.125,12.5],"rotation":0,"texture":"#0","tintindex":0},"west":{"uv":[14.25,7.25,14.625,7.5],"rotation":0,"texture":"#0","tintindex":0},"up":{"uv":[2.625,15.25,2.25,14.875],"rotation":0,"texture":"#0","tintindex":0},"down":{"uv":[15.25,2.25,14.875,2.625],"rotation":0,"texture":"#0","tintindex":0}}},{"from":[8.082764,11.060391,7.5802097],"to":[9.22562,12.203249,8.723067],"rotation":{"angle":-22.5,"axis":"z","origin":[8.024139,6.9667826,7.428571]},"faces":{"east":{"uv":[6.375,13.25,6.625,13.5],"rotation":0,"texture":"#0","tintindex":0},"south":{"uv":[6.625,13.25,6.375,13.5],"rotation":0,"texture":"#0","tintindex":0},"north":{"uv":[4.0,11.375,4.25,11.625],"rotation":0,"texture":"#0","tintindex":0},"west":{"uv":[6.375,13.25,6.625,13.5],"rotation":0,"texture":"#0","tintindex":0},"up":{"uv":[15.5,15.25,15.25,15.0],"rotation":0,"texture":"#0","tintindex":0},"down":{"uv":[15.5,15.25,15.25,15.5],"rotation":0,"texture":"#0","tintindex":0}}},{"from":[7.511335,6.4889627,7.008781],"to":[9.797049,7.6318197,9.294496],"rotation":{"angle":-22.5,"axis":"z","origin":[8.024139,6.9667826,7.428571]},"faces":{"east":{"uv":[13.0,8.75,13.5,9.0],"rotation":0,"texture":"#0","tintindex":0},"south":{"uv":[5.125,13.0,5.625,13.25],"rotation":0,"texture":"#0","tintindex":0},"north":{"uv":[5.125,13.0,5.625,13.25],"rotation":0,"texture":"#0","tintindex":0},"west":{"uv":[5.625,13.0,5.125,13.25],"rotation":0,"texture":"#0","tintindex":0},"up":{"uv":[5.75,9.0,5.25,8.5],"rotation":0,"texture":"#0","tintindex":0},"down":{"uv":[2.625,10.875,2.125,11.375],"rotation":0,"texture":"#0","tintindex":0}}},{"from":[6.939906,7.6318197,7.008781],"to":[9.797049,9.917534,9.865924],"rotation":{"angle":-22.5,"axis":"z","origin":[8.024139,6.9667826,7.428571]},"faces":{"east":{"uv":[13.625,6.625,14.25,7.125],"rotation":0,"texture":"#0","tintindex":0},"south":{"uv":[2.625,11.75,3.25,12.25],"rotation":0,"texture":"#0","tintindex":0},"north":{"uv":[2.625,11.75,3.25,12.25],"rotation":0,"texture":"#0","tintindex":0},"west":{"uv":[3.25,11.75,2.625,12.25],"rotation":0,"texture":"#0","tintindex":0},"up":{"uv":[13.5,9.625,12.875,9.0],"rotation":0,"texture":"#0","tintindex":0},"down":{"uv":[13.5,9.625,12.875,10.25],"rotation":0,"texture":"#0","tintindex":0}}}],"display":{"head":{"translation":[0.0,-6.4,0.0],"scale":[4.0,4.0,4.0]}}}