{"textures":{"0":"modelengine:entity/crate4"},"elements":[{"from":[7.511335,6.4889627,6.134076],"to":[9.797049,7.6318197,8.41979],"rotation":{"angle":-22.5,"axis":"z","origin":[8.024139,6.9667826,-2.285715]},"faces":{"east":{"uv":[5.125,13.0,5.625,13.25],"rotation":0,"texture":"#0","tintindex":0},"south":{"uv":[5.625,13.0,5.125,13.25],"rotation":0,"texture":"#0","tintindex":0},"north":{"uv":[5.625,13.0,5.125,13.25],"rotation":0,"texture":"#0","tintindex":0},"west":{"uv":[5.125,13.0,5.625,13.25],"rotation":0,"texture":"#0","tintindex":0},"up":{"uv":[14.75,8.75,14.25,8.25],"rotation":0,"texture":"#0","tintindex":0},"down":{"uv":[2.625,11.375,2.125,10.875],"rotation":0,"texture":"#0","tintindex":0}}},{"from":[6.939906,7.6318197,5.5626473],"to":[9.797049,9.917534,8.41979],"rotation":{"angle":-22.5,"axis":"z","origin":[8.024139,6.9667826,-2.285715]},"faces":{"east":{"uv":[14.25,6.625,13.625,7.125],"rotation":0,"texture":"#0","tintindex":0},"south":{"uv":[13.625,6.625,14.25,7.125],"rotation":0,"texture":"#0","tintindex":0},"north":{"uv":[13.625,6.625,14.25,7.125],"rotation":0,"texture":"#0","tintindex":0},"west":{"uv":[14.25,6.625,13.625,7.125],"rotation":0,"texture":"#0","tintindex":0},"up":{"uv":[13.5,9.0,12.875,9.625],"rotation":0,"texture":"#0","tintindex":0},"down":{"uv":[13.625,1.125,13.0,1.75],"rotation":0,"texture":"#0","tintindex":0}}},{"from":[7.511335,9.917534,6.134076],"to":[9.22562,11.060391,7.848362],"rotation":{"angle":-22.5,"axis":"z","origin":[8.024139,6.9667826,-2.285715]},"faces":{"east":{"uv":[14.625,7.25,14.25,7.5],"rotation":0,"texture":"#0","tintindex":0},"south":{"uv":[14.25,7.25,14.625,7.5],"rotation":0,"texture":"#0","tintindex":0},"north":{"uv":[14.25,7.25,14.625,7.5],"rotation":0,"texture":"#0","tintindex":0},"west":{"uv":[14.625,7.25,14.25,7.5],"rotation":0,"texture":"#0","tintindex":0},"up":{"uv":[2.625,14.875,2.25,15.25],"rotation":0,"texture":"#0","tintindex":0},"down":{"uv":[3.375,14.875,3.0,15.25],"rotation":0,"texture":"#0","tintindex":0}}},{"from":[8.082764,11.060391,6.7055044],"to":[9.22562,12.203249,7.848362],"rotation":{"angle":-22.5,"axis":"z","origin":[8.024139,6.9667826,-2.285715]},"faces":{"east":{"uv":[6.625,13.25,6.375,13.5],"rotation":0,"texture":"#0","tintindex":0},"south":{"uv":[6.375,13.25,6.625,13.5],"rotation":0,"texture":"#0","tintindex":0},"north":{"uv":[6.375,13.25,6.625,13.5],"rotation":0,"texture":"#0","tintindex":0},"west":{"uv":[6.625,13.25,6.375,13.5],"rotation":0,"texture":"#0","tintindex":0},"up":{"uv":[15.5,15.0,15.25,15.25],"rotation":0,"texture":"#0","tintindex":0},"down":{"uv":[15.625,2.0,15.375,2.25],"rotation":0,"texture":"#0","tintindex":0}}}],"display":{"head":{"translation":[0.0,-6.4,0.0],"scale":[4.0,4.0,4.0]}}}