{"textures":{"0":"modelengine:entity/crate4"},"elements":[{"from":[7.2588134,11.060391,6.7055044],"to":[8.40167,12.203249,7.848362],"rotation":{"angle":22.5,"axis":"z","origin":[8.503792,7.1854587,-2.285715]},"faces":{"east":{"uv":[6.375,13.25,6.625,13.5],"rotation":0,"texture":"#0","tintindex":0},"south":{"uv":[6.625,13.25,6.375,13.5],"rotation":0,"texture":"#0","tintindex":0},"north":{"uv":[6.625,13.25,6.375,13.5],"rotation":0,"texture":"#0","tintindex":0},"west":{"uv":[6.375,13.25,6.625,13.5],"rotation":0,"texture":"#0","tintindex":0},"up":{"uv":[15.25,15.0,15.5,15.25],"rotation":0,"texture":"#0","tintindex":0},"down":{"uv":[6.5,15.375,6.25,15.625],"rotation":0,"texture":"#0","tintindex":0}}},{"from":[6.6873846,6.4889627,6.134076],"to":[8.973099,7.6318197,8.41979],"rotation":{"angle":22.5,"axis":"z","origin":[8.503792,7.1854587,-2.285715]},"faces":{"east":{"uv":[5.625,13.0,5.125,13.25],"rotation":0,"texture":"#0","tintindex":0},"south":{"uv":[5.125,13.0,5.625,13.25],"rotation":0,"texture":"#0","tintindex":0},"north":{"uv":[5.125,13.0,5.625,13.25],"rotation":0,"texture":"#0","tintindex":0},"west":{"uv":[5.625,13.0,5.125,13.25],"rotation":0,"texture":"#0","tintindex":0},"up":{"uv":[11.5,14.75,11.0,14.25],"rotation":0,"texture":"#0","tintindex":0},"down":{"uv":[2.125,11.375,2.625,10.875],"rotation":0,"texture":"#0","tintindex":0}}},{"from":[6.6873846,7.6318197,5.5626473],"to":[9.544528,9.917534,8.41979],"rotation":{"angle":22.5,"axis":"z","origin":[8.503792,7.1854587,-2.285715]},"faces":{"east":{"uv":[13.625,6.625,14.25,7.125],"rotation":0,"texture":"#0","tintindex":0},"south":{"uv":[14.25,6.625,13.625,7.125],"rotation":0,"texture":"#0","tintindex":0},"north":{"uv":[14.25,6.625,13.625,7.125],"rotation":0,"texture":"#0","tintindex":0},"west":{"uv":[13.625,6.625,14.25,7.125],"rotation":0,"texture":"#0","tintindex":0},"up":{"uv":[12.875,9.0,13.5,9.625],"rotation":0,"texture":"#0","tintindex":0},"down":{"uv":[13.625,2.375,13.0,3.0],"rotation":0,"texture":"#0","tintindex":0}}},{"from":[7.2588134,9.917534,6.134076],"to":[8.973099,11.060391,7.848362],"rotation":{"angle":22.5,"axis":"z","origin":[8.503792,7.1854587,-2.285715]},"faces":{"east":{"uv":[14.25,7.25,14.625,7.5],"rotation":0,"texture":"#0","tintindex":0},"south":{"uv":[14.625,7.25,14.25,7.5],"rotation":0,"texture":"#0","tintindex":0},"north":{"uv":[14.625,7.25,14.25,7.5],"rotation":0,"texture":"#0","tintindex":0},"west":{"uv":[14.25,7.25,14.625,7.5],"rotation":0,"texture":"#0","tintindex":0},"up":{"uv":[2.25,14.875,2.625,15.25],"rotation":0,"texture":"#0","tintindex":0},"down":{"uv":[3.75,14.875,3.375,15.25],"rotation":0,"texture":"#0","tintindex":0}}}],"display":{"head":{"translation":[0.0,-6.4,0.0],"scale":[4.0,4.0,4.0]}}}