{"textures":{"0":"modelengine:entity/crate4"},"elements":[{"from":[1.7142854,10.857143,3.7142854],"to":[14.285715,16.0,12.285715],"rotation":{"angle":0.0,"axis":"y","origin":[8.285714,9.142858,8.285714]},"faces":{"east":{"uv":[9.75,6.5,11.625,7.625],"rotation":0,"texture":"#0","tintindex":0},"south":{"uv":[3.0,7.375,5.75,8.5],"rotation":0,"texture":"#0","tintindex":0},"north":{"uv":[3.0,7.375,5.75,8.5],"rotation":0,"texture":"#0","tintindex":0},"west":{"uv":[9.75,6.5,11.625,7.625],"rotation":0,"texture":"#0","tintindex":0},"up":{"uv":[9.75,7.125,7.0,5.25],"rotation":0,"texture":"#0","tintindex":0},"down":{"uv":[9.75,7.125,7.0,9.0],"rotation":0,"texture":"#0","tintindex":0}}},{"from":[0.5714283,9.714286,2.5714283],"to":[3.4285712,13.142858,5.428571],"rotation":{"angle":0.0,"axis":"y","origin":[8.285714,9.142858,8.285714]},"faces":{"east":{"uv":[2.0,12.5,2.625,13.25],"rotation":0,"texture":"#0","tintindex":0},"south":{"uv":[2.625,12.5,2.0,13.25],"rotation":0,"texture":"#0","tintindex":0},"north":{"uv":[1.375,12.5,2.0,13.25],"rotation":0,"texture":"#0","tintindex":0},"west":{"uv":[2.0,12.5,1.375,13.25],"rotation":0,"texture":"#0","tintindex":0},"up":{"uv":[13.625,5.125,13.0,4.5],"rotation":0,"texture":"#0","tintindex":0},"down":{"uv":[13.625,7.5,13.0,8.125],"rotation":0,"texture":"#0","tintindex":0}}},{"from":[12.571428,9.714286,2.5714283],"to":[15.428572,13.142858,5.428571],"rotation":{"angle":0.0,"axis":"y","origin":[8.285714,9.142858,7.714286]},"faces":{"east":{"uv":[1.375,12.5,2.0,13.25],"rotation":0,"texture":"#0","tintindex":0},"south":{"uv":[2.0,12.5,2.625,13.25],"rotation":0,"texture":"#0","tintindex":0},"north":{"uv":[2.0,12.5,1.375,13.25],"rotation":0,"texture":"#0","tintindex":0},"west":{"uv":[2.625,12.5,2.0,13.25],"rotation":0,"texture":"#0","tintindex":0},"up":{"uv":[13.0,5.125,13.625,4.5],"rotation":0,"texture":"#0","tintindex":0},"down":{"uv":[5.125,13.0,4.5,13.625],"rotation":0,"texture":"#0","tintindex":0}}},{"from":[1.1428566,13.142858,3.142857],"to":[3.4285712,14.285715,5.428571],"rotation":{"angle":0.0,"axis":"y","origin":[8.285714,9.142858,8.285714]},"faces":{"east":{"uv":[14.875,14.125,15.375,14.375],"rotation":0,"texture":"#0","tintindex":0},"south":{"uv":[15.375,14.125,14.875,14.375],"rotation":0,"texture":"#0","tintindex":0},"north":{"uv":[14.875,13.875,15.375,14.125],"rotation":0,"texture":"#0","tintindex":0},"west":{"uv":[15.375,13.875,14.875,14.125],"rotation":0,"texture":"#0","tintindex":0},"up":{"uv":[0.5,14.875,0.0,14.375],"rotation":0,"texture":"#0","tintindex":0},"down":{"uv":[14.875,0.25,14.375,0.75],"rotation":0,"texture":"#0","tintindex":0}}},{"from":[1.1428566,13.142858,10.571428],"to":[3.4285712,14.285715,12.857143],"rotation":{"angle":0.0,"axis":"y","origin":[8.285714,9.142858,8.285714]},"faces":{"east":{"uv":[15.375,14.125,14.875,14.375],"rotation":0,"texture":"#0","tintindex":0},"south":{"uv":[15.375,13.875,14.875,14.125],"rotation":0,"texture":"#0","tintindex":0},"north":{"uv":[14.875,14.125,15.375,14.375],"rotation":0,"texture":"#0","tintindex":0},"west":{"uv":[14.875,13.875,15.375,14.125],"rotation":0,"texture":"#0","tintindex":0},"up":{"uv":[1.0,14.875,0.5,14.375],"rotation":0,"texture":"#0","tintindex":0},"down":{"uv":[1.5,14.375,1.0,14.875],"rotation":0,"texture":"#0","tintindex":0}}},{"from":[12.571428,13.142858,3.142857],"to":[14.857143,14.285715,5.428571],"rotation":{"angle":0.0,"axis":"y","origin":[8.285714,9.142858,8.285714]},"faces":{"east":{"uv":[14.875,13.875,15.375,14.125],"rotation":0,"texture":"#0","tintindex":0},"south":{"uv":[14.875,14.125,15.375,14.375],"rotation":0,"texture":"#0","tintindex":0},"north":{"uv":[15.375,13.875,14.875,14.125],"rotation":0,"texture":"#0","tintindex":0},"west":{"uv":[15.375,14.125,14.875,14.375],"rotation":0,"texture":"#0","tintindex":0},"up":{"uv":[3.0,14.875,2.5,14.375],"rotation":0,"texture":"#0","tintindex":0},"down":{"uv":[3.5,14.375,3.0,14.875],"rotation":0,"texture":"#0","tintindex":0}}},{"from":[12.571428,13.142858,10.571428],"to":[14.857143,14.285715,12.857143],"rotation":{"angle":0.0,"axis":"y","origin":[8.285714,9.142858,8.285714]},"faces":{"east":{"uv":[15.375,13.875,14.875,14.125],"rotation":0,"texture":"#0","tintindex":0},"south":{"uv":[14.875,13.875,15.375,14.125],"rotation":0,"texture":"#0","tintindex":0},"north":{"uv":[15.375,14.125,14.875,14.375],"rotation":0,"texture":"#0","tintindex":0},"west":{"uv":[14.875,14.125,15.375,14.375],"rotation":0,"texture":"#0","tintindex":0},"up":{"uv":[2.0,14.875,1.5,14.375],"rotation":0,"texture":"#0","tintindex":0},"down":{"uv":[2.5,14.375,2.0,14.875],"rotation":0,"texture":"#0","tintindex":0}}},{"from":[12.571428,9.714286,10.571428],"to":[15.428572,13.142858,13.428572],"rotation":{"angle":0.0,"axis":"y","origin":[8.285714,9.142858,7.714286]},"faces":{"east":{"uv":[2.0,12.5,1.375,13.25],"rotation":0,"texture":"#0","tintindex":0},"south":{"uv":[1.375,12.5,2.0,13.25],"rotation":0,"texture":"#0","tintindex":0},"north":{"uv":[2.625,12.5,2.0,13.25],"rotation":0,"texture":"#0","tintindex":0},"west":{"uv":[2.0,12.5,2.625,13.25],"rotation":0,"texture":"#0","tintindex":0},"up":{"uv":[13.0,4.5,13.625,5.125],"rotation":0,"texture":"#0","tintindex":0},"down":{"uv":[1.25,13.25,0.625,13.875],"rotation":0,"texture":"#0","tintindex":0}}},{"from":[12.0,14.285715,10.0],"to":[15.428572,16.0,13.428572],"rotation":{"angle":0.0,"axis":"y","origin":[8.285714,9.142858,7.714286]},"faces":{"east":{"uv":[14.125,1.125,14.875,1.5],"rotation":0,"texture":"#0","tintindex":0},"south":{"uv":[14.125,1.125,14.875,1.5],"rotation":0,"texture":"#0","tintindex":0},"north":{"uv":[14.125,1.125,14.875,1.5],"rotation":0,"texture":"#0","tintindex":0},"west":{"uv":[14.125,1.125,14.875,1.5],"rotation":0,"texture":"#0","tintindex":0},"up":{"uv":[9.625,5.25,8.875,4.5],"rotation":0,"texture":"#0","tintindex":0},"down":{"uv":[0.0,13.0,0.75,12.25],"rotation":0,"texture":"#0","tintindex":0}}},{"from":[-0.57142925,16.0,1.9999995],"to":[16.57143,17.142857,14.0],"rotation":{"angle":0.0,"axis":"y","origin":[8.285714,9.142858,7.714286]},"faces":{"east":{"uv":[12.125,0.0,14.75,0.25],"rotation":0,"texture":"#0","tintindex":0},"south":{"uv":[10.375,4.25,14.125,4.5],"rotation":0,"texture":"#0","tintindex":0},"north":{"uv":[10.375,4.25,14.125,4.5],"rotation":0,"texture":"#0","tintindex":0},"west":{"uv":[12.125,0.0,14.75,0.25],"rotation":0,"texture":"#0","tintindex":0},"up":{"uv":[7.75,2.625,4.0,0.0],"rotation":0,"texture":"#0","tintindex":0},"down":{"uv":[4.0,2.875,0.0,0.0],"rotation":0,"texture":"#0","tintindex":0}}},{"from":[12.0,14.285715,2.5714283],"to":[15.428572,16.0,6.0],"rotation":{"angle":0.0,"axis":"y","origin":[8.285714,9.142858,7.714286]},"faces":{"east":{"uv":[14.125,1.125,14.875,1.5],"rotation":0,"texture":"#0","tintindex":0},"south":{"uv":[14.125,1.125,14.875,1.5],"rotation":0,"texture":"#0","tintindex":0},"north":{"uv":[14.125,1.125,14.875,1.5],"rotation":0,"texture":"#0","tintindex":0},"west":{"uv":[14.125,1.125,14.875,1.5],"rotation":0,"texture":"#0","tintindex":0},"up":{"uv":[2.625,12.5,1.875,11.75],"rotation":0,"texture":"#0","tintindex":0},"down":{"uv":[0.0,12.25,0.75,13.0],"rotation":0,"texture":"#0","tintindex":0}}},{"from":[0.5714283,14.285715,10.0],"to":[4.0,16.0,13.428572],"rotation":{"angle":0.0,"axis":"y","origin":[8.285714,9.142858,7.714286]},"faces":{"east":{"uv":[14.125,1.125,14.875,1.5],"rotation":0,"texture":"#0","tintindex":0},"south":{"uv":[14.125,1.125,14.875,1.5],"rotation":0,"texture":"#0","tintindex":0},"north":{"uv":[14.125,1.125,14.875,1.5],"rotation":0,"texture":"#0","tintindex":0},"west":{"uv":[14.125,1.125,14.875,1.5],"rotation":0,"texture":"#0","tintindex":0},"up":{"uv":[3.375,13.0,2.625,12.25],"rotation":0,"texture":"#0","tintindex":0},"down":{"uv":[0.75,13.0,0.0,12.25],"rotation":0,"texture":"#0","tintindex":0}}},{"from":[0.5714283,14.285715,2.5714283],"to":[4.0,16.0,6.0],"rotation":{"angle":0.0,"axis":"y","origin":[8.285714,9.142858,7.714286]},"faces":{"east":{"uv":[14.125,1.125,14.875,1.5],"rotation":0,"texture":"#0",