{"textures":{"0":"modelengine:entity/crate4"},"elements":[{"from":[-7.4285717,9.714286,-1.7142859],"to":[-6.8571434,13.714286,5.714286],"rotation":{"angle":0.0,"axis":"y","origin":[1.7142854,3.7142854,5.428571]},"faces":{"east":{"uv":[10.5,9.0,12.125,9.875],"rotation":0,"texture":"#0","tintindex":0},"south":{"uv":[13.875,15.125,14.0,16.0],"rotation":0,"texture":"#0","tintindex":0},"north":{"uv":[5.875,14.875,6.0,15.75],"rotation":0,"texture":"#0","tintindex":0},"west":{"uv":[10.5,9.875,12.125,10.75],"rotation":0,"texture":"#0","tintindex":0},"up":{"uv":[4.0,7.375,3.875,5.75],"rotation":0,"texture":"#0","tintindex":0},"down":{"uv":[7.0,7.375,6.875,9.0],"rotation":0,"texture":"#0","tintindex":0}}},{"from":[6.285714,9.714286,-1.7142859],"to":[6.285714,13.714286,5.714286],"rotation":{"angle":0.0,"axis":"y","origin":[1.7142854,3.7142854,5.428571]},"faces":{"east":{"uv":[10.5,9.875,12.125,10.75],"rotation":0,"texture":"#0","tintindex":0},"south":{"uv":[0.0,0.0,0.0,0.875],"rotation":0,"texture":"#0","tintindex":0},"north":{"uv":[0.0,0.0,0.0,0.875],"rotation":0,"texture":"#0","tintindex":0},"west":{"uv":[2.625,10.5,4.25,11.375],"rotation":0,"texture":"#0","tintindex":0},"up":{"uv":[0.0,1.625,0.0,0.0],"rotation":0,"texture":"#0","tintindex":0},"down":{"uv":[0.0,0.0,0.0,1.625],"rotation":0,"texture":"#0","tintindex":0}}},{"from":[-6.5714293,12.121873,0.0],"to":[5.428571,14.407587,4.0],"rotation":{"angle":0.0,"axis":"y","origin":[-0.57142925,3.8361583,0.85714245]},"faces":{"east":{"uv":[12.75,6.75,13.625,7.25],"rotation":0,"texture":"#0","tintindex":0},"south":{"uv":[10.5,10.75,13.125,11.25],"rotation":0,"texture":"#0","tintindex":0},"north":{"uv":[10.375,3.75,13.0,4.25],"rotation":0,"texture":"#0","tintindex":0},"west":{"uv":[11.5,12.75,12.375,13.25],"rotation":0,"texture":"#0","tintindex":0},"up":{"uv":[5.25,10.5,2.625,9.625],"rotation":0,"texture":"#0","tintindex":0},"down":{"uv":[12.375,4.5,9.75,5.375],"rotation":0,"texture":"#0","tintindex":0}}},{"from":[-6.5714293,9.342466,-2.0559807],"to":[5.428571,12.19961,3.0868773],"rotation":{"angle":45.0,"axis":"x","origin":[-0.57142925,10.771038,1.6583056]},"faces":{"east":{"uv":[4.375,11.625,5.5,12.25],"rotation":0,"texture":"#0","tintindex":0},"south":{"uv":[10.375,2.375,13.0,3.0],"rotation":0,"texture":"#0","tintindex":0},"north":{"uv":[10.375,1.75,13.0,2.375],"rotation":0,"texture":"#0","tintindex":0},"west":{"uv":[11.625,5.375,12.75,6.0],"rotation":0,"texture":"#0","tintindex":0},"up":{"uv":[5.25,9.625,2.625,8.5],"rotation":0,"texture":"#0","tintindex":0},"down":{"uv":[2.625,9.0,0.0,10.125],"rotation":0,"texture":"#0","tintindex":0}}},{"from":[-6.5714293,7.428571,-1.7142859],"to":[5.428571,10.857143,3.4285712],"rotation":{"angle":22.5,"axis":"x","origin":[-0.57142925,12.285715,1.9999995]},"faces":{"east":{"uv":[5.75,8.125,6.875,8.875],"rotation":0,"texture":"#0","tintindex":0},"south":{"uv":[7.875,10.125,10.5,10.875],"rotation":0,"texture":"#0","tintindex":0},"north":{"uv":[5.25,10.125,7.875,10.875],"rotation":0,"texture":"#0","tintindex":0},"west":{"uv":[0.0,10.875,1.125,11.625],"rotation":0,"texture":"#0","tintindex":0},"up":{"uv":[7.875,10.125,5.25,9.0],"rotation":0,"texture":"#0","tintindex":0},"down":{"uv":[10.5,9.0,7.875,10.125],"rotation":0,"texture":"#0","tintindex":0}}},{"from":[-6.5714293,9.342466,0.9131222],"to":[5.428571,12.19961,6.0559797],"rotation":{"angle":-45.0,"axis":"x","origin":[-0.57142925,10.771038,2.3416934]},"faces":{"east":{"uv":[0.0,11.625,1.125,12.25],"rotation":0,"texture":"#0","tintindex":0},"south":{"uv":[10.375,1.75,13.0,2.375],"rotation":0,"texture":"#0","tintindex":0},"north":{"uv":[9.75,8.375,12.375,9.0],"rotation":0,"texture":"#0","tintindex":0},"west":{"uv":[3.25,11.625,4.375,12.25],"rotation":0,"texture":"#0","tintindex":0},"up":{"uv":[10.375,4.5,7.75,3.375],"rotation":0,"texture":"#0","tintindex":0},"down":{"uv":[2.625,7.875,0.0,9.0],"rotation":0,"texture":"#0","tintindex":0}}},{"from":[-6.5714293,7.428571,0.5714283],"to":[5.428571,10.857143,5.714286],"rotation":{"angle":-22.5,"axis":"x","origin":[-0.57142925,12.285715,1.9999995]},"faces":{"east":{"uv":[5.75,7.375,6.875,8.125],"rotation":0,"texture":"#0","tintindex":0},"south":{"uv":[5.25,10.125,7.875,10.875],"rotation":0,"texture":"#0","tintindex":0},"north":{"uv":[9.75,7.625,12.375,8.375],"rotation":0,"texture":"#0","tintindex":0},"west":{"uv":[7.75,4.5,8.875,5.25],"rotation":0,"texture":"#0","tintindex":0},"up":{"uv":[10.375,2.25,7.75,1.125],"rotation":0,"texture":"#0","tintindex":0},"down":{"uv":[10.375,2.25,7.75,3.375],"rotation":0,"texture":"#0","tintindex":0}}},{"from":[-8.857143,12.881872,-2.6879435],"to":[-6.5714293,16.310444,-0.40222836],"rotation":{"angle":45.0,"axis":"x","origin":[-7.714287,12.881872,-2.6879435]},"faces":{"east":{"uv":[14.0,8.75,13.5,9.5],"rotation":0,"texture":"#0","tintindex":0},"south":{"uv":[4.5,13.625,4.0,14.375],"rotation":0,"texture":"#0","tintindex":0},"north":{"uv":[4.5,13.625,4.0,14.375],"rotation":0,"texture":"#0","tintindex":0},"west":{"uv":[13.5,8.75,14.0,9.5],"rotation":0,"texture":"#0","tintindex":0},"up":{"uv":[14.875,5.0,14.375,4.5],"rotation":0,"texture":"#0","tintindex":0},"down":{"uv":[5.5,14.375,5.0,14.875],"rotation":0,"texture":"#0","tintindex":0}}},{"from":[-8.857716,9.713715,-4.0005713],"to":[-6.570858,13.143429,-1.7137146],"rotation":{"angle":22.5,"axis":"x","origin":[-7.714287,9.714286,-4.000001]},"faces":{"east":{"uv":[13.0,13.25,12.5,14.0],"rotation":0,"texture":"#0","tintindex":0},"south":{"uv":[13.625,1.875,14.125,2.625],"rotation":0,"texture":"#0","tintindex":0},"north":{"uv":[14.125,1.875,13.625,2.625],"rotation":0,"texture":"#0","tintindex":0},"west":{"uv":[12.5,13.25,13.0,14.0],"rotation":0,"texture":"#0","tintindex":0},"up":{"uv":[14.875,4.0,14.375,3.5],"rotation":0,"texture":"#0","tintindex":0},"down":{"uv":[4.5,14.375,4.0,14.875],"rotation":0,"texture":"#0","tintindex":0}}},{"from":[-8.857716,13.019953,-0.28628635],"to":[-6.570858,15.30681,4.2862854],"rotation":{"angle":0.0,"axis":"y","origin":[-7.714287,11.877667,3.142857]},"faces":{"east":{"uv":[12.125,0.25,13.125,0.75],"rotation":0,"texture":"#0","tintindex":0},"south":{"uv":[11.5,14.375,12.0,14.875],"rotation":0,"texture":"#0","tintindex":0},"north":{"uv":[5.5,14.375,6.0,14.875],"rotation":0,"texture":"#0","tintindex":0},"west":{"uv":[12.125,0.25,13.125,0.75],"rotation":0,"texture":"#0","tintindex":0},"up":{"uv":[8.625,13.25,9.125,12.25],"rotation":0,"texture":"#0","tintindex":0},"down":{"uv":[8.625,13.25,9.125,12.25],"rotation":0,"texture":"#0","tintindex":0}}},{"from":[-8.857143,11.404281,3.120719],"to":[-6.5714293,14.832852,5.4064336],"rotation":{"angle":-45.0,"axis":"x","origin":[-7.714287,13.689995,4.2635765]},"faces":{"east":{"uv":[6.875,13.5,6.375,14.25],"rotation":0,"texture":"#0","tintindex":0},"south":{"uv":[4.0,13.625,4.5,14.375],"rotation":0,"texture":"#0","tintindex":0},"north":{"uv":[4.0,13.625,4.5,14.375],"rotation":0,"texture":"#0","tintindex":0},"west":{"uv":[6.375,13.5,6.875,14.25],"rotation":0,"texture":"#0","tintindex":0},"up":{"uv":[14.875,4.5,14.375,4.0],"rotation":0,"texture":"#0","tintindex":0},"down":{"uv":[5.0,14.375,4.5,14.875],"rotation":0,"texture":"#0","tintindex":0}}},{"from":[-8.857716,9.713715,5.713714],"to":[-6.570858,13.143429,8.000571],"rotation":{"angle":-22.5,"axis":"x","origin":[-7.714287,9.714286,8.0]},"faces":{"east":{"uv":[12.0,13.25,11.5,14.0],"rotation":0,"texture":"#0","tintindex":0},"south":{"uv":[13.625,1.875,14.125,2.625],"rotation":0,"texture":"#0","tintindex":0},"north":{"uv":[14.125,1.875,13.625,2.625],"rotation":0,"texture":"#0","tintindex":0},"west":{"uv":[11.5,13.25,12.0,14.0],"rotation":0,"texture":"#0","tintindex":0},"up":{"uv":[14.875,3.5,14.375,3.0],"rotation":0,"texture":"#0","tintindex":0},"down":{"uv":[4.0,14.375,3.5,14.875],"rotation":0,"texture":"#0","tintindex":0}}},{"from":[5.428,9.713715,-4.0005713],"to":[7.714857,13.143429,-1.7137146],"rotation":{"angle":22.5,"axis":"x","origin":[6.5714283,9.714286,-4.000001]},