{"textures":{"1":"modelengine:entity/discord2"},"elements":[{"from":[5.142857,8.164606,8.5379095],"to":[6.0,9.021749,9.823624],"rotation":{"angle":0.0,"axis":"y","origin":[8.0,3.7360344,4.6807666]},"faces":{"east":{"uv":[8.875,7.0,9.3125,7.1875],"rotation":0,"texture":"#1","tintindex":0},"south":{"uv":[9.375,4.625,9.5625,4.8125],"rotation":0,"texture":"#1","tintindex":0},"north":{"uv":[4.5,9.375,4.6875,9.5625],"rotation":0,"texture":"#1","tintindex":0},"west":{"uv":[8.875,7.0,9.3125,7.1875],"rotation":0,"texture":"#1","tintindex":0},"up":{"uv":[8.875,7.0,9.3125,7.1875],"rotation":90,"texture":"#1","tintindex":0},"down":{"uv":[9.3125,7.0,8.875,7.1875],"rotation":90,"texture":"#1","tintindex":0}}},{"from":[5.0,8.021749,9.823624],"to":[6.142857,9.164606,10.680767],"rotation":{"angle":0.0,"axis":"y","origin":[8.0,3.7360344,4.6807666]},"faces":{"east":{"uv":[9.375,1.0,9.5625,1.25],"rotation":0,"texture":"#1","tintindex":0},"south":{"uv":[5.0,9.0,5.25,9.25],"rotation":0,"texture":"#1","tintindex":0},"north":{"uv":[9.0,5.125,9.25,5.375],"rotation":0,"texture":"#1","tintindex":0},"west":{"uv":[9.375,1.0,9.5625,1.25],"rotation":0,"texture":"#1","tintindex":0},"up":{"uv":[9.375,1.0,9.5625,1.25],"rotation":90,"texture":"#1","tintindex":0},"down":{"uv":[9.375,1.0,9.5625,1.25],"rotation":90,"texture":"#1","tintindex":0}}},{"from":[4.8571424,7.8788915,10.680767],"to":[6.285714,9.307463,12.966481],"rotation":{"angle":0.0,"axis":"y","origin":[8.0,3.7360344,4.6807666]},"faces":{"east":{"uv":[8.0,3.125,8.5,3.4375],"rotation":0,"texture":"#1","tintindex":0},"south":{"uv":[0.0,8.625,0.3125,8.9375],"rotation":0,"texture":"#1","tintindex":0},"north":{"uv":[0.0,8.625,0.3125,8.9375],"rotation":0,"texture":"#1","tintindex":0},"west":{"uv":[8.0,3.125,8.5,3.4375],"rotation":0,"texture":"#1","tintindex":0},"up":{"uv":[8.0,3.125,8.5,3.4375],"rotation":90,"texture":"#1","tintindex":0},"down":{"uv":[8.0,3.125,8.5,3.4375],"rotation":90,"texture":"#1","tintindex":0}}},{"from":[5.5714283,8.007463,12.966481],"to":[5.5714283,9.15032,14.252195],"rotation":{"angle":0.0,"axis":"y","origin":[8.0,3.7360344,4.6807666]},"faces":{"east":{"uv":[9.3125,1.5,9.0,1.75],"rotation":0,"texture":"#1","tintindex":0},"south":{"uv":[0.0,0.0,0.0,0.25],"rotation":0,"texture":"#1","tintindex":0},"north":{"uv":[0.0,0.0,0.0,0.25],"rotation":0,"texture":"#1","tintindex":0},"west":{"uv":[9.0,1.5,9.3125,1.75],"rotation":0,"texture":"#1","tintindex":0},"up":{"uv":[0.0,0.3125,0.0,0.0],"rotation":0,"texture":"#1","tintindex":0},"down":{"uv":[0.0,0.0,0.0,0.3125],"rotation":0,"texture":"#1","tintindex":0}}},{"from":[5.0,8.578892,12.966481],"to":[6.142857,8.578892,14.252195],"rotation":{"angle":0.0,"axis":"y","origin":[8.0,3.7360344,4.6807666]},"faces":{"east":{"uv":[0.0,0.0,0.3125,0.0],"rotation":0,"texture":"#1","tintindex":0},"south":{"uv":[0.0,0.0,0.25,0.0],"rotation":0,"texture":"#1","tintindex":0},"north":{"uv":[0.0,0.0,0.25,0.0],"rotation":0,"texture":"#1","tintindex":0},"west":{"uv":[0.0,0.0,0.3125,0.0],"rotation":0,"texture":"#1","tintindex":0},"up":{"uv":[9.0,1.5,9.3125,1.75],"rotation":90,"texture":"#1","tintindex":0},"down":{"uv":[9.3125,1.5,9.0,1.75],"rotation":90,"texture":"#1","tintindex":0}}}],"display":{"head":{"translation":[0.0,-6.4,0.0],"scale":[4.0,4.0,4.0]}}}