{"textures":{"1":"modelengine:entity/discord2"},"elements":[{"from":[8.0,6.714286,7.3428574],"to":[8.142858,8.057143,8.685715],"rotation":{"angle":-45.0,"axis":"x","origin":[12.571428,7.714286,7.2]},"faces":{"east":{"uv":[0.75,8.625,1.0625,8.9375],"rotation":0,"texture":"#1","tintindex":0},"south":{"uv":[8.8125,9.8125,8.75,9.5],"rotation":0,"texture":"#1","tintindex":0},"north":{"uv":[8.8125,9.8125,8.75,9.5],"rotation":0,"texture":"#1","tintindex":0},"west":{"uv":[2.375,8.625,2.6875,8.9375],"rotation":0,"texture":"#1","tintindex":0},"up":{"uv":[8.8125,9.8125,8.75,9.5],"rotation":0,"texture":"#1","tintindex":0},"down":{"uv":[8.8125,9.8125,8.75,9.5],"rotation":0,"texture":"#1","tintindex":0}}},{"from":[8.142858,6.428571,7.0571427],"to":[8.714286,8.342857,8.971429],"rotation":{"angle":-45.0,"axis":"x","origin":[12.571428,7.714286,7.2]},"faces":{"east":{"uv":[3.5,7.125,3.9375,7.5625],"rotation":0,"texture":"#1","tintindex":0},"south":{"uv":[5.25,9.6875,5.125,9.25],"rotation":0,"texture":"#1","tintindex":0},"north":{"uv":[5.25,9.6875,5.125,9.25],"rotation":0,"texture":"#1","tintindex":0},"west":{"uv":[7.25,7.0,7.6875,7.4375],"rotation":0,"texture":"#1","tintindex":0},"up":{"uv":[5.25,9.6875,5.125,9.25],"rotation":0,"texture":"#1","tintindex":0},"down":{"uv":[5.25,9.6875,5.125,9.25],"rotation":0,"texture":"#1","tintindex":0}}},{"from":[8.285714,7.0857143,8.914286],"to":[8.714286,7.5714283,10.828571],"rotation":{"angle":-45.0,"axis":"x","origin":[12.571428,7.714286,7.2]},"faces":{"east":{"uv":[0.625,9.6875,0.5,9.25],"rotation":90,"texture":"#1","tintindex":0},"south":{"uv":[1.75,9.625,1.875,9.75],"rotation":0,"texture":"#1","tintindex":0},"north":{"uv":[9.625,1.625,9.75,1.75],"rotation":0,"texture":"#1","tintindex":0},"west":{"uv":[0.5,9.25,0.625,9.6875],"rotation":90,"texture":"#1","tintindex":0},"up":{"uv":[0.625,9.6875,0.5,9.25],"rotation":0,"texture":"#1","tintindex":0},"down":{"uv":[0.625,9.25,0.5,9.6875],"rotation":0,"texture":"#1","tintindex":0}}},{"from":[16.428572,6.428571,7.0571427],"to":[17.0,8.342857,8.971429],"rotation":{"angle":-45.0,"axis":"x","origin":[12.571428,7.714286,7.2]},"faces":{"east":{"uv":[7.25,7.0,7.6875,7.4375],"rotation":0,"texture":"#1","tintindex":0},"south":{"uv":[5.25,9.6875,5.125,9.25],"rotation":0,"texture":"#1","tintindex":0},"north":{"uv":[5.25,9.6875,5.125,9.25],"rotation":0,"texture":"#1","tintindex":0},"west":{"uv":[3.0,7.125,3.4375,7.5625],"rotation":0,"texture":"#1","tintindex":0},"up":{"uv":[5.25,9.6875,5.125,9.25],"rotation":0,"texture":"#1","tintindex":0},"down":{"uv":[5.25,9.6875,5.125,9.25],"rotation":0,"texture":"#1","tintindex":0}}},{"from":[17.0,6.714286,7.3428574],"to":[17.142857,8.057143,8.685715],"rotation":{"angle":-45.0,"axis":"x","origin":[12.571428,7.714286,7.2]},"faces":{"east":{"uv":[2.375,8.625,2.6875,8.9375],"rotation":0,"texture":"#1","tintindex":0},"south":{"uv":[8.8125,9.8125,8.75,9.5],"rotation":0,"texture":"#1","tintindex":0},"north":{"uv":[8.8125,9.8125,8.75,9.5],"rotation":0,"texture":"#1","tintindex":0},"west":{"uv":[8.625,0.625,8.9375,0.9375],"rotation":0,"texture":"#1","tintindex":0},"up":{"uv":[8.8125,9.8125,8.75,9.5],"rotation":0,"texture":"#1","tintindex":0},"down":{"uv":[8.8125,9.8125,8.75,9.5],"rotation":0,"texture":"#1","tintindex":0}}},{"from":[16.428572,7.0857143,8.914286],"to":[16.857143,7.5714283,10.828571],"rotation":{"angle":-45.0,"axis":"x","origin":[12.571428,7.714286,7.2]},"faces":{"east":{"uv":[0.625,9.6875,0.5,9.25],"rotation":90,"texture":"#1","tintindex":0},"south":{"uv":[1.75,9.625,1.875,9.75],"rotation":0,"texture":"#1","tintindex":0},"north":{"uv":[1.5,9.625,1.625,9.75],"rotation":0,"texture":"#1","tintindex":0},"west":{"uv":[0.625,9.6875,0.5,9.25],"rotation":90,"texture":"#1","tintindex":0},"up":{"uv":[0.625,9.6875,0.5,9.25],"rotation":0,"texture":"#1","tintindex":0},"down":{"uv":[0.5,9.25,0.625,9.6875],"rotation":0,"texture":"#1","tintindex":0}}}],"display":{"head":{"translation":[0.0,-6.4,0.0],"scale":[4.0,4.0,4.0]}}}