{"textures":{"1":"modelengine:entity/discord2"},"elements":[{"from":[5.428571,8.0,4.714286],"to":[5.714286,8.285714,8.142858],"rotation":{"angle":0.0,"axis":"y","origin":[8.0,4.0,8.714286]},"faces":{"east":{"uv":[9.25,5.75,10.0,5.8125],"rotation":0,"texture":"#1","tintindex":0},"south":{"uv":[4.0,9.625,4.0625,9.6875],"rotation":0,"texture":"#1","tintindex":0},"north":{"uv":[3.875,9.625,3.9375,9.6875],"rotation":0,"texture":"#1","tintindex":0},"west":{"uv":[9.25,5.75,10.0,5.8125],"rotation":0,"texture":"#1","tintindex":0},"up":{"uv":[9.25,5.75,10.0,5.8125],"rotation":90,"texture":"#1","tintindex":0},"down":{"uv":[10.0,5.75,9.25,5.8125],"rotation":90,"texture":"#1","tintindex":0}}},{"from":[5.428571,8.285714,4.714286],"to":[5.714286,8.571428,5.0],"rotation":{"angle":0.0,"axis":"y","origin":[8.0,4.0,8.714286]},"faces":{"east":{"uv":[9.625,4.375,9.6875,4.4375],"rotation":0,"texture":"#1","tintindex":0},"south":{"uv":[9.625,4.375,9.6875,4.4375],"rotation":0,"texture":"#1","tintindex":0},"north":{"uv":[9.625,4.375,9.6875,4.4375],"rotation":0,"texture":"#1","tintindex":0},"west":{"uv":[9.625,4.375,9.6875,4.4375],"rotation":0,"texture":"#1","tintindex":0},"up":{"uv":[4.5625,9.6875,4.5,9.625],"rotation":0,"texture":"#1","tintindex":0},"down":{"uv":[9.6875,4.5,9.625,4.5625],"rotation":0,"texture":"#1","tintindex":0}}},{"from":[5.3714285,8.571428,4.6571426],"to":[5.771428,9.285714,5.0571427],"rotation":{"angle":0.0,"axis":"y","origin":[8.0,4.0,8.714286]},"faces":{"east":{"uv":[9.625,2.375,9.6875,2.5625],"rotation":0,"texture":"#1","tintindex":0},"south":{"uv":[9.625,2.375,9.6875,2.5625],"rotation":0,"texture":"#1","tintindex":0},"north":{"uv":[9.625,2.375,9.6875,2.5625],"rotation":0,"texture":"#1","tintindex":0},"west":{"uv":[9.625,2.375,9.6875,2.5625],"rotation":0,"texture":"#1","tintindex":0},"up":{"uv":[4.6875,9.6875,4.625,9.625],"rotation":0,"texture":"#1","tintindex":0},"down":{"uv":[9.6875,4.625,9.625,4.6875],"rotation":0,"texture":"#1","tintindex":0}}},{"from":[5.3142858,9.285714,4.6],"to":[5.8285713,9.514286,5.1142855],"rotation":{"angle":0.0,"axis":"y","origin":[8.0,4.0,8.714286]},"faces":{"east":{"uv":[3.375,9.625,3.5,9.6875],"rotation":0,"texture":"#1","tintindex":0},"south":{"uv":[3.375,9.625,3.5,9.6875],"rotation":0,"texture":"#1","tintindex":0},"north":{"uv":[3.375,9.625,3.5,9.6875],"rotation":0,"texture":"#1","tintindex":0},"west":{"uv":[3.375,9.625,3.5,9.6875],"rotation":0,"texture":"#1","tintindex":0},"up":{"uv":[2.75,6.0,2.625,5.875],"rotation":0,"texture":"#1","tintindex":0},"down":{"uv":[1.75,6.375,1.625,6.5],"rotation":0,"texture":"#1","tintindex":0}}},{"from":[5.3714285,9.428572,4.6571426],"to":[5.771428,9.714286,5.0571427],"rotation":{"angle":0.0,"axis":"y","origin":[8.0,4.0,8.714286]},"faces":{"east":{"uv":[9.625,4.875,9.6875,4.9375],"rotation":0,"texture":"#1","tintindex":0},"south":{"uv":[9.625,4.875,9.6875,4.9375],"rotation":0,"texture":"#1","tintindex":0},"north":{"uv":[9.625,4.875,9.6875,4.9375],"rotation":0,"texture":"#1","tintindex":0},"west":{"uv":[9.625,4.875,9.6875,4.9375],"rotation":0,"texture":"#1","tintindex":0},"up":{"uv":[9.6875,5.0625,9.625,5.0],"rotation":0,"texture":"#1","tintindex":0},"down":{"uv":[9.6875,5.125,9.625,5.1875],"rotation":0,"texture":"#1","tintindex":0}}},{"from":[10.285714,8.0,4.714286],"to":[10.571428,8.285714,8.142858],"rotation":{"angle":0.0,"axis":"y","origin":[8.0,4.0,8.714286]},"faces":{"east":{"uv":[9.25,5.75,10.0,5.8125],"rotation":0,"texture":"#1","tintindex":0},"south":{"uv":[9.625,5.25,9.6875,5.3125],"rotation":0,"texture":"#1","tintindex":0},"north":{"uv":[3.875,9.625,3.9375,9.6875],"rotation":0,"texture":"#1","tintindex":0},"west":{"uv":[9.25,5.75,10.0,5.8125],"rotation":0,"texture":"#1","tintindex":0},"up":{"uv":[9.25,5.75,10.0,5.8125],"rotation":90,"texture":"#1","tintindex":0},"down":{"uv":[10.0,5.75,9.25,5.8125],"rotation":90,"texture":"#1","tintindex":0}}},{"from":[10.285714,8.285714,4.714286],"to":[10.571428,8.571428,5.0],"rotation":{"angle":0.0,"axis":"y","origin":[8.0,4.0,8.714286]},"faces":{"east":{"uv":[9.625,4.375,9.6875,4.4375],"rotation":0,"texture":"#1","tintindex":0},"south":{"uv":[9.625,4.375,9.6875,4.4375],"rotation":0,"texture":"#1","tintindex":0},"north":{"uv":[9.625,4.375,9.6875,4.4375],"rotation":0,"texture":"#1","tintindex":0},"west":{"uv":[9.625,4.375,9.6875,4.4375],"rotation":0,"texture":"#1","tintindex":0},"up":{"uv":[5.6875,9.6875,5.625,9.625],"rotation":0,"texture":"#1","tintindex":0},"down":{"uv":[5.8125,9.625,5.75,9.6875],"rotation":0,"texture":"#1","tintindex":0}}},{"from":[10.228572,8.571428,4.6571426],"to":[10.6285715,9.285714,5.0571427],"rotation":{"angle":0.0,"axis":"y","origin":[8.0,4.0,8.714286]},"faces":{"east":{"uv":[9.625,2.375,9.6875,2.5625],"rotation":0,"texture":"#1","tintindex":0},"south":{"uv":[9.625,2.375,9.6875,2.5625],"rotation":0,"texture":"#1","tintindex":0},"north":{"uv":[9.625,2.375,9.6875,2.5625],"rotation":0,"texture":"#1","tintindex":0},"west":{"uv":[9.625,2.375,9.6875,2.5625],"rotation":0,"texture":"#1","tintindex":0},"up":{"uv":[5.9375,9.6875,5.875,9.625],"rotation":0,"texture":"#1","tintindex":0},"down":{"uv":[6.0625,9.625,6.0,9.6875],"rotation":0,"texture":"#1","tintindex":0}}},{"from":[10.171429,9.285714,4.6],"to":[10.685715,9.514286,5.1142855],"rotation":{"angle":0.0,"axis":"y","origin":[8.0,4.0,8.714286]},"faces":{"east":{"uv":[3.375,9.625,3.5,9.6875],"rotation":0,"texture":"#1","tintindex":0},"south":{"uv":[3.375,9.625,3.5,9.6875],"rotation":0,"texture":"#1","tintindex":0},"north":{"uv":[3.375,9.625,3.5,9.6875],"rotation":0,"texture":"#1","tintindex":0},"west":{"uv":[3.375,9.625,3.5,9.6875],"rotation":0,"texture":"#1","tintindex":0},"up":{"uv":[2.75,6.0,2.625,5.875],"rotation":0,"texture":"#1","tintindex":0},"down":{"uv":[1.75,6.375,1.625,6.5],"rotation":0,"texture":"#1","tintindex":0}}},{"from":[10.228572,9.428572,4.6571426],"to":[10.6285715,9.714286,5.0571427],"rotation":{"angle":0.0,"axis":"y","origin":[8.0,4.0,8.714286]},"faces":{"east":{"uv":[9.625,4.875,9.6875,4.9375],"rotation":0,"texture":"#1","tintindex":0},"south":{"uv":[9.625,4.875,9.6875,4.9375],"rotation":0,"texture":"#1","tintindex":0},"north":{"uv":[9.625,4.875,9.6875,4.9375],"rotation":0,"texture":"#1","tintindex":0},"west":{"uv":[9.625,6.75,9.6875,6.8125],"rotation":0,"texture":"#1","tintindex":0},"up":{"uv":[9.6875,5.0625,9.625,5.0],"rotation":0,"texture":"#1","tintindex":0},"down":{"uv":[9.6875,6.875,9.625,6.9375],"rotation":0,"texture":"#1","tintindex":0}}}],"display":{"head":{"translation":[0.0,-6.4,0.0],"scale":[4.0,4.0,4.0]}}}