{"textures":{"1":"modelengine:entity/discord2"},"elements":[{"from":[4.900571,14.429144,7.286286],"to":[5.713714,14.999429,7.9994287],"rotation":{"angle":45.0,"axis":"z","origin":[5.714286,15.0,7.642857]},"faces":{"east":{"uv":[6.375,2.75,6.5625,2.875],"rotation":0,"texture":"#1","tintindex":0},"south":{"uv":[9.25,8.625,9.4375,8.75],"rotation":0,"texture":"#1","tintindex":0},"north":{"uv":[1.375,6.375,1.5625,6.5],"rotation":0,"texture":"#1","tintindex":0},"west":{"uv":[9.375,2.5,9.5625,2.625],"rotation":0,"texture":"#1","tintindex":0},"up":{"uv":[9.5625,1.6875,9.375,1.5],"rotation":0,"texture":"#1","tintindex":0},"down":{"uv":[9.5625,1.75,9.375,1.9375],"rotation":0,"texture":"#1","tintindex":0}}},{"from":[10.285714,14.428572,7.285714],"to":[11.1,15.0,8.0],"rotation":{"angle":-45.0,"axis":"z","origin":[10.285714,15.0,7.642857]},"faces":{"east":{"uv":[9.375,3.75,9.5625,3.875],"rotation":0,"texture":"#1","tintindex":0},"south":{"uv":[9.375,4.875,9.5625,5.0],"rotation":0,"texture":"#1","tintindex":0},"north":{"uv":[9.375,2.75,9.5625,2.875],"rotation":0,"texture":"#1","tintindex":0},"west":{"uv":[9.375,5.375,9.5625,5.5],"rotation":0,"texture":"#1","tintindex":0},"up":{"uv":[9.5625,1.6875,9.375,1.5],"rotation":0,"texture":"#1","tintindex":0},"down":{"uv":[9.5625,2.0,9.375,2.1875],"rotation":0,"texture":"#1","tintindex":0}}},{"from":[5.714286,14.428572,7.285714],"to":[10.285714,15.0,8.0],"rotation":{"angle":0.0,"axis":"y","origin":[8.0,7.5714283,8.285714]},"faces":{"east":{"uv":[5.5,9.375,5.6875,9.5],"rotation":0,"texture":"#1","tintindex":0},"south":{"uv":[8.0,5.25,9.0,5.375],"rotation":0,"texture":"#1","tintindex":0},"north":{"uv":[8.0,5.125,9.0,5.25],"rotation":0,"texture":"#1","tintindex":0},"west":{"uv":[9.375,5.5,9.5625,5.625],"rotation":0,"texture":"#1","tintindex":0},"up":{"uv":[8.125,3.6875,7.125,3.5],"rotation":0,"texture":"#1","tintindex":0},"down":{"uv":[8.375,1.875,7.375,2.0625],"rotation":0,"texture":"#1","tintindex":0}}},{"from":[5.142857,11.857143,7.285714],"to":[10.857143,14.428572,8.0],"rotation":{"angle":0.0,"axis":"y","origin":[8.0,8.0,8.285714]},"faces":{"east":{"uv":[2.125,8.5,2.3125,9.0625],"rotation":0,"texture":"#1","tintindex":0},"south":{"uv":[4.625,0.0,5.875,0.5625],"rotation":0,"texture":"#1","tintindex":0},"north":{"uv":[4.5,3.375,5.75,3.9375],"rotation":0,"texture":"#1","tintindex":0},"west":{"uv":[2.125,8.5,2.3125,9.0625],"rotation":0,"texture":"#1","tintindex":0},"up":{"uv":[8.0,0.8125,6.75,0.625],"rotation":0,"texture":"#1","tintindex":0},"down":{"uv":[8.0,0.875,6.75,1.0625],"rotation":0,"texture":"#1","tintindex":0}}},{"from":[10.286285,14.429144,8.000571],"to":[11.099429,14.999429,8.713715],"rotation":{"angle":-45.0,"axis":"z","origin":[10.285714,15.0,8.357142]},"faces":{"east":{"uv":[6.0,9.375,6.1875,9.5],"rotation":0,"texture":"#1","tintindex":0},"south":{"uv":[9.375,7.125,9.5625,7.25],"rotation":0,"texture":"#1","tintindex":0},"north":{"uv":[5.75,9.375,5.9375,9.5],"rotation":0,"texture":"#1","tintindex":0},"west":{"uv":[6.75,9.375,6.9375,9.5],"rotation":0,"texture":"#1","tintindex":0},"up":{"uv":[2.9375,9.5625,2.75,9.375],"rotation":0,"texture":"#1","tintindex":0},"down":{"uv":[2.5625,9.375,2.375,9.5625],"rotation":0,"texture":"#1","tintindex":0}}},{"from":[5.714286,14.428572,8.0],"to":[10.285714,15.0,8.714286],"rotation":{"angle":0.0,"axis":"y","origin":[8.0,7.5714283,9.0]},"faces":{"east":{"uv":[9.375,6.75,9.5625,6.875],"rotation":0,"texture":"#1","tintindex":0},"south":{"uv":[8.125,3.625,9.125,3.75],"rotation":0,"texture":"#1","tintindex":0},"north":{"uv":[8.125,3.5,9.125,3.625],"rotation":0,"texture":"#1","tintindex":0},"west":{"uv":[9.375,6.875,9.5625,7.0],"rotation":0,"texture":"#1","tintindex":0},"up":{"uv":[8.375,2.3125,7.375,2.125],"rotation":0,"texture":"#1","tintindex":0},"down":{"uv":[8.375,2.375,7.375,2.5625],"rotation":0,"texture":"#1","tintindex":0}}},{"from":[4.900571,14.429144,8.000571],"to":[5.713714,14.999429,8.713715],"rotation":{"angle":45.0,"axis":"z","origin":[5.714286,15.0,8.357142]},"faces":{"east":{"uv":[9.375,7.0,9.5625,7.125],"rotation":0,"texture":"#1","tintindex":0},"south":{"uv":[9.375,7.125,9.5625,7.25],"rotation":0,"texture":"#1","tintindex":0},"north":{"uv":[7.0,9.375,7.1875,9.5],"rotation":0,"texture":"#1","tintindex":0},"west":{"uv":[7.25,9.375,7.4375,9.5],"rotation":0,"texture":"#1","tintindex":0},"up":{"uv":[2.9375,9.5625,2.75,9.375],"rotation":0,"texture":"#1","tintindex":0},"down":{"uv":[3.1875,9.375,3.0,9.5625],"rotation":0,"texture":"#1","tintindex":0}}},{"from":[4.0571427,13.914286,8.714286],"to":[4.942857,14.8,8.942857],"rotation":{"angle":0.0,"axis":"y","origin":[8.0,8.0,8.285714]},"faces":{"east":{"uv":[1.875,9.625,1.9375,9.8125],"rotation":0,"texture":"#1","tintindex":0},"south":{"uv":[3.5,9.375,3.6875,9.5625],"rotation":0,"texture":"#1","tintindex":0},"north":{"uv":[3.25,9.375,3.4375,9.5625],"rotation":0,"texture":"#1","tintindex":0},"west":{"uv":[1.875,9.625,1.9375,9.8125],"rotation":0,"texture":"#1","tintindex":0},"up":{"uv":[1.875,9.625,1.9375,9.8125],"rotation":90,"texture":"#1","tintindex":0},"down":{"uv":[1.875,9.625,1.9375,9.8125],"rotation":90,"texture":"#1","tintindex":0}}},{"from":[4.0,13.857143,7.857143],"to":[5.0,14.857143,8.0],"rotation":{"angle":0.0,"axis":"y","origin":[8.0,8.0,8.285714]},"faces":{"east":{"uv":[9.75,8.5625,9.5,8.5],"rotation":90,"texture":"#1","tintindex":0},"south":{"uv":[0.625,6.125,0.875,6.375],"rotation":0,"texture":"#1","tintindex":0},"north":{"uv":[2.75,4.625,3.0,4.875],"rotation":0,"texture":"#1","tintindex":0},"west":{"uv":[9.75,8.5625,9.5,8.5],"rotation":90,"texture":"#1","tintindex":0},"up":{"uv":[9.75,8.5625,9.5,8.5],"rotation":0,"texture":"#1","tintindex":0},"down":{"uv":[9.75,8.5625,9.5,8.5],"rotation":0,"texture":"#1","tintindex":0}}},{"from":[11.057143,13.914286,8.714286],"to":[11.942858,14.8,8.942857],"rotation":{"angle":0.0,"axis":"y","origin":[8.0,8.0,8.285714]},"faces":{"east":{"uv":[1.875,9.625,1.9375,9.8125],"rotation":0,"texture":"#1","tintindex":0},"south":{"uv":[3.5,9.375,3.6875,9.5625],"rotation":0,"texture":"#1","tintindex":0},"north":{"uv":[3.25,9.375,3.4375,9.5625],"rotation":0,"texture":"#1","tintindex":0},"west":{"uv":[1.875,9.625,1.9375,9.8125],"rotation":0,"texture":"#1","tintindex":0},"up":{"uv":[1.875,9.625,1.9375,9.8125],"rotation":90,"texture":"#1","tintindex":0},"down":{"uv":[1.875,9.625,1.9375,9.8125],"rotation":90,"texture":"#1","tintindex":0}}},{"from":[10.857143,13.714286,8.0],"to":[12.142858,15.0,8.714286],"rotation":{"angle":0.0,"axis":"y","origin":[8.0,8.0,8.285714]},"faces":{"east":{"uv":[8.1875,9.1875,7.875,9.0],"rotation":90,"texture":"#1","tintindex":0},"south":{"uv":[5.5,8.5,5.8125,8.8125],"rotation":0,"texture":"#1","tintindex":0},"north":{"uv":[5.5,8.5,5.8125,8.8125],"rotation":0,"texture":"#1","tintindex":0},"west":{"uv":[8.1875,9.1875,7.875,9.0],"rotation":90,"texture":"#1","tintindex":0},"up":{"uv":[8.1875,9.1875,7.875,9.0],"rotation":0,"texture":"#1","tintindex":0},"down":{"uv":[8.1875,9.1875,7.875,9.0],"rotation":0,"texture":"#1","tintindex":0}}},{"from":[11.0,13.857143,7.857143],"to":[12.0,14.857143,8.0],"rotation":{"angle":0.0,"axis":"y","origin":[8.0,8.0,8.285714]},"faces":{"east":{"uv":[9.75,8.5625,9.5,8.5],"rotation":90,"texture":"#1","tintindex":0},"south":{"uv":[0.625,6.125,0.875,6.375],"rotation":0,"texture":"#1","tintindex":0},"north":{"uv":[2.75,4.625,3.0,4.875],"rotation":0,"texture":"#1","tintindex":0},"west":{"uv":[9.75,8.5625,9.5,8.5],"rotation":90,"texture":"#1","tintindex":0},"up":{"uv":[9.75,8.5625,9.5,8.5],"rotation":0,"texture":"#1","tintindex":0},"down":{"uv":[9.75,8.5625,9.5,8.5],"rotation":0,"texture":"#1","tintindex":0}}},{"from":[3.8571424,13.714286,8.0],"to":[5.142857,15.0,8.714286],"rotation":{"angle":0.0,"axis":"y","origin":[8.0,8.0,8.285714]},"faces":{"east":{"uv":[8.1875,9.1875,7.875,9.0],"rotation":90,"texture":"#1","tintindex":0},"south":{"uv":[5.5,8.5,5.8125,8.8125],"rotation":0,"texture":"#1","tintindex":0},"north":{"uv":[5.5,8.5,5.8125,8.8125],