{"textures":{"1":"modelengine:entity/discord2"},"elements":[{"from":[8.0,7.5714283,7.3142858],"to":[8.857143,8.428572,9.171429],"rotation":{"angle":0.0,"axis":"y","origin":[10.857143,3.142857,4.028571]},"faces":{"east":{"uv":[9.3125,7.0,8.875,7.1875],"rotation":0,"texture":"#1","tintindex":0},"south":{"uv":[9.375,5.125,9.5625,5.3125],"rotation":0,"texture":"#1","tintindex":0},"north":{"uv":[4.75,9.375,4.9375,9.5625],"rotation":0,"texture":"#1","tintindex":0},"west":{"uv":[8.875,7.0,9.3125,7.1875],"rotation":0,"texture":"#1","tintindex":0},"up":{"uv":[8.875,7.0,9.3125,7.1875],"rotation":90,"texture":"#1","tintindex":0},"down":{"uv":[9.3125,7.0,8.875,7.1875],"rotation":90,"texture":"#1","tintindex":0}}},{"from":[7.857143,7.428571,9.171429],"to":[9.0,8.571428,10.028572],"rotation":{"angle":0.0,"axis":"y","origin":[10.857143,3.142857,4.028571]},"faces":{"east":{"uv":[9.375,1.0,9.5625,1.25],"rotation":0,"texture":"#1","tintindex":0},"south":{"uv":[9.0,5.875,9.25,6.125],"rotation":0,"texture":"#1","tintindex":0},"north":{"uv":[9.0,5.125,9.25,5.375],"rotation":0,"texture":"#1","tintindex":0},"west":{"uv":[9.375,1.0,9.5625,1.25],"rotation":0,"texture":"#1","tintindex":0},"up":{"uv":[9.375,1.0,9.5625,1.25],"rotation":90,"texture":"#1","tintindex":0},"down":{"uv":[9.375,1.0,9.5625,1.25],"rotation":90,"texture":"#1","tintindex":0}}},{"from":[7.714286,7.285714,10.028572],"to":[9.142858,8.714286,12.314286],"rotation":{"angle":0.0,"axis":"y","origin":[10.857143,3.142857,4.028571]},"faces":{"east":{"uv":[8.0,3.125,8.5,3.4375],"rotation":0,"texture":"#1","tintindex":0},"south":{"uv":[0.0,8.625,0.3125,8.9375],"rotation":0,"texture":"#1","tintindex":0},"north":{"uv":[0.0,8.625,0.3125,8.9375],"rotation":0,"texture":"#1","tintindex":0},"west":{"uv":[8.0,3.125,8.5,3.4375],"rotation":0,"texture":"#1","tintindex":0},"up":{"uv":[8.0,3.125,8.5,3.4375],"rotation":90,"texture":"#1","tintindex":0},"down":{"uv":[8.0,3.125,8.5,3.4375],"rotation":90,"texture":"#1","tintindex":0}}},{"from":[8.428572,7.4142857,12.314286],"to":[8.428572,8.557143,13.6],"rotation":{"angle":0.0,"axis":"y","origin":[10.857143,3.142857,4.028571]},"faces":{"east":{"uv":[9.3125,1.5,9.0,1.75],"rotation":0,"texture":"#1","tintindex":0},"south":{"uv":[0.0,0.0,0.0,0.25],"rotation":0,"texture":"#1","tintindex":0},"north":{"uv":[0.0,0.0,0.0,0.25],"rotation":0,"texture":"#1","tintindex":0},"west":{"uv":[9.0,1.5,9.3125,1.75],"rotation":0,"texture":"#1","tintindex":0},"up":{"uv":[0.0,0.3125,0.0,0.0],"rotation":0,"texture":"#1","tintindex":0},"down":{"uv":[0.0,0.0,0.0,0.3125],"rotation":0,"texture":"#1","tintindex":0}}},{"from":[7.857143,7.9857144,12.314286],"to":[9.0,7.9857144,13.6],"rotation":{"angle":0.0,"axis":"y","origin":[10.857143,3.142857,4.028571]},"faces":{"east":{"uv":[0.0,0.0,0.3125,0.0],"rotation":0,"texture":"#1","tintindex":0},"south":{"uv":[0.0,0.0,0.25,0.0],"rotation":0,"texture":"#1","tintindex":0},"north":{"uv":[0.0,0.0,0.25,0.0],"rotation":0,"texture":"#1","tintindex":0},"west":{"uv":[0.0,0.0,0.3125,0.0],"rotation":0,"texture":"#1","tintindex":0},"up":{"uv":[9.0,1.5,9.3125,1.75],"rotation":90,"texture":"#1","tintindex":0},"down":{"uv":[9.3125,1.5,9.0,1.75],"rotation":90,"texture":"#1","tintindex":0}}}],"display":{"head":{"translation":[0.0,-6.4,0.0],"scale":[4.0,4.0,4.0]}}}