{"textures":{"1":"modelengine:entity/discord2"},"elements":[{"from":[7.186286,7.429143,7.3719997],"to":[7.928,7.9994287,9.999429],"rotation":{"angle":0.0,"axis":"y","origin":[8.0,8.0,7.714286]},"faces":{"east":{"uv":[9.6875,3.0,9.25,3.125],"rotation":0,"texture":"#1","tintindex":0},"south":{"uv":[8.125,9.375,8.3125,9.5],"rotation":0,"texture":"#1","tintindex":0},"north":{"uv":[7.5,9.375,7.6875,9.5],"rotation":0,"texture":"#1","tintindex":0},"west":{"uv":[9.25,3.0,9.6875,3.125],"rotation":0,"texture":"#1","tintindex":0},"up":{"uv":[5.6875,3.3125,5.5,2.875],"rotation":0,"texture":"#1","tintindex":0},"down":{"uv":[8.9375,8.75,8.75,9.1875],"rotation":0,"texture":"#1","tintindex":0}}},{"from":[7.1857142,5.979695,8.926469],"to":[7.928571,6.5511236,12.155041],"rotation":{"angle":-45.0,"axis":"x","origin":[8.0,8.0,7.714286]},"faces":{"east":{"uv":[8.5,8.625,9.1875,8.75],"rotation":0,"texture":"#1","tintindex":0},"south":{"uv":[9.375,8.875,9.5625,9.0],"rotation":0,"texture":"#1","tintindex":0},"north":{"uv":[9.375,8.75,9.5625,8.875],"rotation":0,"texture":"#1","tintindex":0},"west":{"uv":[8.5,8.625,9.1875,8.75],"rotation":0,"texture":"#1","tintindex":0},"up":{"uv":[8.4375,7.4375,8.25,6.75],"rotation":0,"texture":"#1","tintindex":0},"down":{"uv":[8.5625,0.25,8.375,0.9375],"rotation":0,"texture":"#1","tintindex":0}}},{"from":[7.1857142,7.630602,7.7979693],"to":[7.928571,8.20203,11.026541],"rotation":{"angle":-45.0,"axis":"x","origin":[8.0,8.0,8.0]},"faces":{"east":{"uv":[8.75,2.875,9.4375,3.0],"rotation":0,"texture":"#1","tintindex":0},"south":{"uv":[9.375,9.125,9.5625,9.25],"rotation":0,"texture":"#1","tintindex":0},"north":{"uv":[9.375,9.0,9.5625,9.125],"rotation":0,"texture":"#1","tintindex":0},"west":{"uv":[8.75,2.875,9.4375,3.0],"rotation":0,"texture":"#1","tintindex":0},"up":{"uv":[1.5625,9.0625,1.375,8.375],"rotation":0,"texture":"#1","tintindex":0},"down":{"uv":[8.1875,8.25,8.0,8.9375],"rotation":0,"texture":"#1","tintindex":0}}},{"from":[7.186286,8.000571,8.514857],"to":[7.928,8.570857,10.570857],"rotation":{"angle":0.0,"axis":"y","origin":[8.0,8.0,7.714286]},"faces":{"east":{"uv":[9.25,3.25,9.6875,3.375],"rotation":0,"texture":"#1","tintindex":0},"south":{"uv":[9.5,0.125,9.6875,0.25],"rotation":0,"texture":"#1","tintindex":0},"north":{"uv":[9.5,0.0,9.6875,0.125],"rotation":0,"texture":"#1","tintindex":0},"west":{"uv":[9.25,3.25,9.6875,3.375],"rotation":0,"texture":"#1","tintindex":0},"up":{"uv":[8.9375,3.4375,8.75,3.0],"rotation":0,"texture":"#1","tintindex":0},"down":{"uv":[3.6875,8.75,3.5,9.1875],"rotation":0,"texture":"#1","tintindex":0}}},{"from":[7.186286,8.5720005,9.086286],"to":[7.928,9.142285,11.142286],"rotation":{"angle":0.0,"axis":"y","origin":[8.0,8.0,7.714286]},"faces":{"east":{"uv":[3.5,9.25,3.9375,9.375],"rotation":0,"texture":"#1","tintindex":0},"south":{"uv":[1.125,9.5,1.3125,9.625],"rotation":0,"texture":"#1","tintindex":0},"north":{"uv":[9.5,0.875,9.6875,1.0],"rotation":0,"texture":"#1","tintindex":0},"west":{"uv":[3.5,9.25,3.9375,9.375],"rotation":0,"texture":"#1","tintindex":0},"up":{"uv":[3.9375,9.1875,3.75,8.75],"rotation":0,"texture":"#1","tintindex":0},"down":{"uv":[8.9375,3.875,8.75,4.3125],"rotation":0,"texture":"#1","tintindex":0}}},{"from":[7.186286,9.143429,9.657715],"to":[7.928,9.713715,11.713715],"rotation":{"angle":0.0,"axis":"y","origin":[8.0,8.0,7.714286]},"faces":{"east":{"uv":[4.0,9.25,4.4375,9.375],"rotation":0,"texture":"#1","tintindex":0},"south":{"uv":[9.5,2.625,9.6875,2.75],"rotation":0,"texture":"#1","tintindex":0},"north":{"uv":[2.125,9.5,2.3125,9.625],"rotation":0,"texture":"#1","tintindex":0},"west":{"uv":[4.0,9.25,4.4375,9.375],"rotation":0,"texture":"#1","tintindex":0},"up":{"uv":[4.1875,9.1875,4.0,8.75],"rotation":0,"texture":"#1","tintindex":0},"down":{"uv":[4.4375,8.75,4.25,9.1875],"rotation":0,"texture":"#1","tintindex":0}}},{"from":[7.185143,9.713715,9.999429],"to":[7.929143,10.286285,20.857716],"rotation":{"angle":0.0,"axis":"y","origin":[8.0,8.0,8.0]},"faces":{"east":{"uv":[9.125,0.125,6.75,0.25],"rotation":0,"texture":"#1","tintindex":0},"south":{"uv":[7.75,9.5,7.9375,9.625],"rotation":0,"texture":"#1","tintindex":0},"north":{"uv":[9.5,2.875,9.6875,3.0],"rotation":0,"texture":"#1","tintindex":0},"west":{"uv":[6.75,0.125,9.125,0.25],"rotation":0,"texture":"#1","tintindex":0},"up":{"uv":[6.75,0.125,9.125,0.25],"rotation":90,"texture":"#1","tintindex":0},"down":{"uv":[6.75,0.125,9.125,0.25],"rotation":90,"texture":"#1","tintindex":0}}},{"from":[7.3285713,7.428571,10.0],"to":[7.785714,8.0,18.0],"rotation":{"angle":0.0,"axis":"y","origin":[8.0,8.0,6.857143]},"faces":{"east":{"uv":[8.75,4.25,7.0,4.375],"rotation":0,"texture":"#1","tintindex":0},"south":{"uv":[2.375,8.5,2.5,8.625],"rotation":0,"texture":"#1","tintindex":0},"north":{"uv":[4.25,8.0,4.375,8.125],"rotation":0,"texture":"#1","tintindex":0},"west":{"uv":[7.0,4.25,8.75,4.375],"rotation":0,"texture":"#1","tintindex":0},"up":{"uv":[6.375,8.5,6.25,6.75],"rotation":0,"texture":"#1","tintindex":0},"down":{"uv":[1.0,6.875,0.875,8.625],"rotation":0,"texture":"#1","tintindex":0}}},{"from":[7.328,-0.283823,14.3317],"to":[7.786286,0.28874874,17.618557],"rotation":{"angle":-45.0,"axis":"x","origin":[8.0,8.0,6.857143]},"faces":{"east":{"uv":[9.375,1.75,8.625,1.875],"rotation":0,"texture":"#1","tintindex":0},"south":{"uv":[7.0,9.25,7.125,9.375],"rotation":0,"texture":"#1","tintindex":0},"north":{"uv":[4.25,8.625,4.375,8.75],"rotation":0,"texture":"#1","tintindex":0},"west":{"uv":[8.625,1.75,9.375,1.875],"rotation":0,"texture":"#1","tintindex":0},"up":{"uv":[4.375,7.875,4.25,7.125],"rotation":0,"texture":"#1","tintindex":0},"down":{"uv":[7.625,8.5,7.5,9.25],"rotation":0,"texture":"#1","tintindex":0}}},{"from":[7.3285713,8.0,10.571428],"to":[7.785714,8.571428,18.57143],"rotation":{"angle":0.0,"axis":"y","origin":[8.0,8.0,6.857143]},"faces":{"east":{"uv":[8.75,5.75,7.0,5.875],"rotation":0,"texture":"#1","tintindex":0},"south":{"uv":[8.125,9.25,8.25,9.375],"rotation":0,"texture":"#1","tintindex":0},"north":{"uv":[7.5,9.25,7.625,9.375],"rotation":0,"texture":"#1","tintindex":0},"west":{"uv":[7.0,5.75,8.75,5.875],"rotation":0,"texture":"#1","tintindex":0},"up":{"uv":[0.125,8.625,0.0,6.875],"rotation":0,"texture":"#1","tintindex":0},"down":{"uv":[0.25,6.875,0.125,8.625],"rotation":0,"texture":"#1","tintindex":0}}},{"from":[7.3285713,8.571428,11.142858],"to":[7.785714,9.142858,19.142857],"rotation":{"angle":0.0,"axis":"y","origin":[8.0,8.0,6.857143]},"faces":{"east":{"uv":[8.75,6.0,7.0,6.125],"rotation":0,"texture":"#1","tintindex":0},"south":{"uv":[8.375,9.375,8.5,9.5],"rotation":0,"texture":"#1","tintindex":0},"north":{"uv":[7.75,9.375,7.875,9.5],"rotation":0,"texture":"#1","tintindex":0},"west":{"uv":[7.0,6.0,8.75,6.125],"rotation":0,"texture":"#1","tintindex":0},"up":{"uv":[0.375,8.625,0.25,6.875],"rotation":0,"texture":"#1","tintindex":0},"down":{"uv":[0.5,6.875,0.375,8.625],"rotation":0,"texture":"#1","tintindex":0}}},{"from":[7.3285713,9.142858,11.714286],"to":[7.785714,9.714286,19.714287],"rotation":{"angle":0.0,"axis":"y","origin":[8.0,8.0,6.857143]},"faces":{"east":{"uv":[8.75,6.25,7.0,6.375],"rotation":0,"texture":"#1","tintindex":0},"south":{"uv":[9.125,9.5,9.25,9.625],"rotation":0,"texture":"#1","tintindex":0},"north":{"uv":[9.0,9.5,9.125,9.625],"rotation":0,"texture":"#1","tintindex":0},"west":{"uv":[7.0,6.25,8.75,6.375],"rotation":0,"texture":"#1","tintindex":0},"up":{"uv":[0.625,8.625,0.5,6.875],"rotation":0,"texture":"#1","tintindex":0},"down":{"uv":[0.75,6.875,0.625,8.625],"rotation":0,"texture":"#1","tintindex":0}}}],"display":{"head":{"translation":[0.0,-6.4,0.0],"scale":[4.0,4.0,4.0]}}}