{"textures":{"0":"modelengine:entity/crate4"},"elements":[{"name":"cube","from":[7.4869018,6.41341,6.0407796],"to":[9.886902,7.6134105,8.440781],"rotation":{"angle":-22.5,"axis":"z","origin":[8.025347,6.915121,-2.8000002]},"faces":{"down":{"uv":[2.625,11.375,2.125,10.875],"rotation":0,"texture":"#0","tintindex":0},"east":{"uv":[5.125,13.0,5.625,13.25],"rotation":0,"texture":"#0","tintindex":0},"north":{"uv":[5.625,13.0,5.125,13.25],"rotation":0,"texture":"#0","tintindex":0},"south":{"uv":[5.625,13.0,5.125,13.25],"rotation":0,"texture":"#0","tintindex":0},"up":{"uv":[14.75,8.75,14.25,8.25],"rotation":0,"texture":"#0","tintindex":0},"west":{"uv":[5.125,13.0,5.625,13.25],"rotation":0,"texture":"#0","tintindex":0}}},{"name":"cube","from":[6.886902,7.6134105,5.4407797],"to":[9.886902,10.013411,8.440781],"rotation":{"angle":-22.5,"axis":"z","origin":[8.025347,6.915121,-2.8000002]},"faces":{"down":{"uv":[13.625,1.125,13.0,1.75],"rotation":0,"texture":"#0","tintindex":0},"east":{"uv":[14.25,6.625,13.625,7.125],"rotation":0,"texture":"#0","tintindex":0},"north":{"uv":[13.625,6.625,14.25,7.125],"rotation":0,"texture":"#0","tintindex":0},"south":{"uv":[13.625,6.625,14.25,7.125],"rotation":0,"texture":"#0","tintindex":0},"up":{"uv":[13.5,9.0,12.875,9.625],"rotation":0,"texture":"#0","tintindex":0},"west":{"uv":[14.25,6.625,13.625,7.125],"rotation":0,"texture":"#0","tintindex":0}}},{"name":"cube","from":[7.4869018,10.013411,6.0407796],"to":[9.286901,11.21341,7.8407803],"rotation":{"angle":-22.5,"axis":"z","origin":[8.025347,6.915121,-2.8000002]},"faces":{"down":{"uv":[3.375,14.875,3.0,15.25],"rotation":0,"texture":"#0","tintindex":0},"east":{"uv":[14.625,7.25,14.25,7.5],"rotation":0,"texture":"#0","tintindex":0},"north":{"uv":[14.25,7.25,14.625,7.5],"rotation":0,"texture":"#0","tintindex":0},"south":{"uv":[14.25,7.25,14.625,7.5],"rotation":0,"texture":"#0","tintindex":0},"up":{"uv":[2.625,14.875,2.25,15.25],"rotation":0,"texture":"#0","tintindex":0},"west":{"uv":[14.625,7.25,14.25,7.5],"rotation":0,"texture":"#0","tintindex":0}}},{"name":"cube","from":[8.086902,11.21341,6.6407795],"to":[9.286901,12.413411,7.8407803],"rotation":{"angle":-22.5,"axis":"z","origin":[8.025347,6.915121,-2.8000002]},"faces":{"down":{"uv":[15.625,2.0,15.375,2.25],"rotation":0,"texture":"#0","tintindex":0},"east":{"uv":[6.625,13.25,6.375,13.5],"rotation":0,"texture":"#0","tintindex":0},"north":{"uv":[6.375,13.25,6.625,13.5],"rotation":0,"texture":"#0","tintindex":0},"south":{"uv":[6.375,13.25,6.625,13.5],"rotation":0,"texture":"#0","tintindex":0},"up":{"uv":[15.5,15.0,15.25,15.25],"rotation":0,"texture":"#0","tintindex":0},"west":{"uv":[6.625,13.25,6.375,13.5],"rotation":0,"texture":"#0","tintindex":0}}}],"display":{"head":{"translation":[0.0,-6.4,0.0],"rotation":[0.0,0.0,0.0],"scale":[3.8095,3.8095,3.8095]}}}