{"textures":{"0":"modelengine:entity/crate4"},"elements":[{"name":"cube","from":[7.2217536,11.21341,6.6407795],"to":[8.421754,12.413411,7.8407803],"rotation":{"angle":22.5,"axis":"z","origin":[8.528981,7.1447315,-2.8000002]},"faces":{"down":{"uv":[6.5,15.375,6.25,15.625],"rotation":0,"texture":"#0","tintindex":0},"east":{"uv":[6.375,13.25,6.625,13.5],"rotation":0,"texture":"#0","tintindex":0},"north":{"uv":[6.625,13.25,6.375,13.5],"rotation":0,"texture":"#0","tintindex":0},"south":{"uv":[6.625,13.25,6.375,13.5],"rotation":0,"texture":"#0","tintindex":0},"up":{"uv":[15.25,15.0,15.5,15.25],"rotation":0,"texture":"#0","tintindex":0},"west":{"uv":[6.375,13.25,6.625,13.5],"rotation":0,"texture":"#0","tintindex":0}}},{"name":"cube","from":[6.6217537,6.41341,6.0407796],"to":[9.021753,7.6134105,8.440781],"rotation":{"angle":22.5,"axis":"z","origin":[8.528981,7.1447315,-2.8000002]},"faces":{"down":{"uv":[2.125,11.375,2.625,10.875],"rotation":0,"texture":"#0","tintindex":0},"east":{"uv":[5.625,13.0,5.125,13.25],"rotation":0,"texture":"#0","tintindex":0},"north":{"uv":[5.125,13.0,5.625,13.25],"rotation":0,"texture":"#0","tintindex":0},"south":{"uv":[5.125,13.0,5.625,13.25],"rotation":0,"texture":"#0","tintindex":0},"up":{"uv":[11.5,14.75,11.0,14.25],"rotation":0,"texture":"#0","tintindex":0},"west":{"uv":[5.625,13.0,5.125,13.25],"rotation":0,"texture":"#0","tintindex":0}}},{"name":"cube","from":[6.6217537,7.6134105,5.4407797],"to":[9.621754,10.013411,8.440781],"rotation":{"angle":22.5,"axis":"z","origin":[8.528981,7.1447315,-2.8000002]},"faces":{"down":{"uv":[13.625,2.375,13.0,3.0],"rotation":0,"texture":"#0","tintindex":0},"east":{"uv":[13.625,6.625,14.25,7.125],"rotation":0,"texture":"#0","tintindex":0},"north":{"uv":[14.25,6.625,13.625,7.125],"rotation":0,"texture":"#0","tintindex":0},"south":{"uv":[14.25,6.625,13.625,7.125],"rotation":0,"texture":"#0","tintindex":0},"up":{"uv":[12.875,9.0,13.5,9.625],"rotation":0,"texture":"#0","tintindex":0},"west":{"uv":[13.625,6.625,14.25,7.125],"rotation":0,"texture":"#0","tintindex":0}}},{"name":"cube","from":[7.2217536,10.013411,6.0407796],"to":[9.021753,11.21341,7.8407803],"rotation":{"angle":22.5,"axis":"z","origin":[8.528981,7.1447315,-2.8000002]},"faces":{"down":{"uv":[3.75,14.875,3.375,15.25],"rotation":0,"texture":"#0","tintindex":0},"east":{"uv":[14.25,7.25,14.625,7.5],"rotation":0,"texture":"#0","tintindex":0},"north":{"uv":[14.625,7.25,14.25,7.5],"rotation":0,"texture":"#0","tintindex":0},"south":{"uv":[14.625,7.25,14.25,7.5],"rotation":0,"texture":"#0","tintindex":0},"up":{"uv":[2.25,14.875,2.625,15.25],"rotation":0,"texture":"#0","tintindex":0},"west":{"uv":[14.25,7.25,14.625,7.5],"rotation":0,"texture":"#0","tintindex":0}}}],"display":{"head":{"translation":[0.0,-6.4,0.0],"rotation":[0.0,0.0,0.0],"scale":[3.8095,3.8095,3.8095]}}}