{"textures":{"0":"modelengine:entity/crate4"},"elements":[{"name":"cube","from":[6.533886,6.2012787,7.513548],"to":[8.933886,7.4012785,9.9135475],"rotation":{"angle":22.5,"axis":"z","origin":[8.528981,7.1447315,8.0]},"faces":{"down":{"uv":[2.125,10.875,2.625,11.375],"rotation":0,"texture":"#0","tintindex":0},"east":{"uv":[5.125,13.0,5.625,13.25],"rotation":0,"texture":"#0","tintindex":0},"north":{"uv":[5.625,13.0,5.125,13.25],"rotation":0,"texture":"#0","tintindex":0},"south":{"uv":[5.625,13.0,5.125,13.25],"rotation":0,"texture":"#0","tintindex":0},"up":{"uv":[14.75,12.0,14.25,11.5],"rotation":0,"texture":"#0","tintindex":0},"west":{"uv":[5.125,13.0,5.625,13.25],"rotation":0,"texture":"#0","tintindex":0}}},{"name":"cube","from":[6.533886,7.4012785,7.513548],"to":[9.533886,9.801279,10.513548],"rotation":{"angle":22.5,"axis":"z","origin":[8.528981,7.1447315,8.0]},"faces":{"down":{"uv":[3.875,13.0,3.25,13.625],"rotation":0,"texture":"#0","tintindex":0},"east":{"uv":[2.625,11.75,3.25,12.25],"rotation":0,"texture":"#0","tintindex":0},"north":{"uv":[3.25,11.75,2.625,12.25],"rotation":0,"texture":"#0","tintindex":0},"south":{"uv":[3.25,11.75,2.625,12.25],"rotation":0,"texture":"#0","tintindex":0},"up":{"uv":[12.875,9.625,13.5,9.0],"rotation":0,"texture":"#0","tintindex":0},"west":{"uv":[14.25,6.625,13.625,7.125],"rotation":0,"texture":"#0","tintindex":0}}},{"name":"cube","from":[7.133886,9.801279,8.113548],"to":[8.933886,11.001278,9.9135475],"rotation":{"angle":22.5,"axis":"z","origin":[8.528981,7.1447315,8.0]},"faces":{"down":{"uv":[4.125,14.875,3.75,15.25],"rotation":0,"texture":"#0","tintindex":0},"east":{"uv":[14.625,7.25,14.25,7.5],"rotation":0,"texture":"#0","tintindex":0},"north":{"uv":[1.125,12.25,0.75,12.5],"rotation":0,"texture":"#0","tintindex":0},"south":{"uv":[14.25,7.25,14.625,7.5],"rotation":0,"texture":"#0","tintindex":0},"up":{"uv":[2.25,15.25,2.625,14.875],"rotation":0,"texture":"#0","tintindex":0},"west":{"uv":[14.625,7.25,14.25,7.5],"rotation":0,"texture":"#0","tintindex":0}}},{"name":"cube","from":[7.133886,11.001278,8.113548],"to":[8.333886,12.201279,9.313547],"rotation":{"angle":22.5,"axis":"z","origin":[8.528981,7.1447315,8.0]},"faces":{"down":{"uv":[7.5,15.375,7.25,15.625],"rotation":0,"texture":"#0","tintindex":0},"east":{"uv":[6.625,13.25,6.375,13.5],"rotation":0,"texture":"#0","tintindex":0},"north":{"uv":[4.25,11.375,4.0,11.625],"rotation":0,"texture":"#0","tintindex":0},"south":{"uv":[6.375,13.25,6.625,13.5],"rotation":0,"texture":"#0","tintindex":0},"up":{"uv":[15.25,15.25,15.5,15.0],"rotation":0,"texture":"#0","tintindex":0},"west":{"uv":[6.625,13.25,6.375,13.5],"rotation":0,"texture":"#0","tintindex":0}}}],"display":{"head":{"translation":[0.0,-6.4,0.0],"rotation":[0.0,0.0,0.0],"scale":[3.8095,3.8095,3.8095]}}}