{"textures":{"0":"modelengine:entity/crate4"},"elements":[{"name":"cube","from":[7.4869018,10.013411,7.55922],"to":[9.286901,11.21341,9.3592205],"rotation":{"angle":-22.5,"axis":"z","origin":[8.025347,6.915121,7.4]},"faces":{"down":{"uv":[15.25,2.25,14.875,2.625],"rotation":0,"texture":"#0","tintindex":0},"east":{"uv":[14.25,7.25,14.625,7.5],"rotation":0,"texture":"#0","tintindex":0},"north":{"uv":[0.75,12.25,1.125,12.5],"rotation":0,"texture":"#0","tintindex":0},"south":{"uv":[14.625,7.25,14.25,7.5],"rotation":0,"texture":"#0","tintindex":0},"up":{"uv":[2.625,15.25,2.25,14.875],"rotation":0,"texture":"#0","tintindex":0},"west":{"uv":[14.25,7.25,14.625,7.5],"rotation":0,"texture":"#0","tintindex":0}}},{"name":"cube","from":[8.086902,11.21341,7.55922],"to":[9.286901,12.413411,8.75922],"rotation":{"angle":-22.5,"axis":"z","origin":[8.025347,6.915121,7.4]},"faces":{"down":{"uv":[15.5,15.25,15.25,15.5],"rotation":0,"texture":"#0","tintindex":0},"east":{"uv":[6.375,13.25,6.625,13.5],"rotation":0,"texture":"#0","tintindex":0},"north":{"uv":[4.0,11.375,4.25,11.625],"rotation":0,"texture":"#0","tintindex":0},"south":{"uv":[6.625,13.25,6.375,13.5],"rotation":0,"texture":"#0","tintindex":0},"up":{"uv":[15.5,15.25,15.25,15.0],"rotation":0,"texture":"#0","tintindex":0},"west":{"uv":[6.375,13.25,6.625,13.5],"rotation":0,"texture":"#0","tintindex":0}}},{"name":"cube","from":[7.4869018,6.41341,6.95922],"to":[9.886902,7.6134105,9.3592205],"rotation":{"angle":-22.5,"axis":"z","origin":[8.025347,6.915121,7.4]},"faces":{"down":{"uv":[2.625,10.875,2.125,11.375],"rotation":0,"texture":"#0","tintindex":0},"east":{"uv":[13.0,8.75,13.5,9.0],"rotation":0,"texture":"#0","tintindex":0},"north":{"uv":[5.125,13.0,5.625,13.25],"rotation":0,"texture":"#0","tintindex":0},"south":{"uv":[5.125,13.0,5.625,13.25],"rotation":0,"texture":"#0","tintindex":0},"up":{"uv":[5.75,9.0,5.25,8.5],"rotation":0,"texture":"#0","tintindex":0},"west":{"uv":[5.625,13.0,5.125,13.25],"rotation":0,"texture":"#0","tintindex":0}}},{"name":"cube","from":[6.886902,7.6134105,6.95922],"to":[9.886902,10.013411,9.959221],"rotation":{"angle":-22.5,"axis":"z","origin":[8.025347,6.915121,7.4]},"faces":{"down":{"uv":[13.5,9.625,12.875,10.25],"rotation":0,"texture":"#0","tintindex":0},"east":{"uv":[13.625,6.625,14.25,7.125],"rotation":0,"texture":"#0","tintindex":0},"north":{"uv":[2.625,11.75,3.25,12.25],"rotation":0,"texture":"#0","tintindex":0},"south":{"uv":[2.625,11.75,3.25,12.25],"rotation":0,"texture":"#0","tintindex":0},"up":{"uv":[13.5,9.625,12.875,9.0],"rotation":0,"texture":"#0","tintindex":0},"west":{"uv":[3.25,11.75,2.625,12.25],"rotation":0,"texture":"#0","tintindex":0}}}],"display":{"head":{"translation":[0.0,-6.4,0.0],"rotation":[0.0,0.0,0.0],"scale":[3.8095,3.8095,3.8095]}}}