{"textures":{"0":"modelengine:entity/crate4"},"elements":[{"name":"cube","from":[7.3994,3.5679276,11.950872],"to":[8.600599,8.849129,13.152073],"rotation":{"angle":45.0,"axis":"x","origin":[8.0,8.848528,8.351472]},"faces":{"down":{"uv":[10.0,15.375,9.75,15.625],"rotation":0,"texture":"#0","tintindex":0},"east":{"uv":[13.25,14.0,13.5,15.125],"rotation":0,"texture":"#0","tintindex":0},"north":{"uv":[9.0,14.0,9.25,15.125],"rotation":0,"texture":"#0","tintindex":0},"south":{"uv":[13.0,14.0,13.25,15.125],"rotation":0,"texture":"#0","tintindex":0},"up":{"uv":[9.75,15.625,9.5,15.375],"rotation":0,"texture":"#0","tintindex":0},"west":{"uv":[13.25,14.0,13.5,15.125],"rotation":0,"texture":"#0","tintindex":0}}},{"name":"cube","from":[7.4,3.5685277,2.8485277],"to":[8.599999,8.848528,4.048528],"rotation":{"angle":-45.0,"axis":"x","origin":[8.0,8.848528,7.648528]},"faces":{"down":{"uv":[10.5,15.375,10.25,15.625],"rotation":0,"texture":"#0","tintindex":0},"east":{"uv":[7.0,14.25,7.25,15.375],"rotation":0,"texture":"#0","tintindex":0},"north":{"uv":[6.25,14.25,6.5,15.375],"rotation":0,"texture":"#0","tintindex":0},"south":{"uv":[6.75,14.25,7.0,15.375],"rotation":0,"texture":"#0","tintindex":0},"up":{"uv":[10.25,15.625,10.0,15.375],"rotation":0,"texture":"#0","tintindex":0},"west":{"uv":[7.0,14.25,7.25,15.375],"rotation":0,"texture":"#0","tintindex":0}}},{"name":"cube","from":[7.4,7.648528,4.048528],"to":[8.599999,8.848528,6.4485283],"rotation":{"angle":-45.0,"axis":"x","origin":[8.0,8.848528,7.648528]},"faces":{"down":{"uv":[9.5,15.125,9.25,15.625],"rotation":0,"texture":"#0","tintindex":0},"east":{"uv":[15.125,7.25,15.625,7.5],"rotation":0,"texture":"#0","tintindex":0},"north":{"uv":[8.0,15.375,8.25,15.625],"rotation":0,"texture":"#0","tintindex":0},"south":{"uv":[15.375,8.0,15.625,8.25],"rotation":0,"texture":"#0","tintindex":0},"up":{"uv":[9.25,15.625,9.0,15.125],"rotation":0,"texture":"#0","tintindex":0},"west":{"uv":[15.125,7.25,15.625,7.5],"rotation":0,"texture":"#0","tintindex":0}}},{"name":"cube","from":[7.4,7.648528,9.551472],"to":[8.599999,8.848528,11.951472],"rotation":{"angle":45.0,"axis":"x","origin":[8.0,8.848528,8.351472]},"faces":{"down":{"uv":[15.375,6.5,15.125,7.0],"rotation":0,"texture":"#0","tintindex":0},"east":{"uv":[5.125,15.125,5.625,15.375],"rotation":0,"texture":"#0","tintindex":0},"north":{"uv":[7.75,15.375,8.0,15.625],"rotation":0,"texture":"#0","tintindex":0},"south":{"uv":[15.375,7.75,15.625,8.0],"rotation":0,"texture":"#0","tintindex":0},"up":{"uv":[5.875,15.625,5.625,15.125],"rotation":0,"texture":"#0","tintindex":0},"west":{"uv":[5.125,15.125,5.625,15.375],"rotation":0,"texture":"#0","tintindex":0}}},{"name":"cube","from":[7.3994,6.7994003,6.7994003],"to":[8.600599,8.000601,9.2006],"rotation":{"angle":0.0,"axis":"x","origin":[8.0,8.0,8.0]},"faces":{"down":{"uv":[5.125,15.125,4.875,15.625],"rotation":0,"texture":"#0","tintindex":0},"east":{"uv":[15.625,1.5,15.125,1.75],"rotation":0,"texture":"#0","tintindex":0},"north":{"uv":[7.5,15.375,7.75,15.625],"rotation":0,"texture":"#0","tintindex":0},"south":{"uv":[15.375,7.5,15.625,7.75],"rotation":0,"texture":"#0","tintindex":0},"up":{"uv":[15.375,2.25,15.125,1.75],"rotation":0,"texture":"#0","tintindex":0},"west":{"uv":[15.125,1.5,15.625,1.75],"rotation":0,"texture":"#0","tintindex":0}}}],"display":{"head":{"translation":[0.0,-6.4,0.0],"rotation":[0.0,0.0,0.0],"scale":[3.8095,3.8095,3.8095]}}}