{"textures":{"0":"modelengine:entity/crate4"},"elements":[{"name":"cube","from":[4.0543275,3.0623584,7.537641],"to":[9.454329,6.0623584,10.537642],"rotation":{"angle":45.0,"axis":"x","origin":[-6.1000004,5.5999985,8.0]},"faces":{"down":{"uv":[8.875,11.625,7.75,12.25],"rotation":0,"texture":"#0","tintindex":0},"east":{"uv":[5.125,13.25,5.75,13.875],"rotation":0,"texture":"#0","tintindex":0},"north":{"uv":[7.75,11.625,8.875,12.25],"rotation":0,"texture":"#0","tintindex":0},"south":{"uv":[8.875,11.625,7.75,12.25],"rotation":0,"texture":"#0","tintindex":0},"up":{"uv":[8.875,11.625,7.75,12.25],"rotation":0,"texture":"#0","tintindex":0},"west":{"uv":[5.75,13.25,6.375,13.875],"rotation":0,"texture":"#0","tintindex":0}}}],"display":{"head":{"translation":[0.0,-6.4,0.0],"rotation":[0.0,0.0,0.0],"scale":[3.8095,3.8095,3.8095]}}}