{"textures":{"0":"modelengine:entity/mso_lava_lord"},"elements":[{"name":"cube","from":[2.9599988,0.720001,8.0],"to":[13.039996,20.880005,8.0],"rotation":{"angle":0.0,"axis":"x","origin":[8.0,14.1600065,8.0]},"faces":{"down":{"uv":[4.625,11.375,5.0,11.375],"rotation":0,"texture":"#0","tintindex":0},"east":{"uv":[4.625,11.375,4.625,12.125],"rotation":0,"texture":"#0","tintindex":0},"north":{"uv":[0.75,11.625,1.125,12.25],"rotation":0,"texture":"#0","tintindex":0},"south":{"uv":[1.125,11.625,0.75,12.25],"rotation":0,"texture":"#0","tintindex":0},"up":{"uv":[4.25,11.375,4.625,11.375],"rotation":0,"texture":"#0","tintindex":0},"west":{"uv":[4.25,11.375,4.25,12.125],"rotation":0,"texture":"#0","tintindex":0}}},{"name":"cube","from":[8.0,0.720001,2.96],"to":[8.0,20.880005,13.04],"rotation":{"angle":0.0,"axis":"x","origin":[8.0,14.1600065,8.0]},"faces":{"down":{"uv":[0.375,4.25,0.375,4.625],"rotation":0,"texture":"#0","tintindex":0},"east":{"uv":[1.125,11.625,0.75,12.25],"rotation":0,"texture":"#0","tintindex":0},"north":{"uv":[0.375,4.625,0.375,5.375],"rotation":0,"texture":"#0","tintindex":0},"south":{"uv":[0.75,4.625,0.75,5.375],"rotation":0,"texture":"#0","tintindex":0},"up":{"uv":[0.375,4.625,0.375,4.25],"rotation":0,"texture":"#0","tintindex":0},"west":{"uv":[0.75,11.625,1.125,12.25],"rotation":0,"texture":"#0","tintindex":0}}},{"name":"cube","from":[8.0,-1.7999973,11.360001],"to":[8.0,15.000003,21.439999],"rotation":{"angle":22.5,"axis":"x","origin":[8.0,-1.7999973,16.400002]},"faces":{"down":{"uv":[3.875,2.0,3.875,2.375],"rotation":0,"texture":"#0","tintindex":0},"east":{"uv":[0.75,11.625,1.125,12.25],"rotation":0,"texture":"#0","tintindex":0},"north":{"uv":[3.875,2.375,3.875,3.0],"rotation":0,"texture":"#0","tintindex":0},"south":{"uv":[4.25,2.375,4.25,3.0],"rotation":0,"texture":"#0","tintindex":0},"up":{"uv":[3.875,2.375,3.875,2.0],"rotation":0,"texture":"#0","tintindex":0},"west":{"uv":[1.125,11.625,0.75,12.25],"rotation":0,"texture":"#0","tintindex":0}}},{"name":"cube","from":[2.9599988,-1.7999973,16.400002],"to":[13.039996,15.000003,16.400002],"rotation":{"angle":22.5,"axis":"x","origin":[8.0,-1.7999973,16.400002]},"faces":{"down":{"uv":[0.375,11.625,0.75,11.625],"rotation":0,"texture":"#0","tintindex":0},"east":{"uv":[0.375,11.625,0.375,12.25],"rotation":0,"texture":"#0","tintindex":0},"north":{"uv":[1.125,11.625,0.75,12.25],"rotation":0,"texture":"#0","tintindex":0},"south":{"uv":[0.75,11.625,1.125,12.25],"rotation":0,"texture":"#0","tintindex":0},"up":{"uv":[0.0,11.625,0.375,11.625],"rotation":0,"texture":"#0","tintindex":0},"west":{"uv":[0.0,11.625,0.0,12.25],"rotation":0,"texture":"#0","tintindex":0}}},{"name":"cube","from":[8.0,-1.7999973,-5.4400005],"to":[8.0,15.000003,4.64],"rotation":{"angle":-22.5,"axis":"x","origin":[8.0,-1.7999973,-0.40000033]},"faces":{"down":{"uv":[5.0,0.125,5.0,0.5],"rotation":0,"texture":"#0","tintindex":0},"east":{"uv":[0.75,11.625,1.125,12.25],"rotation":0,"texture":"#0","tintindex":0},"north":{"uv":[5.0,0.5,5.0,1.125],"rotation":0,"texture":"#0","tintindex":0},"south":{"uv":[5.375,0.5,5.375,1.125],"rotation":0,"texture":"#0","tintindex":0},"up":{"uv":[5.0,0.5,5.0,0.125],"rotation":0,"texture":"#0","tintindex":0},"west":{"uv":[1.125,11.625,0.75,12.25],"rotation":0,"texture":"#0","tintindex":0}}},{"name":"cube","from":[2.9599988,-1.7999973,-0.40000033],"to":[13.039996,15.000003,-0.40000033],"rotation":{"angle":-22.5,"axis":"x","origin":[8.0,-1.7999973,-0.40000033]},"faces":{"down":{"uv":[1.125,11.625,1.5,11.625],"rotation":0,"texture":"#0","tintindex":0},"east":{"uv":[1.125,11.625,1.125,12.25],"rotation":0,"texture":"#0","tintindex":0},"north":{"uv":[1.125,11.625,0.75,12.25],"rotation":0,"texture":"#0","tintindex":0},"south":{"uv":[0.75,11.625,1.125,12.25],"rotation":0,"texture":"#0","tintindex":0},"up":{"uv":[0.75,11.625,1.125,11.625],"rotation":0,"texture":"#0","tintindex":0},"west":{"uv":[0.75,11.625,0.75,12.25],"rotation":0,"texture":"#0","tintindex":0}}}],"display":{"head":{"translation":[0.0,-6.4,0.0],"rotation":[0.0,0.0,0.0],"scale":[3.8095,3.8095,3.8095]}}}