{"textures":{"0":"modelengine:entity/mso_lava_lord"},"elements":[{"name":"cube","from":[2.96,-4.6240077,6.3200006],"to":[9.68,2.0959997,9.680002],"rotation":{"angle":0.0,"axis":"x","origin":[8.0,-1.2640038,8.0]},"faces":{"down":{"uv":[12.125,7.75,12.375,7.875],"rotation":0,"texture":"#0","tintindex":0},"east":{"uv":[12.25,7.875,12.125,8.125],"rotation":0,"texture":"#0","tintindex":0},"north":{"uv":[12.125,7.875,11.875,8.125],"rotation":0,"texture":"#0","tintindex":0},"south":{"uv":[12.5,7.875,12.25,8.125],"rotation":0,"texture":"#0","tintindex":0},"up":{"uv":[11.875,7.875,12.125,7.75],"rotation":0,"texture":"#0","tintindex":0},"west":{"uv":[11.875,7.875,11.75,8.125],"rotation":0,"texture":"#0","tintindex":0}}},{"name":"cube","from":[-7.12,-6.3040004,4.640001],"to":[2.96,10.496002,11.360002],"rotation":{"angle":0.0,"axis":"x","origin":[-3.7600007,-9.664004,16.400002]},"faces":{"down":{"uv":[11.375,1.875,11.75,2.125],"rotation":0,"texture":"#0","tintindex":0},"east":{"uv":[11.625,2.125,11.375,2.75],"rotation":0,"texture":"#0","tintindex":0},"north":{"uv":[11.375,2.125,11.0,2.75],"rotation":0,"texture":"#0","tintindex":0},"south":{"uv":[12.0,2.125,11.625,2.75],"rotation":0,"texture":"#0","tintindex":0},"up":{"uv":[11.0,2.125,11.375,1.875],"rotation":0,"texture":"#0","tintindex":0},"west":{"uv":[11.0,2.125,10.75,2.75],"rotation":0,"texture":"#0","tintindex":0}}},{"name":"cube","from":[-6.2800016,9.655994,5.4800014],"to":[2.119999,23.096,10.52],"rotation":{"angle":-22.5,"axis":"z","origin":[-5.4400005,9.655994,9.680002]},"faces":{"down":{"uv":[12.0,3.75,12.25,3.875],"rotation":0,"texture":"#0","tintindex":0},"east":{"uv":[12.125,3.875,12.0,4.375],"rotation":0,"texture":"#0","tintindex":0},"north":{"uv":[12.0,3.875,11.75,4.375],"rotation":0,"texture":"#0","tintindex":0},"south":{"uv":[12.375,3.875,12.125,4.375],"rotation":0,"texture":"#0","tintindex":0},"up":{"uv":[11.75,3.875,12.0,3.75],"rotation":0,"texture":"#0","tintindex":0},"west":{"uv":[11.75,3.875,11.625,4.375],"rotation":0,"texture":"#0","tintindex":0}}},{"name":"cube","from":[-0.40000153,21.919998,6.3200006],"to":[6.319999,32.0,9.680002],"rotation":{"angle":-45.0,"axis":"z","origin":[-0.40000153,21.919998,9.680002]},"faces":{"down":{"uv":[7.625,11.75,7.875,11.875],"rotation":0,"texture":"#0","tintindex":0},"east":{"uv":[7.75,11.875,7.625,12.25],"rotation":0,"texture":"#0","tintindex":0},"north":{"uv":[7.625,11.875,7.375,12.25],"rotation":0,"texture":"#0","tintindex":0},"south":{"uv":[8.0,11.875,7.75,12.25],"rotation":0,"texture":"#0","tintindex":0},"up":{"uv":[7.375,11.875,7.625,11.75],"rotation":0,"texture":"#0","tintindex":0},"west":{"uv":[7.375,11.875,7.25,12.25],"rotation":0,"texture":"#0","tintindex":0}}}],"display":{"head":{"translation":[0.0,28.185614,0.0],"rotation":[0.0,0.0,0.0],"scale":[3.8095,3.8095,3.8095]}}}