{"textures":{"0":"modelengine:entity/jackpot_mc"},"elements":[{"from":[7.542857,8.457143,7.4857144],"to":[8.457143,9.3714285,8.514286],"rotation":{"angle":0.0,"axis":"y","origin":[9.828571,7.2,7.714286]},"faces":{"east":{"uv":[12.75,12.875,13.0,13.125],"rotation":0,"texture":"#0","tintindex":0},"south":{"uv":[13.0,1.0,13.25,1.25],"rotation":0,"texture":"#0","tintindex":0},"north":{"uv":[12.875,10.875,13.125,11.125],"rotation":0,"texture":"#0","tintindex":0},"west":{"uv":[13.0,1.25,13.25,1.5],"rotation":0,"texture":"#0","tintindex":0},"up":{"uv":[13.25,1.75,13.0,1.5],"rotation":0,"texture":"#0","tintindex":0},"down":{"uv":[13.25,1.75,13.0,2.0],"rotation":0,"texture":"#0","tintindex":0}}},{"from":[7.6862855,8.3148575,7.4862857],"to":[8.313714,9.513715,8.513714],"rotation":{"angle":0.0,"axis":"y","origin":[9.828571,7.2,7.714286]},"faces":{"east":{"uv":[1.875,13.0,2.125,13.25],"rotation":0,"texture":"#0","tintindex":0},"south":{"uv":[5.375,13.375,5.5,13.625],"rotation":0,"texture":"#0","tintindex":0},"north":{"uv":[11.0,3.5,11.125,3.75],"rotation":0,"texture":"#0","tintindex":0},"west":{"uv":[13.0,2.0,13.25,2.25],"rotation":0,"texture":"#0","tintindex":0},"up":{"uv":[7.375,13.625,7.25,13.375],"rotation":0,"texture":"#0","tintindex":0},"down":{"uv":[8.5,13.375,8.375,13.625],"rotation":0,"texture":"#0","tintindex":0}}},{"from":[8.457143,6.1714287,7.4857144],"to":[8.914286,9.3714285,8.514286],"rotation":{"angle":0.0,"axis":"y","origin":[10.171429,7.2,7.714286]},"faces":{"east":{"uv":[7.5,9.0,7.75,9.75],"rotation":0,"texture":"#0","tintindex":0},"south":{"uv":[4.875,11.875,5.0,12.625],"rotation":0,"texture":"#0","tintindex":0},"north":{"uv":[11.875,4.375,12.0,5.125],"rotation":0,"texture":"#0","tintindex":0},"west":{"uv":[7.75,9.0,8.0,9.75],"rotation":0,"texture":"#0","tintindex":0},"up":{"uv":[13.625,0.5,13.5,0.25],"rotation":0,"texture":"#0","tintindex":0},"down":{"uv":[13.625,0.5,13.5,0.75],"rotation":0,"texture":"#0","tintindex":0}}},{"from":[8.3148575,6.029143,7.4862857],"to":[9.056572,9.513715,8.513714],"rotation":{"angle":0.0,"axis":"y","origin":[10.171429,7.2,7.714286]},"faces":{"east":{"uv":[8.0,9.0,8.25,9.75],"rotation":0,"texture":"#0","tintindex":0},"south":{"uv":[5.125,11.875,5.25,12.625],"rotation":0,"texture":"#0","tintindex":0},"north":{"uv":[5.0,11.875,5.125,12.625],"rotation":0,"texture":"#0","tintindex":0},"west":{"uv":[8.25,9.0,8.5,9.75],"rotation":0,"texture":"#0","tintindex":0},"up":{"uv":[13.625,1.0,13.5,0.75],"rotation":0,"texture":"#0","tintindex":0},"down":{"uv":[13.625,1.0,13.5,1.25],"rotation":0,"texture":"#0","tintindex":0}}},{"from":[7.542857,7.0857143,7.4857144],"to":[8.457143,8.0,8.514286],"rotation":{"angle":0.0,"axis":"y","origin":[9.828571,7.2,7.714286]},"faces":{"east":{"uv":[13.0,2.25,13.25,2.5],"rotation":0,"texture":"#0","tintindex":0},"south":{"uv":[2.375,13.0,2.625,13.25],"rotation":0,"texture":"#0","tintindex":0},"north":{"uv":[2.125,13.0,2.375,13.25],"rotation":0,"texture":"#0","tintindex":0},"west":{"uv":[2.625,13.0,2.875,13.25],"rotation":0,"texture":"#0","tintindex":0},"up":{"uv":[3.125,13.25,2.875,13.0],"rotation":0,"texture":"#0","tintindex":0},"down":{"uv":[3.375,13.0,3.125,13.25],"rotation":0,"texture":"#0","tintindex":0}}},{"from":[7.6862855,6.9434285,7.4862857],"to":[8.313714,8.142285,8.513714],"rotation":{"angle":0.0,"axis":"y","origin":[9.828571,7.2,7.714286]},"faces":{"east":{"uv":[3.375,13.0,3.625,13.25],"rotation":0,"texture":"#0","tintindex":0},"south":{"uv":[13.5,1.5,13.625,1.75],"rotation":0,"texture":"#0","tintindex":0},"north":{"uv":[13.5,1.25,13.625,1.5],"rotation":0,"texture":"#0","tintindex":0},"west":{"uv":[4.5,13.0,4.75,13.25],"rotation":0,"texture":"#0","tintindex":0},"up":{"uv":[1.875,13.75,1.75,13.5],"rotation":0,"texture":"#0","tintindex":0},"down":{"uv":[13.625,1.75,13.5,2.0],"rotation":0,"texture":"#0","tintindex":0}}},{"from":[7.0857143,6.1714287,7.4857144],"to":[7.542857,9.3714285,8.514286],"rotation":{"angle":0.0,"axis":"y","origin":[9.828571,7.2,7.714286]},"faces":{"east":{"uv":[8.5,9.0,8.75,9.75],"rotation":0,"texture":"#0","tintindex":0},"south":{"uv":[5.25,11.875,5.375,12.625],"rotation":0,"texture":"#0","tintindex":0},"north":{"uv":[11.875,5.125,12.0,5.875],"rotation":0,"texture":"#0","tintindex":0},"west":{"uv":[8.75,9.0,9.0,9.75],"rotation":0,"texture":"#0","tintindex":0},"up":{"uv":[2.0,13.75,1.875,13.5],"rotation":0,"texture":"#0","tintindex":0},"down":{"uv":[2.125,13.5,2.0,13.75],"rotation":0,"texture":"#0","tintindex":0}}},{"from":[6.9434285,6.029143,7.4862857],"to":[7.685143,9.513715,8.513714],"rotation":{"angle":0.0,"axis":"y","origin":[9.828571,7.2,7.714286]},"faces":{"east":{"uv":[9.0,9.0,9.25,9.75],"rotation":0,"texture":"#0","tintindex":0},"south":{"uv":[5.5,11.875,5.625,12.625],"rotation":0,"texture":"#0","tintindex":0},"north":{"uv":[5.375,11.875,5.5,12.625],"rotation":0,"texture":"#0","tintindex":0},"west":{"uv":[0.0,9.25,0.25,10.0],"rotation":0,"texture":"#0","tintindex":0},"up":{"uv":[13.625,2.25,13.5,2.0],"rotation":0,"texture":"#0","tintindex":0},"down":{"uv":[2.25,13.5,2.125,13.75],"rotation":0,"texture":"#0","tintindex":0}}}],"display":{"head":{"translation":[0.0,-6.4,0.0],"scale":[4.0,4.0,4.0]}}}