{"textures":{"0":"modelengine:entity/jackpot_mc"},"elements":[{"from":[8.694702,6.737609,7.566081],"to":[9.608988,9.937609,8.594652],"rotation":{"angle":0.0,"axis":"y","origin":[14.63756,7.7661805,7.7946525]},"faces":{"east":{"uv":[0.5,9.25,0.75,10.0],"rotation":0,"texture":"#0","tintindex":0},"south":{"uv":[0.75,9.25,1.0,10.0],"rotation":0,"texture":"#0","tintindex":0},"north":{"uv":[0.25,9.25,0.5,10.0],"rotation":0,"texture":"#0","tintindex":0},"west":{"uv":[1.0,9.25,1.25,10.0],"rotation":0,"texture":"#0","tintindex":0},"up":{"uv":[5.875,13.25,5.625,13.0],"rotation":0,"texture":"#0","tintindex":0},"down":{"uv":[7.75,13.0,7.5,13.25],"rotation":0,"texture":"#0","tintindex":0}}},{"from":[7.508895,6.739349,7.5676813],"to":[8.350455,7.0865955,8.5939665],"rotation":{"angle":0.0,"axis":"y","origin":[14.523026,7.7667775,7.7951097]},"faces":{"east":{"uv":[9.75,8.125,10.0,8.25],"rotation":0,"texture":"#0","tintindex":0},"south":{"uv":[11.0,4.125,11.125,4.25],"rotation":0,"texture":"#0","tintindex":0},"north":{"uv":[11.0,1.125,11.125,1.25],"rotation":0,"texture":"#0","tintindex":0},"west":{"uv":[10.0,8.125,10.25,8.25],"rotation":0,"texture":"#0","tintindex":0},"up":{"uv":[2.375,13.75,2.25,13.5],"rotation":0,"texture":"#0","tintindex":0},"down":{"uv":[13.625,2.25,13.5,2.5],"rotation":0,"texture":"#0","tintindex":0}}},{"from":[7.3780093,6.596492,7.5682526],"to":[8.493312,7.1433353,8.5939665],"rotation":{"angle":0.0,"axis":"y","origin":[14.523026,7.7667775,7.7951097]},"faces":{"east":{"uv":[6.5,10.75,6.75,10.875],"rotation":0,"texture":"#0","tintindex":0},"south":{"uv":[11.375,11.25,11.625,11.375],"rotation":0,"texture":"#0","tintindex":0},"north":{"uv":[10.75,4.125,11.0,4.25],"rotation":0,"texture":"#0","tintindex":0},"west":{"uv":[11.625,2.875,11.875,3.0],"rotation":0,"texture":"#0","tintindex":0},"up":{"uv":[13.25,8.25,13.0,8.0],"rotation":0,"texture":"#0","tintindex":0},"down":{"uv":[8.875,13.0,8.625,13.25],"rotation":0,"texture":"#0","tintindex":0}}},{"from":[7.6146307,9.632296,7.5677953],"to":[8.350393,9.9357195,8.59351],"rotation":{"angle":0.0,"axis":"y","origin":[14.63756,7.7661805,7.7946525]},"faces":{"east":{"uv":[11.75,11.125,12.0,11.25],"rotation":0,"texture":"#0","tintindex":0},"south":{"uv":[11.125,2.625,11.25,2.75],"rotation":0,"texture":"#0","tintindex":0},"north":{"uv":[4.875,11.0,5.0,11.125],"rotation":0,"texture":"#0","tintindex":0},"west":{"uv":[10.5,11.875,10.75,12.0],"rotation":0,"texture":"#0","tintindex":0},"up":{"uv":[2.5,13.75,2.375,13.5],"rotation":0,"texture":"#0","tintindex":0},"down":{"uv":[2.625,13.5,2.5,13.75],"rotation":0,"texture":"#0","tintindex":0}}},{"from":[7.4837446,9.575556,7.568367],"to":[8.49325,10.078577,8.59351],"rotation":{"angle":0.0,"axis":"y","origin":[14.63756,7.7661805,7.7946525]},"faces":{"east":{"uv":[12.125,4.25,12.375,4.375],"rotation":0,"texture":"#0","tintindex":0},"south":{"uv":[6.0,12.25,6.25,12.375],"rotation":0,"texture":"#0","tintindex":0},"north":{"uv":[12.0,11.625,12.25,11.75],"rotation":0,"texture":"#0","tintindex":0},"west":{"uv":[7.5,12.375,7.75,12.5],"rotation":0,"texture":"#0","tintindex":0},"up":{"uv":[9.125,13.25,8.875,13.0],"rotation":0,"texture":"#0","tintindex":0},"down":{"uv":[9.375,13.0,9.125,13.25],"rotation":0,"texture":"#0","tintindex":0}}},{"from":[8.552988,6.595895,7.567224],"to":[9.750702,10.079323,8.59351],"rotation":{"angle":0.0,"axis":"y","origin":[14.63756,7.7661805,7.7946525]},"faces":{"east":{"uv":[1.5,9.25,1.75,10.0],"rotation":0,"texture":"#0","tintindex":0},"south":{"uv":[1.75,9.25,2.0,10.0],"rotation":0,"texture":"#0","tintindex":0},"north":{"uv":[1.25,9.25,1.5,10.0],"rotation":0,"texture":"#0","tintindex":0},"west":{"uv":[9.25,2.0,9.5,2.75],"rotation":0,"texture":"#0","tintindex":0},"up":{"uv":[9.625,13.25,9.375,13.0],"rotation":0,"texture":"#0","tintindex":0},"down":{"uv":[9.875,13.0,9.625,13.25],"rotation":0,"texture":"#0","tintindex":0}}},{"from":[9.5338745,3.079894,7.56551],"to":[10.449304,6.2810373,8.595224],"rotation":{"angle":0.0,"axis":"y","origin":[13.191589,7.7661805,7.7946525]},"faces":{"east":{"uv":[9.25,4.25,9.5,5.0],"rotation":0,"texture":"#0","tintindex":0},"south":{"uv":[9.25,5.0,9.5,5.75],"rotation":0,"texture":"#0","tintindex":0},"north":{"uv":[9.25,2.75,9.5,3.5],"rotation":0,"texture":"#0","tintindex":0},"west":{"uv":[9.25,6.25,9.5,7.0],"rotation":0,"texture":"#0","tintindex":0},"up":{"uv":[10.125,13.25,9.875,13.0],"rotation":0,"texture":"#0","tintindex":0},"down":{"uv":[10.375,13.0,10.125,13.25],"rotation":0,"texture":"#0","tintindex":0}}},{"from":[8.269181,5.778206,7.566081],"to":[9.183467,6.4258466,8.594652],"rotation":{"angle":-45.0,"axis":"z","origin":[8.726324,4.8258467,7.7946525]},"faces":{"east":{"uv":[12.5,8.0,12.75,8.125],"rotation":0,"texture":"#0","tintindex":0},"south":{"uv":[13.375,12.0,13.625,12.125],"rotation":0,"texture":"#0","tintindex":0},"north":{"uv":[12.375,12.125,12.625,12.25],"rotation":0,"texture":"#0","tintindex":0},"west":{"uv":[2.625,13.5,2.875,13.625],"rotation":0,"texture":"#0","tintindex":0},"up":{"uv":[10.625,13.25,10.375,13.0],"rotation":0,"texture":"#0","tintindex":0},"down":{"uv":[10.875,13.0,10.625,13.25],"rotation":0,"texture":"#0","tintindex":0}}},{"from":[7.3548956,4.270662,7.566081],"to":[8.269181,5.831445,8.594652],"rotation":{"angle":45.0,"axis":"z","origin":[7.8120384,6.4420905,7.7946525]},"faces":{"east":{"uv":[11.875,5.875,12.125,6.25],"rotation":0,"texture":"#0","tintindex":0},"south":{"uv":[11.875,6.25,12.125,6.625],"rotation":0,"texture":"#0","tintindex":0},"north":{"uv":[5.625,11.875,5.875,12.25],"rotation":0,"texture":"#0","tintindex":0},"west":{"uv":[11.875,6.625,12.125,7.0],"rotation":0,"texture":"#0","tintindex":0},"up":{"uv":[11.125,13.25,10.875,13.0],"rotation":0,"texture":"#0","tintindex":0},"down":{"uv":[11.375,13.0,11.125,13.25],"rotation":0,"texture":"#0","tintindex":0}}},{"from":[7.705303,3.079894,7.56551],"to":[8.620731,6.2810373,8.595224],"rotation":{"angle":0.0,"axis":"y","origin":[13.191589,7.7661805,7.7946525]},"faces":{"east":{"uv":[9.25,9.0,9.5,9.75],"rotation":0,"texture":"#0","tintindex":0},"south":{"uv":[9.5,2.0,9.75,2.75],"rotation":0,"texture":"#0","tintindex":0},"north":{"uv":[9.25,7.0,9.5,7.75],"rotation":0,"texture":"#0","tintindex":0},"west":{"uv":[9.5,2.75,9.75,3.5],"rotation":0,"texture":"#0","tintindex":0},"up":{"uv":[11.625,13.25,11.375,13.0],"rotation":0,"texture":"#0","tintindex":0},"down":{"uv":[11.875,13.0,11.625,13.25],"rotation":0,"texture":"#0","tintindex":0}}},{"from":[9.39216,2.9381804,7.5666523],"to":[10.591018,6.422752,8.594081],"rotation":{"angle":0.0,"axis":"y","origin":[13.191589,7.7661805,7.7946525]},"faces":{"east":{"uv":[9.5,5.0,9.75,5.75],"rotation":0,"texture":"#0","tintindex":0},"south":{"uv":[9.5,6.25,9.75,7.0],"rotation":0,"texture":"#0","tintindex":0},"north":{"uv":[9.5,4.25,9.75,5.0],"rotation":0,"texture":"#0","tintindex":0},"west":{"uv":[9.5,7.0,9.75,7.75],"rotation":0,"texture":"#0","tintindex":0},"up":{"uv":[13.25,11.875,13.0,11.625],"rotation":0,"texture":"#0","tintindex":0},"down":{"uv":[12.125,13.0,11.875,13.25],"rotation":0,"texture":"#0","tintindex":0}}},{"from":[8.127467,5.636492,7.567224],"to":[9.039467,6.4247036,8.59351],"rotation":{"angle":-45.0,"axis":"z","origin":[8.726324,4.8258467,7.7946525]},"faces":{"east":{"uv":[2.875,13.5,3.125,13.625],"rotation":0,"texture":"#0","tintindex":0},"south":{"uv":[13.5,2.875,13.75,3.0],"rotation":0,"texture":"#0","tintindex":0},"north":{"uv":[13.5,2.75,13.75,2.875],"rotation":0,"texture":"#0","tintindex":0},"west":{"uv":[13.5,3.0,13.75,3.125],"rotation":0,"texture":"#0","tintindex":0},"up":{"uv":[12.375,13.25,12.125,13.0],"rotation":0,"texture":"#0","tintindex":0},"down":{"uv":[13.25,12.125,13.0,12.375],"rotation":0,"texture":"#0","tintindex":0}}},{"from":[7.213181,4.1289473,7.567224],"to":[8.410895,5.8303022,8.59351],"rotation":{"angle":45.0,"axis":"z","origin":[7.8120384,6.4420905,7.7946525]},"faces":{"east":{"uv":[11.875,7.375,12.125,7.75],"rotation":0,"texture":"#0","tintindex":0},