{"textures":{"0":"modelengine:entity/jackpot_mc"},"elements":[{"from":[6.508359,8.342857,7.452794],"to":[9.251216,9.257143,8.481365],"rotation":{"angle":22.5,"axis":"y","origin":[8.022645,8.0,7.6813655]},"faces":{"east":{"uv":[0.5,13.125,0.75,13.375],"rotation":0,"texture":"#0","tintindex":0},"south":{"uv":[10.5,3.25,11.125,3.5],"rotation":0,"texture":"#0","tintindex":0},"north":{"uv":[10.5,3.0,11.125,3.25],"rotation":0,"texture":"#0","tintindex":0},"west":{"uv":[0.75,13.125,1.0,13.375],"rotation":0,"texture":"#0","tintindex":0},"up":{"uv":[11.125,4.5,10.5,4.25],"rotation":0,"texture":"#0","tintindex":0},"down":{"uv":[11.125,4.5,10.5,4.75],"rotation":0,"texture":"#0","tintindex":0}}},{"from":[7.4226446,6.0571427,7.452794],"to":[8.33693,8.342857,8.481365],"rotation":{"angle":22.5,"axis":"y","origin":[8.022645,8.0,7.6813655]},"faces":{"east":{"uv":[6.0,11.5,6.25,12.0],"rotation":0,"texture":"#0","tintindex":0},"south":{"uv":[3.75,11.625,4.0,12.125],"rotation":0,"texture":"#0","tintindex":0},"north":{"uv":[6.5,7.75,6.75,8.25],"rotation":0,"texture":"#0","tintindex":0},"west":{"uv":[4.0,11.625,4.25,12.125],"rotation":0,"texture":"#0","tintindex":0},"up":{"uv":[1.25,13.375,1.0,13.125],"rotation":0,"texture":"#0","tintindex":0},"down":{"uv":[1.5,13.125,1.25,13.375],"rotation":0,"texture":"#0","tintindex":0}}},{"from":[6.366073,8.200571,7.4533653],"to":[9.393502,9.399428,8.480794],"rotation":{"angle":22.5,"axis":"y","origin":[8.022645,8.0,7.6813655]},"faces":{"east":{"uv":[1.5,13.125,1.75,13.375],"rotation":0,"texture":"#0","tintindex":0},"south":{"uv":[10.5,5.0,11.125,5.25],"rotation":0,"texture":"#0","tintindex":0},"north":{"uv":[10.5,4.75,11.125,5.0],"rotation":0,"texture":"#0","tintindex":0},"west":{"uv":[13.125,2.5,13.375,2.75],"rotation":0,"texture":"#0","tintindex":0},"up":{"uv":[11.125,5.5,10.5,5.25],"rotation":0,"texture":"#0","tintindex":0},"down":{"uv":[6.125,10.5,5.5,10.75],"rotation":0,"texture":"#0","tintindex":0}}},{"from":[7.280359,5.914857,7.4533653],"to":[8.479217,8.199429,8.480794],"rotation":{"angle":22.5,"axis":"y","origin":[8.022645,8.0,7.6813655]},"faces":{"east":{"uv":[11.625,5.625,11.875,6.125],"rotation":0,"texture":"#0","tintindex":0},"south":{"uv":[11.625,6.125,11.875,6.625],"rotation":0,"texture":"#0","tintindex":0},"north":{"uv":[4.25,11.625,4.5,12.125],"rotation":0,"texture":"#0","tintindex":0},"west":{"uv":[6.25,11.625,6.5,12.125],"rotation":0,"texture":"#0","tintindex":0},"up":{"uv":[3.875,13.375,3.625,13.125],"rotation":0,"texture":"#0","tintindex":0},"down":{"uv":[4.125,13.125,3.875,13.375],"rotation":0,"texture":"#0","tintindex":0}}}],"display":{"head":{"translation":[0.0,-6.4,0.0],"scale":[4.0,4.0,4.0]}}}