{"textures":{"0":"modelengine:entity/artoriasknight"},"elements":[{"name":"cube","from":[7.2015867,6.4025183,3.9972355],"to":[8.395587,9.0965185,6.3912354],"rotation":{"angle":0.0,"axis":"x","origin":[8.913673,7.5217924,4.8465104]},"faces":{"down":{"uv":[14.5,13.625,14.25,14.125],"rotation":0,"texture":"#0","tintindex":0},"east":{"uv":[9.5,12.375,10.0,13.0],"rotation":0,"texture":"#0","tintindex":0},"north":{"uv":[5.375,13.75,5.625,14.375],"rotation":0,"texture":"#0","tintindex":0},"south":{"uv":[5.625,13.75,5.875,14.375],"rotation":0,"texture":"#0","tintindex":0},"up":{"uv":[13.75,14.75,13.5,14.25],"rotation":0,"texture":"#0","tintindex":0},"west":{"uv":[4.0,12.5,4.5,13.125],"rotation":0,"texture":"#0","tintindex":0}}},{"name":"cube","from":[6.393176,6.3995185,2.1880732],"to":[6.393176,9.099519,4.5880737],"rotation":{"angle":0.0,"axis":"x","origin":[7.893176,7.7495184,2.788073]},"faces":{"down":{"uv":[0.0,0.0,0.0,0.5],"rotation":0,"texture":"#0","tintindex":0},"east":{"uv":[12.5,4.125,13.0,4.75],"rotation":0,"texture":"#0","tintindex":0},"north":{"uv":[0.0,0.0,0.0,0.625],"rotation":0,"texture":"#0","tintindex":0},"south":{"uv":[0.0,0.0,0.0,0.625],"rotation":0,"texture":"#0","tintindex":0},"up":{"uv":[0.0,0.5,0.0,0.0],"rotation":0,"texture":"#0","tintindex":0},"west":{"uv":[12.5,6.125,13.0,6.75],"rotation":0,"texture":"#0","tintindex":0}}},{"name":"cube","from":[7.5599027,6.3995185,11.07214],"to":[7.5599027,9.099519,13.472139],"rotation":{"angle":0.0,"axis":"x","origin":[7.893176,7.7495184,11.555414]},"faces":{"down":{"uv":[0.0,0.5,0.0,0.0],"rotation":0,"texture":"#0","tintindex":0},"east":{"uv":[13.0,4.125,12.5,4.75],"rotation":0,"texture":"#0","tintindex":0},"north":{"uv":[0.0,0.0,0.0,0.625],"rotation":0,"texture":"#0","tintindex":0},"south":{"uv":[0.0,0.0,0.0,0.625],"rotation":0,"texture":"#0","tintindex":0},"up":{"uv":[0.0,0.0,0.0,0.5],"rotation":0,"texture":"#0","tintindex":0},"west":{"uv":[12.5,4.125,13.0,4.75],"rotation":0,"texture":"#0","tintindex":0}}},{"name":"cube","from":[8.368313,6.4025183,9.118978],"to":[9.562313,9.0965185,11.512979],"rotation":{"angle":0.0,"axis":"x","origin":[8.913673,7.5217924,9.496977]},"faces":{"down":{"uv":[14.5,14.125,14.25,13.625],"rotation":0,"texture":"#0","tintindex":0},"east":{"uv":[10.0,12.375,9.5,13.0],"rotation":0,"texture":"#0","tintindex":0},"north":{"uv":[5.875,13.75,5.625,14.375],"rotation":0,"texture":"#0","tintindex":0},"south":{"uv":[5.625,13.75,5.375,14.375],"rotation":0,"texture":"#0","tintindex":0},"up":{"uv":[13.75,14.25,13.5,14.75],"rotation":0,"texture":"#0","tintindex":0},"west":{"uv":[4.5,12.5,4.0,13.125],"rotation":0,"texture":"#0","tintindex":0}}},{"name":"cube","from":[8.4568,6.4037437,6.266944],"to":[9.656799,9.103744,9.686944],"rotation":{"angle":0.0,"axis":"x","origin":[9.004777,7.7396975,8.270876]},"faces":{"down":{"uv":[3.0,13.75,2.75,14.5],"rotation":0,"texture":"#0","tintindex":0},"east":{"uv":[11.125,2.625,11.875,3.25],"rotation":0,"texture":"#0","tintindex":0},"north":{"uv":[5.875,13.75,6.125,14.375],"rotation":0,"texture":"#0","tintindex":0},"south":{"uv":[6.125,13.75,6.375,14.375],"rotation":0,"texture":"#0","tintindex":0},"up":{"uv":[2.75,14.5,2.5,13.75],"rotation":0,"texture":"#0","tintindex":0},"west":{"uv":[4.875,11.125,5.625,11.75],"rotation":0,"texture":"#0","tintindex":0}}},{"name":"cube","from":[7.406691,8.491798,5.2854967],"to":[8.505171,9.494278,6.8879766],"rotation":{"angle":22.5,"axis":"y","origin":[7.895931,9.053038,5.7867374]},"faces":{"down":{"uv":[4.75,14.375,4.5,14.75],"rotation":0,"texture":"#0","tintindex":0},"east":{"uv":[14.25,9.75,14.625,10.0],"rotation":0,"texture":"#0","tintindex":0},"north":{"uv":[12.75,14.375,13.0,14.625],"rotation":0,"texture":"#0","tintindex":0},"south":{"uv":[14.0,14.375,14.25,14.625],"rotation":0,"texture":"#0","tintindex":0},"up":{"uv":[4.5,14.75,4.25,14.375],"rotation":0,"texture":"#0","tintindex":0},"west":{"uv":[14.375,0.0,14.75,0.25],"rotation":0,"texture":"#0","tintindex":0}}},{"name":"cube","from":[8.006691,8.491798,8.95551],"to":[9.105171,9.494278,10.557991],"rotation":{"angle":-22.5,"axis":"y","origin":[7.895931,9.053038,8.556749]},"faces":{"down":{"uv":[4.75,14.75,4.5,14.375],"rotation":0,"texture":"#0","tintindex":0},"east":{"uv":[14.625,9.75,14.25,10.0],"rotation":0,"texture":"#0","tintindex":0},"north":{"uv":[14.25,14.375,14.0,14.625],"rotation":0,"texture":"#0","tintindex":0},"south":{"uv":[13.0,14.375,12.75,14.625],"rotation":0,"texture":"#0","tintindex":0},"up":{"uv":[4.5,14.375,4.25,14.75],"rotation":0,"texture":"#0","tintindex":0},"west":{"uv":[14.75,0.0,14.375,0.25],"rotation":0,"texture":"#0","tintindex":0}}},{"name":"cube","from":[7.8668,8.464012,6.573805],"to":[8.9708,9.520012,9.381805],"rotation":{"angle":0.0,"axis":"x","origin":[8.4188,8.992013,7.9778047]},"faces":{"down":{"uv":[9.625,13.75,9.375,14.375],"rotation":0,"texture":"#0","tintindex":0},"east":{"uv":[13.75,3.625,14.375,3.875],"rotation":0,"texture":"#0","tintindex":0},"north":{"uv":[0.75,14.5,1.0,14.75],"rotation":0,"texture":"#0","tintindex":0},"south":{"uv":[1.0,14.5,1.25,14.75],"rotation":0,"texture":"#0","tintindex":0},"up":{"uv":[6.625,14.375,6.375,13.75],"rotation":0,"texture":"#0","tintindex":0},"west":{"uv":[13.75,5.125,14.375,5.375],"rotation":0,"texture":"#0","tintindex":0}}}],"display":{"head":{"translation":[0.0,-6.4,0.0],"rotation":[0.0,0.0,0.0],"scale":[3.8095,3.8095,3.8095]}}}