{"textures":{"0":"modelengine:entity/artoriasknight"},"elements":[{"name":"cube","from":[8.695604,-2.8319354,6.7169447],"to":[10.915604,-1.2119346,8.936945],"rotation":{"angle":0.0,"axis":"x","origin":[8.005604,-11.771935,5.4269447]},"faces":{"down":{"uv":[10.875,12.75,10.375,13.25],"rotation":0,"texture":"#0","tintindex":0},"east":{"uv":[13.375,13.5,13.875,13.875],"rotation":0,"texture":"#0","tintindex":0},"north":{"uv":[13.5,12.5,14.0,12.875],"rotation":0,"texture":"#0","tintindex":0},"south":{"uv":[0.0,13.625,0.5,14.0],"rotation":0,"texture":"#0","tintindex":0},"up":{"uv":[13.25,9.75,12.75,9.25],"rotation":0,"texture":"#0","tintindex":0},"west":{"uv":[13.625,0.375,14.125,0.75],"rotation":0,"texture":"#0","tintindex":0}}},{"name":"cube","from":[8.605604,-2.3219347,7.3769445],"to":[11.005604,-0.3719349,9.326944],"rotation":{"angle":-45.0,"axis":"x","origin":[9.805603,-1.7219348,7.826945]},"faces":{"down":{"uv":[14.125,5.875,13.625,6.25],"rotation":0,"texture":"#0","tintindex":0},"east":{"uv":[14.0,6.25,14.375,6.625],"rotation":0,"texture":"#0","tintindex":0},"north":{"uv":[0.5,13.625,1.0,14.0],"rotation":0,"texture":"#0","tintindex":0},"south":{"uv":[13.625,1.25,14.125,1.625],"rotation":0,"texture":"#0","tintindex":0},"up":{"uv":[14.125,2.5,13.625,2.125],"rotation":0,"texture":"#0","tintindex":0},"west":{"uv":[14.0,7.75,14.375,8.125],"rotation":0,"texture":"#0","tintindex":0}}},{"name":"cube","from":[8.5756035,-1.0716043,6.4030104],"to":[11.0356045,1.388396,9.463011],"rotation":{"angle":0.0,"axis":"x","origin":[9.805603,-1.1916041,7.933011]},"faces":{"down":{"uv":[12.125,12.25,11.625,12.875],"rotation":0,"texture":"#0","tintindex":0},"east":{"uv":[1.5,12.375,2.125,12.875],"rotation":0,"texture":"#0","tintindex":0},"north":{"uv":[13.25,11.375,12.75,11.875],"rotation":0,"texture":"#0","tintindex":0},"south":{"uv":[12.75,11.375,13.25,11.875],"rotation":0,"texture":"#0","tintindex":0},"up":{"uv":[12.125,12.875,11.625,12.25],"rotation":0,"texture":"#0","tintindex":0},"west":{"uv":[2.125,12.375,1.5,12.875],"rotation":0,"texture":"#0","tintindex":0}}},{"name":"cube","from":[8.185604,-0.08160448,6.7930107],"to":[11.425604,2.5583954,9.433011],"rotation":{"angle":45.0,"axis":"x","origin":[9.805603,1.6583959,7.933011]},"faces":{"down":{"uv":[9.625,11.0,8.875,11.625],"rotation":0,"texture":"#0","tintindex":0},"east":{"uv":[10.875,11.625,11.5,12.25],"rotation":0,"texture":"#0","tintindex":0},"north":{"uv":[1.125,11.0,1.875,11.625],"rotation":0,"texture":"#0","tintindex":0},"south":{"uv":[8.125,11.0,8.875,11.625],"rotation":0,"texture":"#0","tintindex":0},"up":{"uv":[11.75,9.375,11.0,8.75],"rotation":0,"texture":"#0","tintindex":0},"west":{"uv":[11.5,11.625,12.125,12.25],"rotation":0,"texture":"#0","tintindex":0}}},{"name":"cube","from":[8.155603,1.2341313,5.813305],"to":[11.455604,3.9341314,9.713305],"rotation":{"angle":0.0,"axis":"x","origin":[9.805603,1.2341313,7.763305]},"faces":{"down":{"uv":[7.75,9.625,7.0,10.5],"rotation":0,"texture":"#0","tintindex":0},"east":{"uv":[10.25,2.875,11.125,3.5],"rotation":0,"texture":"#0","tintindex":0},"north":{"uv":[9.625,11.0,10.375,11.625],"rotation":0,"texture":"#0","tintindex":0},"south":{"uv":[11.0,10.375,11.75,11.0],"rotation":0,"texture":"#0","tintindex":0},"up":{"uv":[7.0,10.5,6.25,9.625],"rotation":0,"texture":"#0","tintindex":0},"west":{"uv":[11.125,2.875,10.25,3.5],"rotation":0,"texture":"#0","tintindex":0}}},{"name":"cube","from":[8.065603,3.6941314,5.573305],"to":[11.545604,4.774132,10.253305],"rotation":{"angle":0.0,"axis":"x","origin":[9.805603,1.2341313,7.763305]},"faces":{"down":{"uv":[9.875,8.25,9.125,9.25],"rotation":0,"texture":"#0","tintindex":0},"east":{"uv":[12.625,1.5,13.625,1.75],"rotation":0,"texture":"#0","tintindex":0},"north":{"uv":[7.25,5.375,8.0,5.625],"rotation":0,"texture":"#0","tintindex":0},"south":{"uv":[10.375,5.625,11.125,5.875],"rotation":0,"texture":"#0","tintindex":0},"up":{"uv":[9.875,8.25,9.125,7.25],"rotation":0,"texture":"#0","tintindex":0},"west":{"uv":[13.625,1.5,12.625,1.75],"rotation":0,"texture":"#0","tintindex":0}}},{"name":"cube","from":[7.7056036,4.3841314,5.513305],"to":[11.905603,8.584131,10.313305],"rotation":{"angle":0.0,"axis":"x","origin":[9.805603,1.2341313,7.763305]},"faces":{"down":{"uv":[3.75,7.75,2.875,8.75],"rotation":0,"texture":"#0","tintindex":0},"east":{"uv":[1.0,7.75,2.0,8.625],"rotation":0,"texture":"#0","tintindex":0},"north":{"uv":[8.25,4.5,9.125,5.375],"rotation":0,"texture":"#0","tintindex":0},"south":{"uv":[8.25,6.75,9.125,7.625],"rotation":0,"texture":"#0","tintindex":0},"up":{"uv":[2.875,8.75,2.0,7.75],"rotation":0,"texture":"#0","tintindex":0},"west":{"uv":[1.0,7.75,2.0,8.625],"rotation":0,"texture":"#0","tintindex":0}}},{"name":"cube","from":[8.065603,6.8141317,6.2933054],"to":[11.545604,10.894133,10.373306],"rotation":{"angle":45.0,"axis":"x","origin":[9.805603,8.884131,7.9133053]},"faces":{"down":{"uv":[10.625,7.25,9.875,8.125],"rotation":0,"texture":"#0","tintindex":0},"east":{"uv":[8.25,7.625,9.125,8.5],"rotation":0,"texture":"#0","tintindex":0},"north":{"uv":[0.0,9.75,0.75,10.625],"rotation":0,"texture":"#0","tintindex":0},"south":{"uv":[2.875,9.75,3.625,10.625],"rotation":0,"texture":"#0","tintindex":0},"up":{"uv":[5.25,10.625,4.5,9.75],"rotation":0,"texture":"#0","tintindex":0},"west":{"uv":[8.375,2.75,9.25,3.625],"rotation":0,"texture":"#0","tintindex":0}}},{"name":"cube","from":[7.825604,4.5041313,10.103306],"to":[11.785604,8.464132,11.063305],"rotation":{"angle":0.0,"axis":"x","origin":[9.805603,1.2341313,7.763305]},"faces":{"down":{"uv":[14.125,1.0,13.25,1.25],"rotation":0,"texture":"#0","tintindex":0},"east":{"uv":[8.25,13.25,8.5,14.125],"rotation":0,"texture":"#0","tintindex":0},"north":{"uv":[5.75,8.5,6.625,9.375],"rotation":0,"texture":"#0","tintindex":0},"south":{"uv":[8.25,8.5,9.125,9.375],"rotation":0,"texture":"#0","tintindex":0},"up":{"uv":[13.875,4.875,13.0,4.625],"rotation":0,"texture":"#0","tintindex":0},"west":{"uv":[8.5,13.25,8.25,14.125],"rotation":0,"texture":"#0","tintindex":0}}},{"name":"cube","from":[8.095604,3.7241316,9.863306],"to":[11.515603,4.7441316,10.883305],"rotation":{"angle":22.5,"axis":"x","origin":[9.805603,4.2341313,10.313305]},"faces":{"down":{"uv":[14.25,12.875,13.5,13.125],"rotation":0,"texture":"#0","tintindex":0},"east":{"uv":[14.375,11.125,14.625,11.375],"rotation":0,"texture":"#0","tintindex":0},"north":{"uv":[13.375,4.375,14.125,4.625],"rotation":0,"texture":"#0","tintindex":0},"south":{"uv":[13.5,7.125,14.25,7.375],"rotation":0,"texture":"#0","tintindex":0},"up":{"uv":[14.25,9.25,13.5,9.0],"rotation":0,"texture":"#0","tintindex":0},"west":{"uv":[12.5,14.375,12.75,14.625],"rotation":0,"texture":"#0","tintindex":0}}},{"name":"cube","from":[8.185604,1.8641315,9.443306],"to":[11.425604,4.5041313,10.283305],"rotation":{"angle":22.5,"axis":"x","origin":[9.805603,3.1841314,9.863306]},"faces":{"down":{"uv":[14.375,2.5,13.625,2.75],"rotation":0,"texture":"#0","tintindex":0},"east":{"uv":[4.375,13.75,4.625,14.375],"rotation":0,"texture":"#0","tintindex":0},"north":{"uv":[11.0,11.0,11.75,11.625],"rotation":0,"texture":"#0","tintindex":0},"south":{"uv":[11.125,2.0,11.875,2.625],"rotation":0,"texture":"#0","tintindex":0},"up":{"uv":[14.375,1.0,13.625,0.75],"rotation":0,"texture":"#0","tintindex":0},"west":{"uv":[4.625,13.75,4.875,14.375],"rotation":0,"texture":"#0","tintindex":0}}},{"name":"cube","from":[9.68331,-0.8016043,5.8954945],"to":[11.003309,1.118396,6.6154943],"rotation":{"angle":-22.5,"axis":"y","origin":[9.827513,0.15839577,6.227971]},"faces":{"down":{"uv":[14.625,9.0,14.25,9.25],"rotation":0,"texture":"#0","tintindex":0},"east":{"uv":[14.125,8.5,14.375,9.0],"rotation":0,"texture":"#0","tintindex":0},"north":{"uv":[13.625,6.25,14.0,6.75],"rotation":0,"texture":"#0","tintindex":0},"south":{"uv":[11.125,13.625,11.5,14.125],"rotation":0,"texture":"#0","tintindex":0},"up":{"uv":[14.625,7.375,14.25,7.125],"rotation":0,"texture":"#0","tintindex":0},"west":{"uv":[9.625,14.125,9.875,14.625],