{"textures":{"0":"modelengine:entity/artoriasknight"},"elements":[{"name":"cube","from":[7.1,1.8714648,7.1201897],"to":[8.9,4.8714647,8.92019],"rotation":{"angle":0.0,"axis":"x","origin":[6.2,2.4714649,5.4701896]},"faces":{"down":{"uv":[13.625,13.875,13.25,14.25],"rotation":0,"texture":"#0","tintindex":0},"east":{"uv":[4.0,13.125,4.375,13.75],"rotation":0,"texture":"#0","tintindex":0},"north":{"uv":[1.0,13.125,1.375,13.75],"rotation":0,"texture":"#0","tintindex":0},"south":{"uv":[5.0,13.125,5.375,13.75],"rotation":0,"texture":"#0","tintindex":0},"up":{"uv":[14.25,13.5,13.875,13.125],"rotation":0,"texture":"#0","tintindex":0},"west":{"uv":[5.375,13.125,5.75,13.75],"rotation":0,"texture":"#0","tintindex":0}}},{"name":"cube","from":[7.01,4.331465,7.0301895],"to":[8.99,8.111465,9.010189],"rotation":{"angle":0.0,"axis":"x","origin":[6.2,2.171465,5.4701896]},"faces":{"down":{"uv":[14.0,13.875,13.625,14.25],"rotation":0,"texture":"#0","tintindex":0},"east":{"uv":[5.25,12.375,5.625,13.125],"rotation":0,"texture":"#0","tintindex":0},"north":{"uv":[2.75,12.25,3.125,13.0],"rotation":0,"texture":"#0","tintindex":0},"south":{"uv":[10.0,12.375,10.375,13.125],"rotation":0,"texture":"#0","tintindex":0},"up":{"uv":[14.25,13.875,13.875,13.5],"rotation":0,"texture":"#0","tintindex":0},"west":{"uv":[7.625,12.5,8.0,13.25],"rotation":0,"texture":"#0","tintindex":0}}},{"name":"cube","from":[7.16,2.981465,7.9301896],"to":[8.84,5.861465,9.610189],"rotation":{"angle":22.5,"axis":"x","origin":[8.0,4.421465,8.62019]},"faces":{"down":{"uv":[0.75,14.0,0.375,14.375],"rotation":0,"texture":"#0","tintindex":0},"east":{"uv":[10.0,13.125,10.375,13.75],"rotation":0,"texture":"#0","tintindex":0},"north":{"uv":[5.75,13.125,6.125,13.75],"rotation":0,"texture":"#0","tintindex":0},"south":{"uv":[13.125,11.875,13.5,12.5],"rotation":0,"texture":"#0","tintindex":0},"up":{"uv":[0.375,14.375,0.0,14.0],"rotation":0,"texture":"#0","tintindex":0},"west":{"uv":[13.125,12.5,13.5,13.125],"rotation":0,"texture":"#0","tintindex":0}}},{"name":"cube","from":[7.04,4.560047,8.527592],"to":[8.96,7.680047,10.447593],"rotation":{"angle":-22.5,"axis":"x","origin":[8.0,4.260047,8.677592]},"faces":{"down":{"uv":[14.375,3.125,14.0,3.5],"rotation":0,"texture":"#0","tintindex":0},"east":{"uv":[13.0,13.125,13.375,13.75],"rotation":0,"texture":"#0","tintindex":0},"north":{"uv":[12.625,13.125,13.0,13.75],"rotation":0,"texture":"#0","tintindex":0},"south":{"uv":[13.25,0.375,13.625,1.0],"rotation":0,"texture":"#0","tintindex":0},"up":{"uv":[14.375,3.125,14.0,2.75],"rotation":0,"texture":"#0","tintindex":0},"west":{"uv":[13.25,2.125,13.625,2.75],"rotation":0,"texture":"#0","tintindex":0}}},{"name":"cube","from":[6.92,7.691465,6.7001896],"to":[9.08,8.651465,8.860189],"rotation":{"angle":-22.5,"axis":"x","origin":[8.0,8.171465,7.9001894]},"faces":{"down":{"uv":[13.25,3.0,12.75,3.5],"rotation":0,"texture":"#0","tintindex":0},"east":{"uv":[7.375,14.125,7.875,14.375],"rotation":0,"texture":"#0","tintindex":0},"north":{"uv":[14.125,6.875,14.625,7.125],"rotation":0,"texture":"#0","tintindex":0},"south":{"uv":[14.125,7.375,14.625,7.625],"rotation":0,"texture":"#0","tintindex":0},"up":{"uv":[13.25,3.0,12.75,2.5],"rotation":0,"texture":"#0","tintindex":0},"west":{"uv":[7.875,14.125,8.375,14.375],"rotation":0,"texture":"#0","tintindex":0}}},{"name":"cube","from":[6.8599997,8.441465,6.4901896],"to":[9.139999,10.721466,8.17019],"rotation":{"angle":-22.5,"axis":"x","origin":[8.0,8.171465,7.9001894]},"faces":{"down":{"uv":[14.0,12.125,13.5,12.5],"rotation":0,"texture":"#0","tintindex":0},"east":{"uv":[13.5,10.375,13.875,10.875],"rotation":0,"texture":"#0","tintindex":0},"north":{"uv":[12.75,3.5,13.25,4.0],"rotation":0,"texture":"#0","tintindex":0},"south":{"uv":[12.75,7.375,13.25,7.875],"rotation":0,"texture":"#0","tintindex":0},"up":{"uv":[14.0,12.125,13.5,11.75],"rotation":0,"texture":"#0","tintindex":0},"west":{"uv":[13.5,10.875,13.875,11.375],"rotation":0,"texture":"#0","tintindex":0}}}],"display":{"head":{"translation":[0.0,-6.4,0.0],"rotation":[0.0,0.0,0.0],"scale":[3.8095,3.8095,3.8095]}}}