{"textures":{"0":"modelengine:entity/sm_artoriasknight"},"elements":[{"name":"cube","from":[6.8,5.949359,4.2295923],"to":[9.2,7.749359,5.429592],"rotation":{"angle":0.0,"axis":"x","origin":[9.8,5.949359,5.429592]},"faces":{"down":{"uv":[14.125,2.125,14.625,2.375],"rotation":0,"texture":"#0","tintindex":0},"east":{"uv":[14.625,1.625,14.375,2.0],"rotation":0,"texture":"#0","tintindex":0},"north":{"uv":[2.875,13.375,2.375,13.75],"rotation":0,"texture":"#0","tintindex":0},"south":{"uv":[3.375,13.375,2.875,13.75],"rotation":0,"texture":"#0","tintindex":0},"up":{"uv":[14.125,0.625,14.625,0.375],"rotation":0,"texture":"#0","tintindex":0},"west":{"uv":[14.625,1.125,14.375,1.5],"rotation":0,"texture":"#0","tintindex":0}}},{"name":"cube","from":[6.47,5.9193587,2.999592],"to":[8.93,7.779359,4.8595924],"rotation":{"angle":22.5,"axis":"y","origin":[8.0,6.8493586,3.3295922]},"faces":{"down":{"uv":[6.125,13.375,6.625,13.75],"rotation":0,"texture":"#0","tintindex":0},"east":{"uv":[14.25,10.75,13.875,11.125],"rotation":0,"texture":"#0","tintindex":0},"north":{"uv":[13.875,4.0,13.375,4.375],"rotation":0,"texture":"#0","tintindex":0},"south":{"uv":[4.875,13.375,4.375,13.75],"rotation":0,"texture":"#0","tintindex":0},"up":{"uv":[13.375,5.875,13.875,5.5],"rotation":0,"texture":"#0","tintindex":0},"west":{"uv":[14.25,10.375,13.875,10.75],"rotation":0,"texture":"#0","tintindex":0}}},{"name":"cube","from":[6.74,5.8893585,5.369592],"to":[9.26,7.809359,6.6895924],"rotation":{"angle":0.0,"axis":"x","origin":[9.8,5.949359,5.429592]},"faces":{"down":{"uv":[14.125,4.875,14.625,5.125],"rotation":0,"texture":"#0","tintindex":0},"east":{"uv":[14.625,2.875,14.375,3.25],"rotation":0,"texture":"#0","tintindex":0},"north":{"uv":[9.875,13.375,9.375,13.75],"rotation":0,"texture":"#0","tintindex":0},"south":{"uv":[13.875,13.125,13.375,13.5],"rotation":0,"texture":"#0","tintindex":0},"up":{"uv":[14.125,4.5,14.625,4.25],"rotation":0,"texture":"#0","tintindex":0},"west":{"uv":[14.625,2.5,14.375,2.875],"rotation":0,"texture":"#0","tintindex":0}}},{"name":"cube","from":[6.44,5.949359,6.629593],"to":[9.56,7.869359,9.149592],"rotation":{"angle":0.0,"axis":"x","origin":[9.8,5.949359,5.429592]},"faces":{"down":{"uv":[11.0,12.25,11.625,12.75],"rotation":0,"texture":"#0","tintindex":0},"east":{"uv":[14.0,3.125,13.5,3.5],"rotation":0,"texture":"#0","tintindex":0},"north":{"uv":[13.75,0.0,13.125,0.375],"rotation":0,"texture":"#0","tintindex":0},"south":{"uv":[13.75,1.75,13.125,2.125],"rotation":0,"texture":"#0","tintindex":0},"up":{"uv":[12.25,11.125,12.875,10.625],"rotation":0,"texture":"#0","tintindex":0},"west":{"uv":[14.0,2.75,13.5,3.125],"rotation":0,"texture":"#0","tintindex":0}}},{"name":"cube","from":[6.74,6.1293592,8.2795925],"to":[9.26,8.049358,9.599592],"rotation":{"angle":-22.5,"axis":"x","origin":[8.0,7.449359,9.0295925]},"faces":{"down":{"uv":[6.875,14.125,7.375,14.375],"rotation":0,"texture":"#0","tintindex":0},"east":{"uv":[3.75,14.375,3.5,14.75],"rotation":0,"texture":"#0","tintindex":0},"north":{"uv":[3.875,13.5,3.375,13.875],"rotation":0,"texture":"#0","tintindex":0},"south":{"uv":[14.0,7.75,13.5,8.125],"rotation":0,"texture":"#0","tintindex":0},"up":{"uv":[14.125,6.875,14.625,6.625],"rotation":0,"texture":"#0","tintindex":0},"west":{"uv":[3.25,14.375,3.0,14.75],"rotation":0,"texture":"#0","tintindex":0}}},{"name":"cube","from":[6.8,6.4972734,7.6569223],"to":[9.2,8.897274,9.456923],"rotation":{"angle":45.0,"axis":"x","origin":[8.0,8.747273,8.556922]},"faces":{"down":{"uv":[13.5,10.0,14.0,10.375],"rotation":0,"texture":"#0","tintindex":0},"east":{"uv":[8.875,13.5,8.5,14.0],"rotation":0,"texture":"#0","tintindex":0},"north":{"uv":[13.25,0.5,12.75,1.0],"rotation":0,"texture":"#0","tintindex":0},"south":{"uv":[13.25,1.0,12.75,1.5],"rotation":0,"texture":"#0","tintindex":0},"up":{"uv":[8.875,13.875,9.375,13.5],"rotation":0,"texture":"#0","tintindex":0},"west":{"uv":[13.875,8.125,13.5,8.625],"rotation":0,"texture":"#0","tintindex":0}}}],"display":{"head":{"translation":[0.0,-6.4,0.0],"rotation":[0.0,0.0,0.0],"scale":[3.8095,3.8095,3.8095]}}}