{"textures":{"0":"modelengine:entity/sm_artoriasknight"},"elements":[{"name":"cube","from":[7.0699863,5.8425274,5.899401],"to":[8.269987,9.442528,10.099401],"rotation":{"angle":0.0,"axis":"x","origin":[8.647993,7.761031,7.999401]},"faces":{"down":{"uv":[8.25,13.25,8.0,14.125],"rotation":0,"texture":"#0","tintindex":0},"east":{"uv":[5.125,2.75,6.0,3.5],"rotation":0,"texture":"#0","tintindex":0},"north":{"uv":[7.0,7.875,7.25,8.625],"rotation":0,"texture":"#0","tintindex":0},"south":{"uv":[0.75,8.75,1.0,9.5],"rotation":0,"texture":"#0","tintindex":0},"up":{"uv":[8.0,14.125,7.75,13.25],"rotation":0,"texture":"#0","tintindex":0},"west":{"uv":[3.625,9.625,4.5,10.375],"rotation":0,"texture":"#0","tintindex":0}}},{"name":"cube","from":[7.904006,5.688037,5.599401],"to":[8.504005,9.888037,10.399401],"rotation":{"angle":0.0,"axis":"x","origin":[8.647993,7.761031,7.999401]},"faces":{"down":{"uv":[8.875,14.0,8.75,15.0],"rotation":0,"texture":"#0","tintindex":0},"east":{"uv":[7.125,3.625,8.125,4.5],"rotation":0,"texture":"#0","tintindex":0},"north":{"uv":[4.375,6.875,4.5,7.75],"rotation":0,"texture":"#0","tintindex":0},"south":{"uv":[3.625,8.75,3.75,9.625],"rotation":0,"texture":"#0","tintindex":0},"up":{"uv":[9.375,14.875,9.25,13.875],"rotation":0,"texture":"#0","tintindex":0},"west":{"uv":[7.25,4.5,8.25,5.375],"rotation":0,"texture":"#0","tintindex":0}}},{"name":"cube","from":[7.754006,8.8380375,6.949401],"to":[8.354006,10.638037,8.749401],"rotation":{"angle":45.0,"axis":"x","origin":[8.054006,9.5880375,7.999401]},"faces":{"down":{"uv":[5.875,14.5,5.75,14.875],"rotation":0,"texture":"#0","tintindex":0},"east":{"uv":[12.875,13.75,13.25,14.125],"rotation":0,"texture":"#0","tintindex":0},"north":{"uv":[2.875,14.5,3.0,14.875],"rotation":0,"texture":"#0","tintindex":0},"south":{"uv":[14.5,5.375,14.625,5.75],"rotation":0,"texture":"#0","tintindex":0},"up":{"uv":[5.75,14.875,5.625,14.5],"rotation":0,"texture":"#0","tintindex":0},"west":{"uv":[3.25,13.875,3.625,14.25],"rotation":0,"texture":"#0","tintindex":0}}},{"name":"cube","from":[7.8140054,8.300169,5.599401],"to":[8.414005,10.10017,7.399401],"rotation":{"angle":22.5,"axis":"x","origin":[8.054006,9.800169,6.7994013]},"faces":{"down":{"uv":[8.625,14.5,8.5,14.875],"rotation":0,"texture":"#0","tintindex":0},"east":{"uv":[13.875,3.875,14.25,4.25],"rotation":0,"texture":"#0","tintindex":0},"north":{"uv":[5.875,14.5,6.0,14.875],"rotation":0,"texture":"#0","tintindex":0},"south":{"uv":[6.0,14.5,6.125,14.875],"rotation":0,"texture":"#0","tintindex":0},"up":{"uv":[14.625,8.5,14.5,8.125],"rotation":0,"texture":"#0","tintindex":0},"west":{"uv":[13.875,5.375,14.25,5.75],"rotation":0,"texture":"#0","tintindex":0}}},{"name":"cube","from":[7.874006,7.260648,5.152627],"to":[8.474006,9.060648,6.952627],"rotation":{"angle":-22.5,"axis":"x","origin":[8.114006,8.160647,5.692627]},"faces":{"down":{"uv":[14.625,10.75,14.5,11.125],"rotation":0,"texture":"#0","tintindex":0},"east":{"uv":[13.875,8.125,14.25,8.5],"rotation":0,"texture":"#0","tintindex":0},"north":{"uv":[8.625,14.5,8.75,14.875],"rotation":0,"texture":"#0","tintindex":0},"south":{"uv":[14.5,10.0,14.625,10.375],"rotation":0,"texture":"#0","tintindex":0},"up":{"uv":[14.625,10.75,14.5,10.375],"rotation":0,"texture":"#0","tintindex":0},"west":{"uv":[8.875,13.875,9.25,14.25],"rotation":0,"texture":"#0","tintindex":0}}},{"name":"cube","from":[7.8140054,8.300169,8.633808],"to":[8.414005,10.10017,10.433809],"rotation":{"angle":-22.5,"axis":"x","origin":[8.054006,9.800169,9.2338085]},"faces":{"down":{"uv":[8.625,14.875,8.5,14.5],"rotation":0,"texture":"#0","tintindex":0},"east":{"uv":[14.25,3.875,13.875,4.25],"rotation":0,"texture":"#0","tintindex":0},"north":{"uv":[6.125,14.5,6.0,14.875],"rotation":0,"texture":"#0","tintindex":0},"south":{"uv":[6.0,14.5,5.875,14.875],"rotation":0,"texture":"#0","tintindex":0},"up":{"uv":[14.625,8.125,14.5,8.5],"rotation":0,"texture":"#0","tintindex":0},"west":{"uv":[14.25,5.375,13.875,5.75],"rotation":0,"texture":"#0","tintindex":0}}},{"name":"cube","from":[7.874006,7.260648,9.080583],"to":[8.474006,9.060648,10.880583],"rotation":{"angle":22.5,"axis":"x","origin":[8.114006,8.160647,10.340583]},"faces":{"down":{"uv":[14.625,11.125,14.5,10.75],"rotation":0,"texture":"#0","tintindex":0},"east":{"uv":[14.25,8.125,13.875,8.5],"rotation":0,"texture":"#0","tintindex":0},"north":{"uv":[14.625,10.0,14.5,10.375],"rotation":0,"texture":"#0","tintindex":0},"south":{"uv":[8.75,14.5,8.625,14.875],"rotation":0,"texture":"#0","tintindex":0},"up":{"uv":[14.625,10.375,14.5,10.75],"rotation":0,"texture":"#0","tintindex":0},"west":{"uv":[9.25,13.875,8.875,14.25],"rotation":0,"texture":"#0","tintindex":0}}},{"name":"cube","from":[7.74799,5.4437284,5.5591345],"to":[8.34799,8.743729,8.859135],"rotation":{"angle":45.0,"axis":"x","origin":[3.8295004,5.4034615,5.899401]},"faces":{"down":{"uv":[6.75,13.375,6.625,14.125],"rotation":0,"texture":"#0","tintindex":0},"east":{"uv":[10.875,0.75,11.625,1.375],"rotation":0,"texture":"#0","tintindex":0},"north":{"uv":[8.375,14.125,8.5,14.75],"rotation":0,"texture":"#0","tintindex":0},"south":{"uv":[11.375,14.125,11.5,14.75],"rotation":0,"texture":"#0","tintindex":0},"up":{"uv":[8.25,9.375,8.125,8.625],"rotation":0,"texture":"#0","tintindex":0},"west":{"uv":[7.375,10.875,8.125,11.5],"rotation":0,"texture":"#0","tintindex":0}}},{"name":"cube","from":[7.14799,5.7437286,5.6491346],"to":[7.74799,8.443728,8.349135],"rotation":{"angle":45.0,"axis":"x","origin":[3.8295004,5.4034615,5.899401]},"faces":{"down":{"uv":[4.875,14.375,4.75,15.0],"rotation":0,"texture":"#0","tintindex":0},"east":{"uv":[12.25,10.125,12.875,10.625],"rotation":0,"texture":"#0","tintindex":0},"north":{"uv":[11.125,14.375,11.25,14.875],"rotation":0,"texture":"#0","tintindex":0},"south":{"uv":[11.25,14.375,11.375,14.875],"rotation":0,"texture":"#0","tintindex":0},"up":{"uv":[9.25,14.875,9.125,14.25],"rotation":0,"texture":"#0","tintindex":0},"west":{"uv":[10.375,12.25,11.0,12.75],"rotation":0,"texture":"#0","tintindex":0}}}],"display":{"head":{"translation":[0.0,-6.4,0.0],"rotation":[0.0,0.0,0.0],"scale":[3.8095,3.8095,3.8095]}}}