{"textures":{"0":"modelengine:entity/sm_artoriasknight"},"elements":[{"name":"cube","from":[7.33813,8.276829,8.212591],"to":[8.66187,9.600567,9.271372],"rotation":{"angle":0.0,"axis":"x","origin":[8.0,8.9387,8.861981]},"faces":{"down":{"uv":[5.375,14.375,5.125,14.625],"rotation":0,"texture":"#0","tintindex":0},"east":{"uv":[14.375,3.25,14.625,3.5],"rotation":0,"texture":"#0","tintindex":0},"north":{"uv":[5.0,12.875,5.25,13.125],"rotation":0,"texture":"#0","tintindex":0},"south":{"uv":[14.375,3.625,14.625,3.875],"rotation":0,"texture":"#0","tintindex":0},"up":{"uv":[5.125,14.625,4.875,14.375],"rotation":0,"texture":"#0","tintindex":0},"west":{"uv":[14.375,4.625,14.625,4.875],"rotation":0,"texture":"#0","tintindex":0}}},{"name":"cube","from":[7.3375998,7.358902,7.5781784],"to":[8.6624,9.478581,8.902978],"rotation":{"angle":45.0,"axis":"x","origin":[8.0,8.65874,7.940578]},"faces":{"down":{"uv":[3.875,13.875,3.625,14.375],"rotation":0,"texture":"#0","tintindex":0},"east":{"uv":[13.75,9.75,14.25,10.0],"rotation":0,"texture":"#0","tintindex":0},"north":{"uv":[14.375,5.125,14.625,5.375],"rotation":0,"texture":"#0","tintindex":0},"south":{"uv":[5.375,14.375,5.625,14.625],"rotation":0,"texture":"#0","tintindex":0},"up":{"uv":[10.875,0.5,10.625,0.0],"rotation":0,"texture":"#0","tintindex":0},"west":{"uv":[13.875,4.625,14.375,4.875],"rotation":0,"texture":"#0","tintindex":0}}}],"display":{"head":{"translation":[0.0,-6.4,0.0],"rotation":[0.0,0.0,0.0],"scale":[3.8095,3.8095,3.8095]}}}