{"textures":{"0":"modelengine:entity/barreleye_fish"},"elements":[{"from":[7.142857,8.967678,4.2621737],"to":[8.857143,10.110536,5.4050307],"rotation":{"angle":22.5,"axis":"x","origin":[7.142857,9.539107,4.833602]},"faces":{"east":{"uv":[4.775,7.525,5.225,7.975],"rotation":0,"texture":"#0","tintindex":0},"south":{"uv":[7.275,2.775,7.975,3.225],"rotation":0,"texture":"#0","tintindex":0},"north":{"uv":[5.775,5.025,6.475,5.475],"rotation":0,"texture":"#0","tintindex":0},"west":{"uv":[5.275,7.525,5.725,7.975],"rotation":0,"texture":"#0","tintindex":0},"up":{"uv":[7.975,3.725,7.275,3.275],"rotation":0,"texture":"#0","tintindex":0},"down":{"uv":[1.975,7.525,1.275,7.975],"rotation":0,"texture":"#0","tintindex":0}}},{"from":[6.285714,8.0,8.0],"to":[9.714286,12.571428,11.428572],"rotation":{"angle":0.0,"axis":"y","origin":[8.0,8.0,8.0]},"faces":{"east":{"uv":[2.975,2.025,1.525,3.975],"rotation":0,"texture":"#0","tintindex":0},"south":{"uv":[0.025,2.025,1.475,3.975],"rotation":0,"texture":"#0","tintindex":0},"north":{"uv":[0.025,0.025,1.475,1.975],"rotation":0,"texture":"#0","tintindex":0},"west":{"uv":[1.525,2.025,2.975,3.975],"rotation":0,"texture":"#0","tintindex":0},"up":{"uv":[1.475,5.475,0.025,4.025],"rotation":0,"texture":"#0","tintindex":0},"down":{"uv":[2.975,4.025,1.525,5.475],"rotation":0,"texture":"#0","tintindex":0}}},{"from":[8.0,12.0,9.142858],"to":[8.0,14.285715,12.0],"rotation":{"angle":22.5,"axis":"x","origin":[8.0,13.428572,10.0]},"faces":{"east":{"uv":[6.475,6.525,5.275,7.475],"rotation":0,"texture":"#0","tintindex":0},"south":{"uv":[0.025,0.025,0.025,0.975],"rotation":0,"texture":"#0","tintindex":0},"north":{"uv":[0.025,0.025,0.025,0.975],"rotation":0,"texture":"#0","tintindex":0},"west":{"uv":[5.275,6.525,6.475,7.475],"rotation":0,"texture":"#0","tintindex":0},"up":{"uv":[0.025,1.225,0.025,0.025],"rotation":0,"texture":"#0","tintindex":0},"down":{"uv":[0.025,0.025,0.025,1.225],"rotation":0,"texture":"#0","tintindex":0}}},{"from":[6.285714,8.0,5.142857],"to":[9.714286,10.285714,8.0],"rotation":{"angle":0.0,"axis":"y","origin":[8.0,8.0,8.0]},"faces":{"east":{"uv":[6.525,1.275,7.725,2.225],"rotation":0,"texture":"#0","tintindex":0},"south":{"uv":[4.025,5.525,5.475,6.475],"rotation":0,"texture":"#0","tintindex":0},"north":{"uv":[1.525,5.525,2.975,6.475],"rotation":0,"texture":"#0","tintindex":0},"west":{"uv":[1.525,6.525,2.725,7.475],"rotation":0,"texture":"#0","tintindex":0},"up":{"uv":[5.725,4.225,4.275,3.025],"rotation":0,"texture":"#0","tintindex":0},"down":{"uv":[5.725,4.275,4.275,5.475],"rotation":0,"texture":"#0","tintindex":0}}},{"from":[6.285714,10.285714,5.142857],"to":[9.714286,12.571428,8.0],"rotation":{"angle":0.0,"axis":"y","origin":[8.0,8.0,8.0]},"faces":{"east":{"uv":[6.775,3.775,7.975,4.725],"rotation":0,"texture":"#0","tintindex":0},"south":{"uv":[5.775,2.775,7.225,3.725],"rotation":0,"texture":"#0","tintindex":0},"north":{"uv":[5.525,5.525,6.975,6.475],"rotation":0,"texture":"#0","tintindex":0},"west":{"uv":[7.025,0.025,8.225,0.975],"rotation":0,"texture":"#0","tintindex":0},"up":{"uv":[1.475,6.725,0.025,5.525],"rotation":0,"texture":"#0","tintindex":0},"down":{"uv":[6.975,0.025,5.525,1.225],"rotation":0,"texture":"#0","tintindex":0}}},{"from":[6.5714283,10.285714,6.285714],"to":[9.428572,11.428572,8.0],"rotation":{"angle":0.0,"axis":"y","origin":[8.0,8.0,8.0]},"faces":{"east":{"uv":[2.025,7.525,2.725,7.975],"rotation":0,"texture":"#0","tintindex":0},"south":{"uv":[2.775,7.275,3.975,7.725],"rotation":0,"texture":"#0","tintindex":0},"north":{"uv":[6.525,2.275,7.725,2.725],"rotation":0,"texture":"#0","tintindex":0},"west":{"uv":[4.025,7.525,4.725,7.975],"rotation":0,"texture":"#0","tintindex":0},"up":{"uv":[7.975,5.475,6.775,4.775],"rotation":0,"texture":"#0","tintindex":0},"down":{"uv":[8.225,5.525,7.025,6.225],"rotation":0,"texture":"#0","tintindex":0}}}],"display":{"head":{"translation":[0.0,-6.4,0.0],"scale":[4.0,4.0,4.0]}}}