{"textures":{"0":"modelengine:entity/barreleye_fish"},"elements":[{"from":[6.857143,6.285714,7.428571],"to":[9.142858,9.714286,10.285714],"rotation":{"angle":0.0,"axis":"y","origin":[8.0,6.285714,4.5714283]},"faces":{"east":{"uv":[5.475,1.525,4.275,2.975],"rotation":0,"texture":"#0","tintindex":0},"south":{"uv":[5.525,1.275,6.475,2.725],"rotation":0,"texture":"#0","tintindex":0},"north":{"uv":[3.025,4.525,3.975,5.975],"rotation":0,"texture":"#0","tintindex":0},"west":{"uv":[4.275,1.525,5.475,2.975],"rotation":0,"texture":"#0","tintindex":0},"up":{"uv":[6.725,4.975,5.775,3.775],"rotation":0,"texture":"#0","tintindex":0},"down":{"uv":[3.975,6.025,3.025,7.225],"rotation":0,"texture":"#0","tintindex":0}}},{"from":[8.0,5.714286,10.285714],"to":[8.0,10.857143,13.142858],"rotation":{"angle":0.0,"axis":"y","origin":[8.0,6.285714,4.5714283]},"faces":{"east":{"uv":[3.025,0.025,4.225,2.225],"rotation":0,"texture":"#0","tintindex":0},"south":{"uv":[0.025,0.025,0.025,2.225],"rotation":0,"texture":"#0","tintindex":0},"north":{"uv":[0.025,0.025,0.025,2.225],"rotation":0,"texture":"#0","tintindex":0},"west":{"uv":[4.225,0.025,3.025,2.225],"rotation":0,"texture":"#0","tintindex":0},"up":{"uv":[0.025,1.225,0.025,0.025],"rotation":0,"texture":"#0","tintindex":0},"down":{"uv":[0.025,0.025,0.025,1.225],"rotation":0,"texture":"#0","tintindex":0}}}],"display":{"head":{"translation":[0.0,-6.4,0.0],"scale":[4.0,4.0,4.0]}}}